Build started 25-01-2026 10:33:05 pm.
Logging verbosity is set to: Detailed.     0>Terminal Logger was not used because the output is being redirected to a file.
       Process = "C:\Program Files\dotnet\dotnet.exe"
       MSBuild executable path = "C:\Program Files\dotnet\sdk\9.0.302\MSBuild.dll"
       Command line arguments = "C:\Program Files\dotnet\sdk\9.0.302\MSBuild.dll -maxcpucount -verbosity:m -tlp:default=auto -nologo -restore -consoleloggerparameters:Summary Presentation/EnvanteriX.WebUI/EnvanteriX.WebUI.csproj /flp:logfile=build.log /flp:verbosity=detailed -distributedlogger:Microsoft.DotNet.Tools.MSBuild.MSBuildLogger,C:\Program Files\dotnet\sdk\9.0.302\dotnet.dll*Microsoft.DotNet.Tools.MSBuild.MSBuildForwardingLogger,C:\Program Files\dotnet\sdk\9.0.302\dotnet.dll"
       Current directory = "C:\Users\MBEYAZBULUT\Documents\GitHub\EnvanteriX"
       MSBuild version = "17.14.13+65391c53b"
       Based on the Windows registry key LongPathsEnabled, the LongPaths feature is enabled.
       Based on the Windows registry key VerifiedAndReputablePolicyState, SAC state = 0: turned off.
       Assembly loaded during Evaluation: System.ServiceProcess.ServiceController, Version=9.0.0.7, Culture=neutral, PublicKeyToken=b03f5f7f11d50a3a (location: C:\Program Files\dotnet\sdk\9.0.302\runtimes\win\lib\net9.0\System.ServiceProcess.ServiceController.dll, MVID: 9e3f03cc-0881-4fde-b6e2-7eb01de91a19, AssemblyLoadContext: Default)
       The SDK "Microsoft.NET.Sdk.Web" was successfully resolved by the "DefaultSdkResolver" resolver to location "C:\Program Files\dotnet\sdk\9.0.302\Sdks\Microsoft.NET.Sdk.Web\Sdk" and version "".
       Assembly loaded during Evaluation: NuGet.Frameworks, Version=6.14.0.116, Culture=neutral, PublicKeyToken=31bf3856ad364e35 (location: C:\Program Files\dotnet\sdk\9.0.302\NuGet.Frameworks.dll, MVID: 6b5909cd-5145-46c4-9595-25461e82c126, AssemblyLoadContext: Assembly.LoadFile(C:\Program Files\dotnet\sdk\9.0.302\NuGet.Frameworks.dll))
       The SDK "Microsoft.NET.Sdk" was successfully resolved by the "DefaultSdkResolver" resolver to location "C:\Program Files\dotnet\sdk\9.0.302\Sdks\Microsoft.NET.Sdk\Sdk" and version "".
       C:\Program Files\dotnet\sdk\9.0.302\Sdks\Microsoft.NET.Sdk\Sdk\Sdk.props(49,11): message : Property 'MSBuildExtensionsPath' with value 'C:\Program Files\dotnet\sdk\9.0.302\' expanded from the environment.
       Assembly loaded during Evaluation: System.Threading.ThreadPool, Version=9.0.0.0, Culture=neutral, PublicKeyToken=b03f5f7f11d50a3a (location: C:\Program Files\dotnet\shared\Microsoft.NETCore.App\9.0.7\System.Threading.ThreadPool.dll, MVID: 835dfd78-adcb-409a-913a-df59c3cf2ab6, AssemblyLoadContext: Default)
       C:\Program Files\dotnet\sdk\9.0.302\Current\Microsoft.Common.props(60,5): message : Property reassignment: $(MSBuildProjectExtensionsPath)="C:\Users\MBEYAZBULUT\Documents\GitHub\EnvanteriX\Presentation\EnvanteriX.WebUI\obj\" (previous value: "obj\") at C:\Program Files\dotnet\sdk\9.0.302\Current\Microsoft.Common.props (60,5)
       C:\Program Files\dotnet\sdk\9.0.302\Current\Microsoft.Common.props(84,119): message : Property 'MSBuildUserExtensionsPath' with value 'C:\Users\MBEYAZBULUT\AppData\Local\Microsoft\MSBuild' expanded from the environment.
       C:\Program Files\dotnet\sdk\9.0.302\Sdks\Microsoft.NET.Sdk\targets\Microsoft.NET.Sdk.props(90,5): message : Property reassignment: $(AssemblySearchPaths)="{CandidateAssemblyFiles};{HintPathFromItem}" (previous value: "{CandidateAssemblyFiles}") at C:\Program Files\dotnet\sdk\9.0.302\Sdks\Microsoft.NET.Sdk\targets\Microsoft.NET.Sdk.props (90,5)
       C:\Program Files\dotnet\sdk\9.0.302\Sdks\Microsoft.NET.Sdk\targets\Microsoft.NET.Sdk.props(91,5): message : Property reassignment: $(AssemblySearchPaths)="{CandidateAssemblyFiles};{HintPathFromItem};{TargetFrameworkDirectory}" (previous value: "{CandidateAssemblyFiles};{HintPathFromItem}") at C:\Program Files\dotnet\sdk\9.0.302\Sdks\Microsoft.NET.Sdk\targets\Microsoft.NET.Sdk.props (91,5)
       C:\Program Files\dotnet\sdk\9.0.302\Sdks\Microsoft.NET.Sdk\targets\Microsoft.NET.Sdk.props(92,5): message : Property reassignment: $(AssemblySearchPaths)="{CandidateAssemblyFiles};{HintPathFromItem};{TargetFrameworkDirectory};{RawFileName}" (previous value: "{CandidateAssemblyFiles};{HintPathFromItem};{TargetFrameworkDirectory}") at C:\Program Files\dotnet\sdk\9.0.302\Sdks\Microsoft.NET.Sdk\targets\Microsoft.NET.Sdk.props (92,5)
       The "DefaultSdkResolver" resolver attempted to resolve the SDK "Microsoft.NET.SDK.WorkloadAutoImportPropsLocator".
       Warnings: null
       Errors: MSB4276: The default SDK resolver failed to resolve SDK "Microsoft.NET.SDK.WorkloadAutoImportPropsLocator" because directory "C:\Program Files\dotnet\sdk\9.0.302\Sdks\Microsoft.NET.SDK.WorkloadAutoImportPropsLocator\Sdk" did not exist.
       Assembly loaded during Evaluation: System.Net.Sockets, Version=9.0.0.0, Culture=neutral, PublicKeyToken=b03f5f7f11d50a3a (location: C:\Program Files\dotnet\shared\Microsoft.NETCore.App\9.0.7\System.Net.Sockets.dll, MVID: f81b6f7a-6ac0-44f4-bfdf-87e241efffdd, AssemblyLoadContext: Default)
       Assembly loaded during Evaluation: Microsoft.Build.NuGetSdkResolver, Version=6.14.0.116, Culture=neutral, PublicKeyToken=31bf3856ad364e35 (location: C:\Program Files\dotnet\sdk\9.0.302\Microsoft.Build.NuGetSdkResolver.dll, MVID: ee5cca45-a90e-417e-aaf7-f0e96f222226, AssemblyLoadContext: MSBuild plugin C:\Program Files\dotnet\sdk\9.0.302\Microsoft.Build.NuGetSdkResolver.dll)
       Assembly loaded during Evaluation: System.Threading.Overlapped, Version=9.0.0.0, Culture=neutral, PublicKeyToken=b03f5f7f11d50a3a (location: C:\Program Files\dotnet\shared\Microsoft.NETCore.App\9.0.7\System.Threading.Overlapped.dll, MVID: 0605fc7e-6df9-4b3d-99a1-fe0606bfc111, AssemblyLoadContext: Default)
       Assembly loaded during Evaluation: System.Reflection.Metadata, Version=9.0.0.0, Culture=neutral, PublicKeyToken=b03f5f7f11d50a3a (location: C:\Program Files\dotnet\shared\Microsoft.NETCore.App\9.0.7\System.Reflection.Metadata.dll, MVID: 6e38b5f6-9f55-41d1-a506-a57a273571f1, AssemblyLoadContext: Default)
       Assembly loaded during Evaluation: NuGet.Common, Version=6.14.0.116, Culture=neutral, PublicKeyToken=31bf3856ad364e35 (location: C:\Program Files\dotnet\sdk\9.0.302\NuGet.Common.dll, MVID: 0fbb79ae-e358-4591-bc91-e34371a3d05b, AssemblyLoadContext: MSBuild plugin C:\Program Files\dotnet\sdk\9.0.302\Microsoft.Build.NuGetSdkResolver.dll)
       Assembly loaded during Evaluation: Microsoft.NET.Sdk.WorkloadMSBuildSdkResolver, Version=9.0.302.0, Culture=neutral, PublicKeyToken=31bf3856ad364e35 (location: C:\Program Files\dotnet\sdk\9.0.302\Microsoft.NET.Sdk.WorkloadMSBuildSdkResolver.dll, MVID: 49fe4bce-2222-44ea-8759-fe0971817860, AssemblyLoadContext: MSBuild plugin C:\Program Files\dotnet\sdk\9.0.302\Microsoft.NET.Sdk.WorkloadMSBuildSdkResolver.dll)
       Assembly loaded during Evaluation: Microsoft.DotNet.Cli.Utils, Version=9.0.302.0, Culture=neutral, PublicKeyToken=adb9793829ddae60 (location: C:\Program Files\dotnet\sdk\9.0.302\Microsoft.DotNet.Cli.Utils.dll, MVID: e1d3a3c2-74a7-4f13-b59f-b8da1c26061a, AssemblyLoadContext: MSBuild plugin C:\Program Files\dotnet\sdk\9.0.302\Microsoft.NET.Sdk.WorkloadMSBuildSdkResolver.dll)
       Assembly loaded during Evaluation: Microsoft.NET.Sdk.WorkloadManifestReader, Version=9.0.302.0, Culture=neutral, PublicKeyToken=adb9793829ddae60 (location: C:\Program Files\dotnet\sdk\9.0.302\Microsoft.NET.Sdk.WorkloadManifestReader.dll, MVID: dd74f125-7109-49ce-b485-56580be93492, AssemblyLoadContext: MSBuild plugin C:\Program Files\dotnet\sdk\9.0.302\Microsoft.NET.Sdk.WorkloadMSBuildSdkResolver.dll)
       Assembly loaded during Evaluation: Microsoft.Deployment.DotNet.Releases, Version=2.0.0.0, Culture=neutral, PublicKeyToken=31bf3856ad364e35 (location: C:\Program Files\dotnet\sdk\9.0.302\Microsoft.Deployment.DotNet.Releases.dll, MVID: 400d16c0-099c-46d2-bc0e-802a0637399b, AssemblyLoadContext: MSBuild plugin C:\Program Files\dotnet\sdk\9.0.302\Microsoft.NET.Sdk.WorkloadMSBuildSdkResolver.dll)
       Assembly loaded during Evaluation: System.Security.Principal.Windows, Version=9.0.0.0, Culture=neutral, PublicKeyToken=b03f5f7f11d50a3a (location: C:\Program Files\dotnet\shared\Microsoft.NETCore.App\9.0.7\System.Security.Principal.Windows.dll, MVID: 6a21f586-3373-48e0-a1e9-9007809228b6, AssemblyLoadContext: Default)
       Assembly loaded during Evaluation: System.Security.Claims, Version=9.0.0.0, Culture=neutral, PublicKeyToken=b03f5f7f11d50a3a (location: C:\Program Files\dotnet\shared\Microsoft.NETCore.App\9.0.7\System.Security.Claims.dll, MVID: e4cd48bb-c475-4ddf-b627-2139b7a51032, AssemblyLoadContext: Default)
       Assembly loaded during Evaluation: System.Collections.NonGeneric, Version=9.0.0.0, Culture=neutral, PublicKeyToken=b03f5f7f11d50a3a (location: C:\Program Files\dotnet\shared\Microsoft.NETCore.App\9.0.7\System.Collections.NonGeneric.dll, MVID: 352ea4aa-6a9d-4932-a019-6e2b32407bd8, AssemblyLoadContext: Default)
       The SDK "Microsoft.NET.SDK.WorkloadAutoImportPropsLocator" was successfully resolved by the "Microsoft.DotNet.MSBuildWorkloadSdkResolver" resolver to location "C:\Program Files\dotnet\packs\Microsoft.Android.Sdk.Windows\35.0.105\Sdk" and version "null".
       C:\Program Files\dotnet\sdk\9.0.302\Sdks\Microsoft.NET.Sdk\targets\Microsoft.NET.PackProjectTool.props(15,5): message : Property reassignment: $(TargetsForTfmSpecificContentInPackage)=";PackTool;_PackProjectToolValidation" (previous value: ";PackTool") at C:\Program Files\dotnet\sdk\9.0.302\Sdks\Microsoft.NET.Sdk\targets\Microsoft.NET.PackProjectTool.props (15,5)
       The SDK "Microsoft.NET.Sdk.Razor" was successfully resolved by the "DefaultSdkResolver" resolver to location "C:\Program Files\dotnet\sdk\9.0.302\Sdks\Microsoft.NET.Sdk.Razor\Sdk" and version "".
       The SDK "Microsoft.NET.Sdk.StaticWebAssets" was successfully resolved by the "DefaultSdkResolver" resolver to location "C:\Program Files\dotnet\sdk\9.0.302\Sdks\Microsoft.NET.Sdk.StaticWebAssets\Sdk" and version "".
       C:\Program Files\dotnet\sdk\9.0.302\Sdks\Microsoft.NET.Sdk.StaticWebAssets\Sdk\Sdk.StaticWebAssets.StaticAssets.ProjectSystem.props(23,5): message : Property reassignment: $(DefaultItemExcludes)=";**\node_modules\**;node_modules\**;**\jspm_packages\**;jspm_packages\**" (previous value: ";**\node_modules\**;node_modules\**") at C:\Program Files\dotnet\sdk\9.0.302\Sdks\Microsoft.NET.Sdk.StaticWebAssets\Sdk\Sdk.StaticWebAssets.StaticAssets.ProjectSystem.props (23,5)
       C:\Program Files\dotnet\sdk\9.0.302\Sdks\Microsoft.NET.Sdk.StaticWebAssets\Sdk\Sdk.StaticWebAssets.StaticAssets.ProjectSystem.props(24,5): message : Property reassignment: $(DefaultItemExcludes)=";**\node_modules\**;node_modules\**;**\jspm_packages\**;jspm_packages\**;**\bower_components\**;bower_components\**" (previous value: ";**\node_modules\**;node_modules\**;**\jspm_packages\**;jspm_packages\**") at C:\Program Files\dotnet\sdk\9.0.302\Sdks\Microsoft.NET.Sdk.StaticWebAssets\Sdk\Sdk.StaticWebAssets.StaticAssets.ProjectSystem.props (24,5)
       C:\Program Files\dotnet\sdk\9.0.302\Sdks\Microsoft.NET.Sdk.StaticWebAssets\Sdk\Sdk.StaticWebAssets.StaticAssets.ProjectSystem.props(25,5): message : Property reassignment: $(DefaultItemExcludes)=";**\node_modules\**;node_modules\**;**\jspm_packages\**;jspm_packages\**;**\bower_components\**;bower_components\**;**\packages.lock.json" (previous value: ";**\node_modules\**;node_modules\**;**\jspm_packages\**;jspm_packages\**;**\bower_components\**;bower_components\**") at C:\Program Files\dotnet\sdk\9.0.302\Sdks\Microsoft.NET.Sdk.StaticWebAssets\Sdk\Sdk.StaticWebAssets.StaticAssets.ProjectSystem.props (25,5)
       The SDK "Microsoft.NET.Sdk.Web.ProjectSystem" was successfully resolved by the "DefaultSdkResolver" resolver to location "C:\Program Files\dotnet\sdk\9.0.302\Sdks\Microsoft.NET.Sdk.Web.ProjectSystem\Sdk" and version "".
       C:\Program Files\dotnet\sdk\9.0.302\Sdks\Microsoft.NET.Sdk.Web.ProjectSystem\targets\Microsoft.NET.Sdk.Web.ProjectSystem.props(16,5): message : Property reassignment: $(OutputType)="Exe" (previous value: "Library") at C:\Program Files\dotnet\sdk\9.0.302\Sdks\Microsoft.NET.Sdk.Web.ProjectSystem\targets\Microsoft.NET.Sdk.Web.ProjectSystem.props (16,5)
       The SDK "Microsoft.NET.Sdk.Publish" was successfully resolved by the "DefaultSdkResolver" resolver to location "C:\Program Files\dotnet\sdk\9.0.302\Sdks\Microsoft.NET.Sdk.Publish\Sdk" and version "".
       C:\Program Files\dotnet\sdk\9.0.302\Sdks\Microsoft.NET.Sdk\targets\Microsoft.NET.Sdk.ImportPublishProfile.targets(28,5): message : Property reassignment: $(PublishProfileImported)="false" (previous value: "true") at C:\Program Files\dotnet\sdk\9.0.302\Sdks\Microsoft.NET.Sdk\targets\Microsoft.NET.Sdk.ImportPublishProfile.targets (28,5)
       C:\Program Files\dotnet\sdk\9.0.302\Sdks\Microsoft.NET.Sdk\targets\Microsoft.NET.TargetFrameworkInference.targets(69,5): message : Property reassignment: $(TargetPlatformVersion)="" (previous value: "0.0") at C:\Program Files\dotnet\sdk\9.0.302\Sdks\Microsoft.NET.Sdk\targets\Microsoft.NET.TargetFrameworkInference.targets (69,5)
       C:\Program Files\dotnet\sdk\9.0.302\Sdks\Microsoft.NET.Sdk\targets\Microsoft.NET.DefaultOutputPaths.targets(121,5): message : Property reassignment: $(DefaultItemExcludes)=";**\node_modules\**;node_modules\**;**\jspm_packages\**;jspm_packages\**;**\bower_components\**;bower_components\**;**\packages.lock.json;bin\Debug\/**" (previous value: ";**\node_modules\**;node_modules\**;**\jspm_packages\**;jspm_packages\**;**\bower_components\**;bower_components\**;**\packages.lock.json") at C:\Program Files\dotnet\sdk\9.0.302\Sdks\Microsoft.NET.Sdk\targets\Microsoft.NET.DefaultOutputPaths.targets (121,5)
       C:\Program Files\dotnet\sdk\9.0.302\Sdks\Microsoft.NET.Sdk\targets\Microsoft.NET.DefaultOutputPaths.targets(122,5): message : Property reassignment: $(DefaultItemExcludes)=";**\node_modules\**;node_modules\**;**\jspm_packages\**;jspm_packages\**;**\bower_components\**;bower_components\**;**\packages.lock.json;bin\Debug\/**;obj\Debug\/**" (previous value: ";**\node_modules\**;node_modules\**;**\jspm_packages\**;jspm_packages\**;**\bower_components\**;bower_components\**;**\packages.lock.json;bin\Debug\/**") at C:\Program Files\dotnet\sdk\9.0.302\Sdks\Microsoft.NET.Sdk\targets\Microsoft.NET.DefaultOutputPaths.targets (122,5)
       C:\Program Files\dotnet\sdk\9.0.302\Sdks\Microsoft.NET.Sdk\targets\Microsoft.NET.DefaultOutputPaths.targets(137,5): message : Property reassignment: $(OutputPath)="bin\Debug\net9.0\" (previous value: "bin\Debug\") at C:\Program Files\dotnet\sdk\9.0.302\Sdks\Microsoft.NET.Sdk\targets\Microsoft.NET.DefaultOutputPaths.targets (137,5)
       C:\Program Files\dotnet\sdk\9.0.302\Sdks\Microsoft.NET.Sdk\targets\Microsoft.NET.DefaultOutputPaths.targets(142,5): message : Property reassignment: $(IntermediateOutputPath)="obj\Debug\net9.0\" (previous value: "obj\Debug\") at C:\Program Files\dotnet\sdk\9.0.302\Sdks\Microsoft.NET.Sdk\targets\Microsoft.NET.DefaultOutputPaths.targets (142,5)
       The "DefaultSdkResolver" resolver attempted to resolve the SDK "Microsoft.NET.SDK.WorkloadManifestTargetsLocator".
       Warnings: null
       Errors: MSB4276: The default SDK resolver failed to resolve SDK "Microsoft.NET.SDK.WorkloadManifestTargetsLocator" because directory "C:\Program Files\dotnet\sdk\9.0.302\Sdks\Microsoft.NET.SDK.WorkloadManifestTargetsLocator\Sdk" did not exist.
       The SDK "Microsoft.NET.SDK.WorkloadManifestTargetsLocator" was successfully resolved by the "Microsoft.DotNet.MSBuildWorkloadSdkResolver" resolver to location "C:\Program Files\dotnet\sdk-manifests\9.0.100\microsoft.net.sdk.android\35.0.105" and version "null".
       C:\Program Files\dotnet\sdk\9.0.302\Sdks\Microsoft.NET.Sdk\targets\Microsoft.NET.Sdk.BeforeCommon.targets(187,5): message : Property reassignment: $(_FrameworkIdentifierForImplicitDefine)="NET" (previous value: "NETCOREAPP") at C:\Program Files\dotnet\sdk\9.0.302\Sdks\Microsoft.NET.Sdk\targets\Microsoft.NET.Sdk.BeforeCommon.targets (187,5)
       C:\Program Files\dotnet\sdk\9.0.302\Sdks\Microsoft.NET.Sdk\targets\Microsoft.NET.Sdk.BeforeCommon.targets(192,5): message : Property reassignment: $(_FrameworkVersionForImplicitDefine)="9_0" (previous value: "9.0") at C:\Program Files\dotnet\sdk\9.0.302\Sdks\Microsoft.NET.Sdk\targets\Microsoft.NET.Sdk.BeforeCommon.targets (192,5)
       C:\Program Files\dotnet\sdk\9.0.302\Roslyn\Microsoft.CSharp.Core.targets(200,5): message : Property reassignment: $(CommandLineArgsForDesignTimeEvaluation)="-langversion:13.0 -define:TRACE" (previous value: "-langversion:13.0") at C:\Program Files\dotnet\sdk\9.0.302\Roslyn\Microsoft.CSharp.Core.targets (200,5)
       Assembly loaded during Evaluation: Microsoft.Build.Utilities.Core, Version=15.1.0.0, Culture=neutral, PublicKeyToken=b03f5f7f11d50a3a (location: C:\Program Files\dotnet\sdk\9.0.302\Microsoft.Build.Utilities.Core.dll, MVID: 2000cbb9-9145-4991-a19a-93118dd860c2, AssemblyLoadContext: Default)
       C:\Program Files\dotnet\sdk\9.0.302\Microsoft.Common.CurrentVersion.targets(175,5): message : Property reassignment: $(_DebugSymbolsProduced)="true" (previous value: "false") at C:\Program Files\dotnet\sdk\9.0.302\Microsoft.Common.CurrentVersion.targets (175,5)
       C:\Program Files\dotnet\sdk\9.0.302\Microsoft.Common.CurrentVersion.targets(185,5): message : Property reassignment: $(_DocumentationFileProduced)="false" (previous value: "true") at C:\Program Files\dotnet\sdk\9.0.302\Microsoft.Common.CurrentVersion.targets (185,5)
       C:\Program Files\dotnet\sdk\9.0.302\Microsoft.Common.CurrentVersion.targets(392,5): message : Property reassignment: $(MSBuildCopyMarkerName)="Envanter.E28C732A" (previous value: "EnvanteriX.WebUI.csproj") at C:\Program Files\dotnet\sdk\9.0.302\Microsoft.Common.CurrentVersion.targets (392,5)
       C:\Program Files\dotnet\sdk\9.0.302\Microsoft.Common.CurrentVersion.targets(393,5): message : Property reassignment: $(MSBuildCopyMarkerName)="Envanter.E28C732A.Up2Date" (previous value: "Envanter.E28C732A") at C:\Program Files\dotnet\sdk\9.0.302\Microsoft.Common.CurrentVersion.targets (393,5)
       C:\Program Files\dotnet\sdk\9.0.302\Microsoft.Common.CurrentVersion.targets(541,5): message : Property reassignment: $(ProcessorArchitecture)="msil" (previous value: "") at C:\Program Files\dotnet\sdk\9.0.302\Microsoft.Common.CurrentVersion.targets (541,5)
       C:\Program Files\dotnet\sdk\9.0.302\Microsoft.Common.CurrentVersion.targets(580,5): message : Property reassignment: $(DelaySign)="" (previous value: "false") at C:\Program Files\dotnet\sdk\9.0.302\Microsoft.Common.CurrentVersion.targets (580,5)
       C:\Program Files\dotnet\sdk\9.0.302\Microsoft.Common.CurrentVersion.targets(1188,5): message : Property reassignment: $(PrepareForBuildDependsOn)="BundleMinify;;GetFrameworkPaths;GetReferenceAssemblyPaths;AssignLinkMetadata" (previous value: "BundleMinify;") at C:\Program Files\dotnet\sdk\9.0.302\Microsoft.Common.CurrentVersion.targets (1188,5)
       C:\Program Files\dotnet\sdk\9.0.302\Microsoft.Common.CurrentVersion.targets(2620,5): message : Property 'LOCALAPPDATA' with value 'C:\Users\MBEYAZBULUT\AppData\Local' expanded from the environment.
       C:\Program Files\dotnet\sdk\9.0.302\Microsoft.Common.CurrentVersion.targets(3948,5): message : Property reassignment: $(_SGenGenerateSerializationAssembliesConfig)="Auto" (previous value: "") at C:\Program Files\dotnet\sdk\9.0.302\Microsoft.Common.CurrentVersion.targets (3948,5)
       C:\Program Files\dotnet\sdk\9.0.302\Microsoft.Common.CurrentVersion.targets(3949,5): message : Property reassignment: $(_SGenGenerateSerializationAssembliesConfig)="Off" (previous value: "Auto") at C:\Program Files\dotnet\sdk\9.0.302\Microsoft.Common.CurrentVersion.targets (3949,5)
       C:\Program Files\dotnet\sdk\9.0.302\Microsoft.Common.CurrentVersion.targets(5160,5): message : Property reassignment: $(_TargetsThatPrepareProjectReferences)="
       C:\Program Files\dotnet\sdk\9.0.302\Microsoft.Common.CurrentVersion.targets(5160,5): message :       AssignProjectConfiguration;
       C:\Program Files\dotnet\sdk\9.0.302\Microsoft.Common.CurrentVersion.targets(5160,5): message :       _SplitProjectReferencesByFileExistence
       C:\Program Files\dotnet\sdk\9.0.302\Microsoft.Common.CurrentVersion.targets(5160,5): message :     " (previous value: "_SplitProjectReferencesByFileExistence") at C:\Program Files\dotnet\sdk\9.0.302\Microsoft.Common.CurrentVersion.targets (5160,5)
       C:\Program Files\dotnet\sdk\9.0.302\Microsoft.Common.CurrentVersion.targets(6955,5): message : Property 'MSBuildExtensionsPath32' with value 'C:\Program Files\dotnet\sdk\9.0.302' expanded from the environment.
       Assembly loaded during Evaluation: System.Threading.Tasks.Parallel, Version=9.0.0.0, Culture=neutral, PublicKeyToken=b03f5f7f11d50a3a (location: C:\Program Files\dotnet\shared\Microsoft.NETCore.App\9.0.7\System.Threading.Tasks.Parallel.dll, MVID: 4de5d855-9345-49aa-a301-03a826627923, AssemblyLoadContext: Default)
       C:\Program Files\dotnet\sdk\9.0.302\Sdks\Microsoft.NET.Sdk\targets\Microsoft.PackageDependencyResolution.targets(24,5): message : Property reassignment: $(ProjectAssetsFile)="C:\Users\MBEYAZBULUT\Documents\GitHub\EnvanteriX\Presentation\EnvanteriX.WebUI\obj\project.assets.json" (previous value: "C:\Users\MBEYAZBULUT\Documents\GitHub\EnvanteriX\Presentation\EnvanteriX.WebUI\obj\/project.assets.json") at C:\Program Files\dotnet\sdk\9.0.302\Sdks\Microsoft.NET.Sdk\targets\Microsoft.PackageDependencyResolution.targets (24,5)
       C:\Program Files\dotnet\sdk\9.0.302\Sdks\Microsoft.NET.Sdk\targets\Microsoft.PackageDependencyResolution.targets(29,5): message : Property reassignment: $(ProjectAssetsCacheFile)="C:\Users\MBEYAZBULUT\Documents\GitHub\EnvanteriX\Presentation\EnvanteriX.WebUI\obj\Debug\net9.0\EnvanteriX.WebUI.assets.cache" (previous value: "obj\Debug\net9.0\EnvanteriX.WebUI.assets.cache") at C:\Program Files\dotnet\sdk\9.0.302\Sdks\Microsoft.NET.Sdk\targets\Microsoft.PackageDependencyResolution.targets (29,5)
       C:\Program Files\dotnet\sdk\9.0.302\Sdks\Microsoft.NET.Sdk\targets\Microsoft.PackageDependencyResolution.targets(80,5): message : Property reassignment: $(ResolveAssemblyReferencesDependsOn)="
       C:\Program Files\dotnet\sdk\9.0.302\Sdks\Microsoft.NET.Sdk\targets\Microsoft.PackageDependencyResolution.targets(80,5): message :       
       C:\Program Files\dotnet\sdk\9.0.302\Sdks\Microsoft.NET.Sdk\targets\Microsoft.PackageDependencyResolution.targets(80,5): message :       ResolveProjectReferences;
       C:\Program Files\dotnet\sdk\9.0.302\Sdks\Microsoft.NET.Sdk\targets\Microsoft.PackageDependencyResolution.targets(80,5): message :       FindInvalidProjectReferences;
       C:\Program Files\dotnet\sdk\9.0.302\Sdks\Microsoft.NET.Sdk\targets\Microsoft.PackageDependencyResolution.targets(80,5): message :       GetFrameworkPaths;
       C:\Program Files\dotnet\sdk\9.0.302\Sdks\Microsoft.NET.Sdk\targets\Microsoft.PackageDependencyResolution.targets(80,5): message :       GetReferenceAssemblyPaths;
       C:\Program Files\dotnet\sdk\9.0.302\Sdks\Microsoft.NET.Sdk\targets\Microsoft.PackageDependencyResolution.targets(80,5): message :       PrepareForBuild;
       C:\Program Files\dotnet\sdk\9.0.302\Sdks\Microsoft.NET.Sdk\targets\Microsoft.PackageDependencyResolution.targets(80,5): message :       ResolveSDKReferences;
       C:\Program Files\dotnet\sdk\9.0.302\Sdks\Microsoft.NET.Sdk\targets\Microsoft.PackageDependencyResolution.targets(80,5): message :       ExpandSDKReferences;
       C:\Program Files\dotnet\sdk\9.0.302\Sdks\Microsoft.NET.Sdk\targets\Microsoft.PackageDependencyResolution.targets(80,5): message :     ;
       C:\Program Files\dotnet\sdk\9.0.302\Sdks\Microsoft.NET.Sdk\targets\Microsoft.PackageDependencyResolution.targets(80,5): message :       ResolvePackageDependenciesForBuild;
       C:\Program Files\dotnet\sdk\9.0.302\Sdks\Microsoft.NET.Sdk\targets\Microsoft.PackageDependencyResolution.targets(80,5): message :       _HandlePackageFileConflicts;
       C:\Program Files\dotnet\sdk\9.0.302\Sdks\Microsoft.NET.Sdk\targets\Microsoft.PackageDependencyResolution.targets(80,5): message :     " (previous value: "
       C:\Program Files\dotnet\sdk\9.0.302\Sdks\Microsoft.NET.Sdk\targets\Microsoft.PackageDependencyResolution.targets(80,5): message :       ResolveProjectReferences;
       C:\Program Files\dotnet\sdk\9.0.302\Sdks\Microsoft.NET.Sdk\targets\Microsoft.PackageDependencyResolution.targets(80,5): message :       FindInvalidProjectReferences;
       C:\Program Files\dotnet\sdk\9.0.302\Sdks\Microsoft.NET.Sdk\targets\Microsoft.PackageDependencyResolution.targets(80,5): message :       GetFrameworkPaths;
       C:\Program Files\dotnet\sdk\9.0.302\Sdks\Microsoft.NET.Sdk\targets\Microsoft.PackageDependencyResolution.targets(80,5): message :       GetReferenceAssemblyPaths;
       C:\Program Files\dotnet\sdk\9.0.302\Sdks\Microsoft.NET.Sdk\targets\Microsoft.PackageDependencyResolution.targets(80,5): message :       PrepareForBuild;
       C:\Program Files\dotnet\sdk\9.0.302\Sdks\Microsoft.NET.Sdk\targets\Microsoft.PackageDependencyResolution.targets(80,5): message :       ResolveSDKReferences;
       C:\Program Files\dotnet\sdk\9.0.302\Sdks\Microsoft.NET.Sdk\targets\Microsoft.PackageDependencyResolution.targets(80,5): message :       ExpandSDKReferences;
       C:\Program Files\dotnet\sdk\9.0.302\Sdks\Microsoft.NET.Sdk\targets\Microsoft.PackageDependencyResolution.targets(80,5): message :     ") at C:\Program Files\dotnet\sdk\9.0.302\Sdks\Microsoft.NET.Sdk\targets\Microsoft.PackageDependencyResolution.targets (80,5)
       C:\Program Files\dotnet\sdk\9.0.302\Sdks\Microsoft.NET.Sdk\targets\Microsoft.PackageDependencyResolution.targets(86,5): message : Property reassignment: $(PrepareResourcesDependsOn)="
       C:\Program Files\dotnet\sdk\9.0.302\Sdks\Microsoft.NET.Sdk\targets\Microsoft.PackageDependencyResolution.targets(86,5): message :       ResolvePackageDependenciesForBuild;
       C:\Program Files\dotnet\sdk\9.0.302\Sdks\Microsoft.NET.Sdk\targets\Microsoft.PackageDependencyResolution.targets(86,5): message :       _HandlePackageFileConflicts;
       C:\Program Files\dotnet\sdk\9.0.302\Sdks\Microsoft.NET.Sdk\targets\Microsoft.PackageDependencyResolution.targets(86,5): message :       
       C:\Program Files\dotnet\sdk\9.0.302\Sdks\Microsoft.NET.Sdk\targets\Microsoft.PackageDependencyResolution.targets(86,5): message :       ;
       C:\Program Files\dotnet\sdk\9.0.302\Sdks\Microsoft.NET.Sdk\targets\Microsoft.PackageDependencyResolution.targets(86,5): message :       PrepareResourceNames;
       C:\Program Files\dotnet\sdk\9.0.302\Sdks\Microsoft.NET.Sdk\targets\Microsoft.PackageDependencyResolution.targets(86,5): message :       ResGen;
       C:\Program Files\dotnet\sdk\9.0.302\Sdks\Microsoft.NET.Sdk\targets\Microsoft.PackageDependencyResolution.targets(86,5): message :       CompileLicxFiles
       C:\Program Files\dotnet\sdk\9.0.302\Sdks\Microsoft.NET.Sdk\targets\Microsoft.PackageDependencyResolution.targets(86,5): message :     
       C:\Program Files\dotnet\sdk\9.0.302\Sdks\Microsoft.NET.Sdk\targets\Microsoft.PackageDependencyResolution.targets(86,5): message :     " (previous value: "
       C:\Program Files\dotnet\sdk\9.0.302\Sdks\Microsoft.NET.Sdk\targets\Microsoft.PackageDependencyResolution.targets(86,5): message :       ;
       C:\Program Files\dotnet\sdk\9.0.302\Sdks\Microsoft.NET.Sdk\targets\Microsoft.PackageDependencyResolution.targets(86,5): message :       PrepareResourceNames;
       C:\Program Files\dotnet\sdk\9.0.302\Sdks\Microsoft.NET.Sdk\targets\Microsoft.PackageDependencyResolution.targets(86,5): message :       ResGen;
       C:\Program Files\dotnet\sdk\9.0.302\Sdks\Microsoft.NET.Sdk\targets\Microsoft.PackageDependencyResolution.targets(86,5): message :       CompileLicxFiles
       C:\Program Files\dotnet\sdk\9.0.302\Sdks\Microsoft.NET.Sdk\targets\Microsoft.PackageDependencyResolution.targets(86,5): message :     ") at C:\Program Files\dotnet\sdk\9.0.302\Sdks\Microsoft.NET.Sdk\targets\Microsoft.PackageDependencyResolution.targets (86,5)
       C:\Program Files\dotnet\sdk\9.0.302\Sdks\Microsoft.NET.Sdk\targets\Microsoft.NET.Sdk.DefaultItems.targets(27,5): message : Property reassignment: $(DefaultItemExcludes)=";**\node_modules\**;node_modules\**;**\jspm_packages\**;jspm_packages\**;**\bower_components\**;bower_components\**;**\packages.lock.json;bin\Debug\/**;obj\Debug\/**;bin\/**" (previous value: ";**\node_modules\**;node_modules\**;**\jspm_packages\**;jspm_packages\**;**\bower_components\**;bower_components\**;**\packages.lock.json;bin\Debug\/**;obj\Debug\/**") at C:\Program Files\dotnet\sdk\9.0.302\Sdks\Microsoft.NET.Sdk\targets\Microsoft.NET.Sdk.DefaultItems.targets (27,5)
       C:\Program Files\dotnet\sdk\9.0.302\Sdks\Microsoft.NET.Sdk\targets\Microsoft.NET.Sdk.DefaultItems.targets(29,5): message : Property reassignment: $(DefaultItemExcludes)=";**\node_modules\**;node_modules\**;**\jspm_packages\**;jspm_packages\**;**\bower_components\**;bower_components\**;**\packages.lock.json;bin\Debug\/**;obj\Debug\/**;bin\/**;obj\/**" (previous value: ";**\node_modules\**;node_modules\**;**\jspm_packages\**;jspm_packages\**;**\bower_components\**;bower_components\**;**\packages.lock.json;bin\Debug\/**;obj\Debug\/**;bin\/**") at C:\Program Files\dotnet\sdk\9.0.302\Sdks\Microsoft.NET.Sdk\targets\Microsoft.NET.Sdk.DefaultItems.targets (29,5)
       C:\Program Files\dotnet\sdk\9.0.302\Sdks\Microsoft.NET.Sdk\targets\Microsoft.NET.Sdk.DefaultItems.targets(32,5): message : Property reassignment: $(DefaultItemExcludes)=";**\node_modules\**;node_modules\**;**\jspm_packages\**;jspm_packages\**;**\bower_components\**;bower_components\**;**\packages.lock.json;bin\Debug\/**;obj\Debug\/**;bin\/**;obj\/**;**/*.user" (previous value: ";**\node_modules\**;node_modules\**;**\jspm_packages\**;jspm_packages\**;**\bower_components\**;bower_components\**;**\packages.lock.json;bin\Debug\/**;obj\Debug\/**;bin\/**;obj\/**") at C:\Program Files\dotnet\sdk\9.0.302\Sdks\Microsoft.NET.Sdk\targets\Microsoft.NET.Sdk.DefaultItems.targets (32,5)
       C:\Program Files\dotnet\sdk\9.0.302\Sdks\Microsoft.NET.Sdk\targets\Microsoft.NET.Sdk.DefaultItems.targets(33,5): message : Property reassignment: $(DefaultItemExcludes)=";**\node_modules\**;node_modules\**;**\jspm_packages\**;jspm_packages\**;**\bower_components\**;bower_components\**;**\packages.lock.json;bin\Debug\/**;obj\Debug\/**;bin\/**;obj\/**;**/*.user;**/*.*proj" (previous value: ";**\node_modules\**;node_modules\**;**\jspm_packages\**;jspm_packages\**;**\bower_components\**;bower_components\**;**\packages.lock.json;bin\Debug\/**;obj\Debug\/**;bin\/**;obj\/**;**/*.user") at C:\Program Files\dotnet\sdk\9.0.302\Sdks\Microsoft.NET.Sdk\targets\Microsoft.NET.Sdk.DefaultItems.targets (33,5)
       C:\Program Files\dotnet\sdk\9.0.302\Sdks\Microsoft.NET.Sdk\targets\Microsoft.NET.Sdk.DefaultItems.targets(34,5): message : Property reassignment: $(DefaultItemExcludes)=";**\node_modules\**;node_modules\**;**\jspm_packages\**;jspm_packages\**;**\bower_components\**;bower_components\**;**\packages.lock.json;bin\Debug\/**;obj\Debug\/**;bin\/**;obj\/**;**/*.user;**/*.*proj;**/*.sln" (previous value: ";**\node_modules\**;node_modules\**;**\jspm_packages\**;jspm_packages\**;**\bower_components\**;bower_components\**;**\packages.lock.json;bin\Debug\/**;obj\Debug\/**;bin\/**;obj\/**;**/*.user;**/*.*proj") at C:\Program Files\dotnet\sdk\9.0.302\Sdks\Microsoft.NET.Sdk\targets\Microsoft.NET.Sdk.DefaultItems.targets (34,5)
       C:\Program Files\dotnet\sdk\9.0.302\Sdks\Microsoft.NET.Sdk\targets\Microsoft.NET.Sdk.DefaultItems.targets(35,5): message : Property reassignment: $(DefaultItemExcludes)=";**\node_modules\**;node_modules\**;**\jspm_packages\**;jspm_packages\**;**\bower_components\**;bower_components\**;**\packages.lock.json;bin\Debug\/**;obj\Debug\/**;bin\/**;obj\/**;**/*.user;**/*.*proj;**/*.sln;**/*.slnx" (previous value: ";**\node_modules\**;node_modules\**;**\jspm_packages\**;jspm_packages\**;**\bower_components\**;bower_components\**;**\packages.lock.json;bin\Debug\/**;obj\Debug\/**;bin\/**;obj\/**;**/*.user;**/*.*proj;**/*.sln") at C:\Program Files\dotnet\sdk\9.0.302\Sdks\Microsoft.NET.Sdk\targets\Microsoft.NET.Sdk.DefaultItems.targets (35,5)
       C:\Program Files\dotnet\sdk\9.0.302\Sdks\Microsoft.NET.Sdk\targets\Microsoft.NET.Sdk.DefaultItems.targets(36,5): message : Property reassignment: $(DefaultItemExcludes)=";**\node_modules\**;node_modules\**;**\jspm_packages\**;jspm_packages\**;**\bower_components\**;bower_components\**;**\packages.lock.json;bin\Debug\/**;obj\Debug\/**;bin\/**;obj\/**;**/*.user;**/*.*proj;**/*.sln;**/*.slnx;**/*.vssscc" (previous value: ";**\node_modules\**;node_modules\**;**\jspm_packages\**;jspm_packages\**;**\bower_components\**;bower_components\**;**\packages.lock.json;bin\Debug\/**;obj\Debug\/**;bin\/**;obj\/**;**/*.user;**/*.*proj;**/*.sln;**/*.slnx") at C:\Program Files\dotnet\sdk\9.0.302\Sdks\Microsoft.NET.Sdk\targets\Microsoft.NET.Sdk.DefaultItems.targets (36,5)
       C:\Program Files\dotnet\sdk\9.0.302\Sdks\Microsoft.NET.Sdk\targets\Microsoft.NET.Sdk.DefaultItems.targets(37,5): message : Property reassignment: $(DefaultItemExcludes)=";**\node_modules\**;node_modules\**;**\jspm_packages\**;jspm_packages\**;**\bower_components\**;bower_components\**;**\packages.lock.json;bin\Debug\/**;obj\Debug\/**;bin\/**;obj\/**;**/*.user;**/*.*proj;**/*.sln;**/*.slnx;**/*.vssscc;**/.DS_Store" (previous value: ";**\node_modules\**;node_modules\**;**\jspm_packages\**;jspm_packages\**;**\bower_components\**;bower_components\**;**\packages.lock.json;bin\Debug\/**;obj\Debug\/**;bin\/**;obj\/**;**/*.user;**/*.*proj;**/*.sln;**/*.slnx;**/*.vssscc") at C:\Program Files\dotnet\sdk\9.0.302\Sdks\Microsoft.NET.Sdk\targets\Microsoft.NET.Sdk.DefaultItems.targets (37,5)
       C:\Program Files\dotnet\sdk\9.0.302\Sdks\Microsoft.NET.Sdk\targets\Microsoft.NET.Sdk.FrameworkReferenceResolution.targets(14,5): message : Property reassignment: $(ResolveAssemblyReferencesDependsOn)="
       C:\Program Files\dotnet\sdk\9.0.302\Sdks\Microsoft.NET.Sdk\targets\Microsoft.NET.Sdk.FrameworkReferenceResolution.targets(14,5): message :       
       C:\Program Files\dotnet\sdk\9.0.302\Sdks\Microsoft.NET.Sdk\targets\Microsoft.NET.Sdk.FrameworkReferenceResolution.targets(14,5): message :       
       C:\Program Files\dotnet\sdk\9.0.302\Sdks\Microsoft.NET.Sdk\targets\Microsoft.NET.Sdk.FrameworkReferenceResolution.targets(14,5): message :       ResolveProjectReferences;
       C:\Program Files\dotnet\sdk\9.0.302\Sdks\Microsoft.NET.Sdk\targets\Microsoft.NET.Sdk.FrameworkReferenceResolution.targets(14,5): message :       FindInvalidProjectReferences;
       C:\Program Files\dotnet\sdk\9.0.302\Sdks\Microsoft.NET.Sdk\targets\Microsoft.NET.Sdk.FrameworkReferenceResolution.targets(14,5): message :       GetFrameworkPaths;
       C:\Program Files\dotnet\sdk\9.0.302\Sdks\Microsoft.NET.Sdk\targets\Microsoft.NET.Sdk.FrameworkReferenceResolution.targets(14,5): message :       GetReferenceAssemblyPaths;
       C:\Program Files\dotnet\sdk\9.0.302\Sdks\Microsoft.NET.Sdk\targets\Microsoft.NET.Sdk.FrameworkReferenceResolution.targets(14,5): message :       PrepareForBuild;
       C:\Program Files\dotnet\sdk\9.0.302\Sdks\Microsoft.NET.Sdk\targets\Microsoft.NET.Sdk.FrameworkReferenceResolution.targets(14,5): message :       ResolveSDKReferences;
       C:\Program Files\dotnet\sdk\9.0.302\Sdks\Microsoft.NET.Sdk\targets\Microsoft.NET.Sdk.FrameworkReferenceResolution.targets(14,5): message :       ExpandSDKReferences;
       C:\Program Files\dotnet\sdk\9.0.302\Sdks\Microsoft.NET.Sdk\targets\Microsoft.NET.Sdk.FrameworkReferenceResolution.targets(14,5): message :     ;
       C:\Program Files\dotnet\sdk\9.0.302\Sdks\Microsoft.NET.Sdk\targets\Microsoft.NET.Sdk.FrameworkReferenceResolution.targets(14,5): message :       ResolvePackageDependenciesForBuild;
       C:\Program Files\dotnet\sdk\9.0.302\Sdks\Microsoft.NET.Sdk\targets\Microsoft.NET.Sdk.FrameworkReferenceResolution.targets(14,5): message :       _HandlePackageFileConflicts;
       C:\Program Files\dotnet\sdk\9.0.302\Sdks\Microsoft.NET.Sdk\targets\Microsoft.NET.Sdk.FrameworkReferenceResolution.targets(14,5): message :     ;
       C:\Program Files\dotnet\sdk\9.0.302\Sdks\Microsoft.NET.Sdk\targets\Microsoft.NET.Sdk.FrameworkReferenceResolution.targets(14,5): message :       ResolveTargetingPackAssets;
       C:\Program Files\dotnet\sdk\9.0.302\Sdks\Microsoft.NET.Sdk\targets\Microsoft.NET.Sdk.FrameworkReferenceResolution.targets(14,5): message :     " (previous value: "
       C:\Program Files\dotnet\sdk\9.0.302\Sdks\Microsoft.NET.Sdk\targets\Microsoft.NET.Sdk.FrameworkReferenceResolution.targets(14,5): message :       
       C:\Program Files\dotnet\sdk\9.0.302\Sdks\Microsoft.NET.Sdk\targets\Microsoft.NET.Sdk.FrameworkReferenceResolution.targets(14,5): message :       ResolveProjectReferences;
       C:\Program Files\dotnet\sdk\9.0.302\Sdks\Microsoft.NET.Sdk\targets\Microsoft.NET.Sdk.FrameworkReferenceResolution.targets(14,5): message :       FindInvalidProjectReferences;
       C:\Program Files\dotnet\sdk\9.0.302\Sdks\Microsoft.NET.Sdk\targets\Microsoft.NET.Sdk.FrameworkReferenceResolution.targets(14,5): message :       GetFrameworkPaths;
       C:\Program Files\dotnet\sdk\9.0.302\Sdks\Microsoft.NET.Sdk\targets\Microsoft.NET.Sdk.FrameworkReferenceResolution.targets(14,5): message :       GetReferenceAssemblyPaths;
       C:\Program Files\dotnet\sdk\9.0.302\Sdks\Microsoft.NET.Sdk\targets\Microsoft.NET.Sdk.FrameworkReferenceResolution.targets(14,5): message :       PrepareForBuild;
       C:\Program Files\dotnet\sdk\9.0.302\Sdks\Microsoft.NET.Sdk\targets\Microsoft.NET.Sdk.FrameworkReferenceResolution.targets(14,5): message :       ResolveSDKReferences;
       C:\Program Files\dotnet\sdk\9.0.302\Sdks\Microsoft.NET.Sdk\targets\Microsoft.NET.Sdk.FrameworkReferenceResolution.targets(14,5): message :       ExpandSDKReferences;
       C:\Program Files\dotnet\sdk\9.0.302\Sdks\Microsoft.NET.Sdk\targets\Microsoft.NET.Sdk.FrameworkReferenceResolution.targets(14,5): message :     ;
       C:\Program Files\dotnet\sdk\9.0.302\Sdks\Microsoft.NET.Sdk\targets\Microsoft.NET.Sdk.FrameworkReferenceResolution.targets(14,5): message :       ResolvePackageDependenciesForBuild;
       C:\Program Files\dotnet\sdk\9.0.302\Sdks\Microsoft.NET.Sdk\targets\Microsoft.NET.Sdk.FrameworkReferenceResolution.targets(14,5): message :       _HandlePackageFileConflicts;
       C:\Program Files\dotnet\sdk\9.0.302\Sdks\Microsoft.NET.Sdk\targets\Microsoft.NET.Sdk.FrameworkReferenceResolution.targets(14,5): message :     ") at C:\Program Files\dotnet\sdk\9.0.302\Sdks\Microsoft.NET.Sdk\targets\Microsoft.NET.Sdk.FrameworkReferenceResolution.targets (14,5)
       C:\Program Files\dotnet\sdk\9.0.302\Sdks\Microsoft.NET.Sdk\targets\Microsoft.NET.Sdk.targets(44,5): message : Property reassignment: $(_GenerateRuntimeConfigurationPropertyInputsCache)="C:\Users\MBEYAZBULUT\Documents\GitHub\EnvanteriX\Presentation\EnvanteriX.WebUI\obj\Debug\net9.0\EnvanteriX.WebUI.genruntimeconfig.cache" (previous value: "obj\Debug\net9.0\EnvanteriX.WebUI.genruntimeconfig.cache") at C:\Program Files\dotnet\sdk\9.0.302\Sdks\Microsoft.NET.Sdk\targets\Microsoft.NET.Sdk.targets (44,5)
       C:\Program Files\dotnet\sdk\9.0.302\Sdks\Microsoft.NET.Sdk\targets\Microsoft.NET.Sdk.targets(46,5): message : Property reassignment: $(_GeneratePublishDependencyFilePropertyInputsCache)="C:\Users\MBEYAZBULUT\Documents\GitHub\EnvanteriX\Presentation\EnvanteriX.WebUI\obj\Debug\net9.0\EnvanteriX.WebUI.genpublishdeps.cache" (previous value: "obj\Debug\net9.0\EnvanteriX.WebUI.genpublishdeps.cache") at C:\Program Files\dotnet\sdk\9.0.302\Sdks\Microsoft.NET.Sdk\targets\Microsoft.NET.Sdk.targets (46,5)
       C:\Program Files\dotnet\sdk\9.0.302\Sdks\Microsoft.NET.Sdk\targets\Microsoft.NET.Sdk.targets(48,5): message : Property reassignment: $(_GenerateSingleFileBundlePropertyInputsCache)="C:\Users\MBEYAZBULUT\Documents\GitHub\EnvanteriX\Presentation\EnvanteriX.WebUI\obj\Debug\net9.0\EnvanteriX.WebUI.genbundle.cache" (previous value: "obj\Debug\net9.0\EnvanteriX.WebUI.genbundle.cache") at C:\Program Files\dotnet\sdk\9.0.302\Sdks\Microsoft.NET.Sdk\targets\Microsoft.NET.Sdk.targets (48,5)
       C:\Program Files\dotnet\sdk\9.0.302\Sdks\Microsoft.NET.Sdk\targets\Microsoft.NET.Sdk.targets(81,5): message : Property reassignment: $(GenerateRuntimeConfigDevFile)="false" (previous value: "true") at C:\Program Files\dotnet\sdk\9.0.302\Sdks\Microsoft.NET.Sdk\targets\Microsoft.NET.Sdk.targets (81,5)
       C:\Program Files\dotnet\sdk\9.0.302\Sdks\Microsoft.NET.Sdk\targets\Microsoft.NET.Sdk.targets(97,5): message : Property 'USERPROFILE' with value 'C:\Users\MBEYAZBULUT' expanded from the environment.
       C:\Program Files\dotnet\sdk\9.0.302\Sdks\Microsoft.NET.Sdk\targets\Microsoft.NET.Sdk.targets(97,5): message : Property reassignment: $(_DefaultUserProfileRuntimeStorePath)="C:\Users\MBEYAZBULUT" (previous value: "") at C:\Program Files\dotnet\sdk\9.0.302\Sdks\Microsoft.NET.Sdk\targets\Microsoft.NET.Sdk.targets (97,5)
       C:\Program Files\dotnet\sdk\9.0.302\Sdks\Microsoft.NET.Sdk\targets\Microsoft.NET.Sdk.targets(98,5): message : Property reassignment: $(_DefaultUserProfileRuntimeStorePath)="C:\Users\MBEYAZBULUT\.dotnet\store" (previous value: "C:\Users\MBEYAZBULUT") at C:\Program Files\dotnet\sdk\9.0.302\Sdks\Microsoft.NET.Sdk\targets\Microsoft.NET.Sdk.targets (98,5)
       C:\Program Files\dotnet\sdk\9.0.302\Sdks\Microsoft.NET.Sdk\targets\Microsoft.NET.Sdk.targets(140,5): message : Property reassignment: $(AvailablePlatforms)="Any CPU,x86,x64,ARM32" (previous value: "Any CPU,x86,x64") at C:\Program Files\dotnet\sdk\9.0.302\Sdks\Microsoft.NET.Sdk\targets\Microsoft.NET.Sdk.targets (140,5)
       C:\Program Files\dotnet\sdk\9.0.302\Sdks\Microsoft.NET.Sdk\targets\Microsoft.NET.Sdk.targets(144,5): message : Property reassignment: $(AvailablePlatforms)="Any CPU,x86,x64,ARM32,ARM64" (previous value: "Any CPU,x86,x64,ARM32") at C:\Program Files\dotnet\sdk\9.0.302\Sdks\Microsoft.NET.Sdk\targets\Microsoft.NET.Sdk.targets (144,5)
       C:\Program Files\dotnet\sdk\9.0.302\Sdks\Microsoft.NET.Sdk\targets\Microsoft.NET.Sdk.targets(201,5): message : Property reassignment: $(CoreBuildDependsOn)="
       C:\Program Files\dotnet\sdk\9.0.302\Sdks\Microsoft.NET.Sdk\targets\Microsoft.NET.Sdk.targets(201,5): message :       _CheckForBuildWithNoBuild;
       C:\Program Files\dotnet\sdk\9.0.302\Sdks\Microsoft.NET.Sdk\targets\Microsoft.NET.Sdk.targets(201,5): message :       
       C:\Program Files\dotnet\sdk\9.0.302\Sdks\Microsoft.NET.Sdk\targets\Microsoft.NET.Sdk.targets(201,5): message :       BuildOnlySettings;
       C:\Program Files\dotnet\sdk\9.0.302\Sdks\Microsoft.NET.Sdk\targets\Microsoft.NET.Sdk.targets(201,5): message :       PrepareForBuild;
       C:\Program Files\dotnet\sdk\9.0.302\Sdks\Microsoft.NET.Sdk\targets\Microsoft.NET.Sdk.targets(201,5): message :       PreBuildEvent;
       C:\Program Files\dotnet\sdk\9.0.302\Sdks\Microsoft.NET.Sdk\targets\Microsoft.NET.Sdk.targets(201,5): message :       ResolveReferences;
       C:\Program Files\dotnet\sdk\9.0.302\Sdks\Microsoft.NET.Sdk\targets\Microsoft.NET.Sdk.targets(201,5): message :       PrepareResources;
       C:\Program Files\dotnet\sdk\9.0.302\Sdks\Microsoft.NET.Sdk\targets\Microsoft.NET.Sdk.targets(201,5): message :       ResolveKeySource;
       C:\Program Files\dotnet\sdk\9.0.302\Sdks\Microsoft.NET.Sdk\targets\Microsoft.NET.Sdk.targets(201,5): message :       Compile;
       C:\Program Files\dotnet\sdk\9.0.302\Sdks\Microsoft.NET.Sdk\targets\Microsoft.NET.Sdk.targets(201,5): message :       ExportWindowsMDFile;
       C:\Program Files\dotnet\sdk\9.0.302\Sdks\Microsoft.NET.Sdk\targets\Microsoft.NET.Sdk.targets(201,5): message :       UnmanagedUnregistration;
       C:\Program Files\dotnet\sdk\9.0.302\Sdks\Microsoft.NET.Sdk\targets\Microsoft.NET.Sdk.targets(201,5): message :       GenerateSerializationAssemblies;
       C:\Program Files\dotnet\sdk\9.0.302\Sdks\Microsoft.NET.Sdk\targets\Microsoft.NET.Sdk.targets(201,5): message :       CreateSatelliteAssemblies;
       C:\Program Files\dotnet\sdk\9.0.302\Sdks\Microsoft.NET.Sdk\targets\Microsoft.NET.Sdk.targets(201,5): message :       GenerateManifests;
       C:\Program Files\dotnet\sdk\9.0.302\Sdks\Microsoft.NET.Sdk\targets\Microsoft.NET.Sdk.targets(201,5): message :       GetTargetPath;
       C:\Program Files\dotnet\sdk\9.0.302\Sdks\Microsoft.NET.Sdk\targets\Microsoft.NET.Sdk.targets(201,5): message :       PrepareForRun;
       C:\Program Files\dotnet\sdk\9.0.302\Sdks\Microsoft.NET.Sdk\targets\Microsoft.NET.Sdk.targets(201,5): message :       UnmanagedRegistration;
       C:\Program Files\dotnet\sdk\9.0.302\Sdks\Microsoft.NET.Sdk\targets\Microsoft.NET.Sdk.targets(201,5): message :       IncrementalClean;
       C:\Program Files\dotnet\sdk\9.0.302\Sdks\Microsoft.NET.Sdk\targets\Microsoft.NET.Sdk.targets(201,5): message :       PostBuildEvent
       C:\Program Files\dotnet\sdk\9.0.302\Sdks\Microsoft.NET.Sdk\targets\Microsoft.NET.Sdk.targets(201,5): message :     ;
       C:\Program Files\dotnet\sdk\9.0.302\Sdks\Microsoft.NET.Sdk\targets\Microsoft.NET.Sdk.targets(201,5): message :       GenerateBuildDependencyFile;
       C:\Program Files\dotnet\sdk\9.0.302\Sdks\Microsoft.NET.Sdk\targets\Microsoft.NET.Sdk.targets(201,5): message :       GenerateBuildRuntimeConfigurationFiles
       C:\Program Files\dotnet\sdk\9.0.302\Sdks\Microsoft.NET.Sdk\targets\Microsoft.NET.Sdk.targets(201,5): message :     " (previous value: "
       C:\Program Files\dotnet\sdk\9.0.302\Sdks\Microsoft.NET.Sdk\targets\Microsoft.NET.Sdk.targets(201,5): message :       BuildOnlySettings;
       C:\Program Files\dotnet\sdk\9.0.302\Sdks\Microsoft.NET.Sdk\targets\Microsoft.NET.Sdk.targets(201,5): message :       PrepareForBuild;
       C:\Program Files\dotnet\sdk\9.0.302\Sdks\Microsoft.NET.Sdk\targets\Microsoft.NET.Sdk.targets(201,5): message :       PreBuildEvent;
       C:\Program Files\dotnet\sdk\9.0.302\Sdks\Microsoft.NET.Sdk\targets\Microsoft.NET.Sdk.targets(201,5): message :       ResolveReferences;
       C:\Program Files\dotnet\sdk\9.0.302\Sdks\Microsoft.NET.Sdk\targets\Microsoft.NET.Sdk.targets(201,5): message :       PrepareResources;
       C:\Program Files\dotnet\sdk\9.0.302\Sdks\Microsoft.NET.Sdk\targets\Microsoft.NET.Sdk.targets(201,5): message :       ResolveKeySource;
       C:\Program Files\dotnet\sdk\9.0.302\Sdks\Microsoft.NET.Sdk\targets\Microsoft.NET.Sdk.targets(201,5): message :       Compile;
       C:\Program Files\dotnet\sdk\9.0.302\Sdks\Microsoft.NET.Sdk\targets\Microsoft.NET.Sdk.targets(201,5): message :       ExportWindowsMDFile;
       C:\Program Files\dotnet\sdk\9.0.302\Sdks\Microsoft.NET.Sdk\targets\Microsoft.NET.Sdk.targets(201,5): message :       UnmanagedUnregistration;
       C:\Program Files\dotnet\sdk\9.0.302\Sdks\Microsoft.NET.Sdk\targets\Microsoft.NET.Sdk.targets(201,5): message :       GenerateSerializationAssemblies;
       C:\Program Files\dotnet\sdk\9.0.302\Sdks\Microsoft.NET.Sdk\targets\Microsoft.NET.Sdk.targets(201,5): message :       CreateSatelliteAssemblies;
       C:\Program Files\dotnet\sdk\9.0.302\Sdks\Microsoft.NET.Sdk\targets\Microsoft.NET.Sdk.targets(201,5): message :       GenerateManifests;
       C:\Program Files\dotnet\sdk\9.0.302\Sdks\Microsoft.NET.Sdk\targets\Microsoft.NET.Sdk.targets(201,5): message :       GetTargetPath;
       C:\Program Files\dotnet\sdk\9.0.302\Sdks\Microsoft.NET.Sdk\targets\Microsoft.NET.Sdk.targets(201,5): message :       PrepareForRun;
       C:\Program Files\dotnet\sdk\9.0.302\Sdks\Microsoft.NET.Sdk\targets\Microsoft.NET.Sdk.targets(201,5): message :       UnmanagedRegistration;
       C:\Program Files\dotnet\sdk\9.0.302\Sdks\Microsoft.NET.Sdk\targets\Microsoft.NET.Sdk.targets(201,5): message :       IncrementalClean;
       C:\Program Files\dotnet\sdk\9.0.302\Sdks\Microsoft.NET.Sdk\targets\Microsoft.NET.Sdk.targets(201,5): message :       PostBuildEvent
       C:\Program Files\dotnet\sdk\9.0.302\Sdks\Microsoft.NET.Sdk\targets\Microsoft.NET.Sdk.targets(201,5): message :     ") at C:\Program Files\dotnet\sdk\9.0.302\Sdks\Microsoft.NET.Sdk\targets\Microsoft.NET.Sdk.targets (201,5)
       C:\Program Files\dotnet\sdk\9.0.302\Sdks\Microsoft.NET.Sdk\targets\Microsoft.NET.Sdk.targets(210,5): message : Property reassignment: $(CoreCleanDependsOn)="
       C:\Program Files\dotnet\sdk\9.0.302\Sdks\Microsoft.NET.Sdk\targets\Microsoft.NET.Sdk.targets(210,5): message :       _SdkBeforeClean;
       C:\Program Files\dotnet\sdk\9.0.302\Sdks\Microsoft.NET.Sdk\targets\Microsoft.NET.Sdk.targets(210,5): message :       
       C:\Program Files\dotnet\sdk\9.0.302\Sdks\Microsoft.NET.Sdk\targets\Microsoft.NET.Sdk.targets(210,5): message :     " (previous value: "") at C:\Program Files\dotnet\sdk\9.0.302\Sdks\Microsoft.NET.Sdk\targets\Microsoft.NET.Sdk.targets (210,5)
       C:\Program Files\dotnet\sdk\9.0.302\Sdks\Microsoft.NET.Sdk\targets\Microsoft.NET.Sdk.targets(217,5): message : Property reassignment: $(RebuildDependsOn)="
       C:\Program Files\dotnet\sdk\9.0.302\Sdks\Microsoft.NET.Sdk\targets\Microsoft.NET.Sdk.targets(217,5): message :       _SdkBeforeRebuild;
       C:\Program Files\dotnet\sdk\9.0.302\Sdks\Microsoft.NET.Sdk\targets\Microsoft.NET.Sdk.targets(217,5): message :       
       C:\Program Files\dotnet\sdk\9.0.302\Sdks\Microsoft.NET.Sdk\targets\Microsoft.NET.Sdk.targets(217,5): message :       BeforeRebuild;
       C:\Program Files\dotnet\sdk\9.0.302\Sdks\Microsoft.NET.Sdk\targets\Microsoft.NET.Sdk.targets(217,5): message :       Clean;
       C:\Program Files\dotnet\sdk\9.0.302\Sdks\Microsoft.NET.Sdk\targets\Microsoft.NET.Sdk.targets(217,5): message :       Build;
       C:\Program Files\dotnet\sdk\9.0.302\Sdks\Microsoft.NET.Sdk\targets\Microsoft.NET.Sdk.targets(217,5): message :       AfterRebuild;
       C:\Program Files\dotnet\sdk\9.0.302\Sdks\Microsoft.NET.Sdk\targets\Microsoft.NET.Sdk.targets(217,5): message :     
       C:\Program Files\dotnet\sdk\9.0.302\Sdks\Microsoft.NET.Sdk\targets\Microsoft.NET.Sdk.targets(217,5): message :     " (previous value: "
       C:\Program Files\dotnet\sdk\9.0.302\Sdks\Microsoft.NET.Sdk\targets\Microsoft.NET.Sdk.targets(217,5): message :       BeforeRebuild;
       C:\Program Files\dotnet\sdk\9.0.302\Sdks\Microsoft.NET.Sdk\targets\Microsoft.NET.Sdk.targets(217,5): message :       Clean;
       C:\Program Files\dotnet\sdk\9.0.302\Sdks\Microsoft.NET.Sdk\targets\Microsoft.NET.Sdk.targets(217,5): message :       Build;
       C:\Program Files\dotnet\sdk\9.0.302\Sdks\Microsoft.NET.Sdk\targets\Microsoft.NET.Sdk.targets(217,5): message :       AfterRebuild;
       C:\Program Files\dotnet\sdk\9.0.302\Sdks\Microsoft.NET.Sdk\targets\Microsoft.NET.Sdk.targets(217,5): message :     ") at C:\Program Files\dotnet\sdk\9.0.302\Sdks\Microsoft.NET.Sdk\targets\Microsoft.NET.Sdk.targets (217,5)
       C:\Program Files\dotnet\sdk\9.0.302\Sdks\Microsoft.NET.Sdk\targets\Microsoft.NET.Sdk.targets(784,5): message : Property reassignment: $(CompileDependsOn)="
       C:\Program Files\dotnet\sdk\9.0.302\Sdks\Microsoft.NET.Sdk\targets\Microsoft.NET.Sdk.targets(784,5): message :       
       C:\Program Files\dotnet\sdk\9.0.302\Sdks\Microsoft.NET.Sdk\targets\Microsoft.NET.Sdk.targets(784,5): message :       ResolveReferences;
       C:\Program Files\dotnet\sdk\9.0.302\Sdks\Microsoft.NET.Sdk\targets\Microsoft.NET.Sdk.targets(784,5): message :       ResolveKeySource;
       C:\Program Files\dotnet\sdk\9.0.302\Sdks\Microsoft.NET.Sdk\targets\Microsoft.NET.Sdk.targets(784,5): message :       SetWin32ManifestProperties;
       C:\Program Files\dotnet\sdk\9.0.302\Sdks\Microsoft.NET.Sdk\targets\Microsoft.NET.Sdk.targets(784,5): message :       _SetPreferNativeArm64Win32ManifestProperties;
       C:\Program Files\dotnet\sdk\9.0.302\Sdks\Microsoft.NET.Sdk\targets\Microsoft.NET.Sdk.targets(784,5): message :       FindReferenceAssembliesForReferences;
       C:\Program Files\dotnet\sdk\9.0.302\Sdks\Microsoft.NET.Sdk\targets\Microsoft.NET.Sdk.targets(784,5): message :       _GenerateCompileInputs;
       C:\Program Files\dotnet\sdk\9.0.302\Sdks\Microsoft.NET.Sdk\targets\Microsoft.NET.Sdk.targets(784,5): message :       BeforeCompile;
       C:\Program Files\dotnet\sdk\9.0.302\Sdks\Microsoft.NET.Sdk\targets\Microsoft.NET.Sdk.targets(784,5): message :       _TimeStampBeforeCompile;
       C:\Program Files\dotnet\sdk\9.0.302\Sdks\Microsoft.NET.Sdk\targets\Microsoft.NET.Sdk.targets(784,5): message :       _GenerateCompileDependencyCache;
       C:\Program Files\dotnet\sdk\9.0.302\Sdks\Microsoft.NET.Sdk\targets\Microsoft.NET.Sdk.targets(784,5): message :       CoreCompile;
       C:\Program Files\dotnet\sdk\9.0.302\Sdks\Microsoft.NET.Sdk\targets\Microsoft.NET.Sdk.targets(784,5): message :       _TimeStampAfterCompile;
       C:\Program Files\dotnet\sdk\9.0.302\Sdks\Microsoft.NET.Sdk\targets\Microsoft.NET.Sdk.targets(784,5): message :       AfterCompile;
       C:\Program Files\dotnet\sdk\9.0.302\Sdks\Microsoft.NET.Sdk\targets\Microsoft.NET.Sdk.targets(784,5): message :     ;
       C:\Program Files\dotnet\sdk\9.0.302\Sdks\Microsoft.NET.Sdk\targets\Microsoft.NET.Sdk.targets(784,5): message :       _CreateAppHost;
       C:\Program Files\dotnet\sdk\9.0.302\Sdks\Microsoft.NET.Sdk\targets\Microsoft.NET.Sdk.targets(784,5): message :       _CreateComHost;
       C:\Program Files\dotnet\sdk\9.0.302\Sdks\Microsoft.NET.Sdk\targets\Microsoft.NET.Sdk.targets(784,5): message :       _GetIjwHostPaths;
       C:\Program Files\dotnet\sdk\9.0.302\Sdks\Microsoft.NET.Sdk\targets\Microsoft.NET.Sdk.targets(784,5): message :     " (previous value: "
       C:\Program Files\dotnet\sdk\9.0.302\Sdks\Microsoft.NET.Sdk\targets\Microsoft.NET.Sdk.targets(784,5): message :       ResolveReferences;
       C:\Program Files\dotnet\sdk\9.0.302\Sdks\Microsoft.NET.Sdk\targets\Microsoft.NET.Sdk.targets(784,5): message :       ResolveKeySource;
       C:\Program Files\dotnet\sdk\9.0.302\Sdks\Microsoft.NET.Sdk\targets\Microsoft.NET.Sdk.targets(784,5): message :       SetWin32ManifestProperties;
       C:\Program Files\dotnet\sdk\9.0.302\Sdks\Microsoft.NET.Sdk\targets\Microsoft.NET.Sdk.targets(784,5): message :       _SetPreferNativeArm64Win32ManifestProperties;
       C:\Program Files\dotnet\sdk\9.0.302\Sdks\Microsoft.NET.Sdk\targets\Microsoft.NET.Sdk.targets(784,5): message :       FindReferenceAssembliesForReferences;
       C:\Program Files\dotnet\sdk\9.0.302\Sdks\Microsoft.NET.Sdk\targets\Microsoft.NET.Sdk.targets(784,5): message :       _GenerateCompileInputs;
       C:\Program Files\dotnet\sdk\9.0.302\Sdks\Microsoft.NET.Sdk\targets\Microsoft.NET.Sdk.targets(784,5): message :       BeforeCompile;
       C:\Program Files\dotnet\sdk\9.0.302\Sdks\Microsoft.NET.Sdk\targets\Microsoft.NET.Sdk.targets(784,5): message :       _TimeStampBeforeCompile;
       C:\Program Files\dotnet\sdk\9.0.302\Sdks\Microsoft.NET.Sdk\targets\Microsoft.NET.Sdk.targets(784,5): message :       _GenerateCompileDependencyCache;
       C:\Program Files\dotnet\sdk\9.0.302\Sdks\Microsoft.NET.Sdk\targets\Microsoft.NET.Sdk.targets(784,5): message :       CoreCompile;
       C:\Program Files\dotnet\sdk\9.0.302\Sdks\Microsoft.NET.Sdk\targets\Microsoft.NET.Sdk.targets(784,5): message :       _TimeStampAfterCompile;
       C:\Program Files\dotnet\sdk\9.0.302\Sdks\Microsoft.NET.Sdk\targets\Microsoft.NET.Sdk.targets(784,5): message :       AfterCompile;
       C:\Program Files\dotnet\sdk\9.0.302\Sdks\Microsoft.NET.Sdk\targets\Microsoft.NET.Sdk.targets(784,5): message :     ") at C:\Program Files\dotnet\sdk\9.0.302\Sdks\Microsoft.NET.Sdk\targets\Microsoft.NET.Sdk.targets (784,5)
       C:\Program Files\dotnet\sdk\9.0.302\Sdks\Microsoft.NET.Sdk\targets\Microsoft.NET.Sdk.targets(1184,5): message : Property reassignment: $(CreateSatelliteAssembliesDependsOn)="
       C:\Program Files\dotnet\sdk\9.0.302\Sdks\Microsoft.NET.Sdk\targets\Microsoft.NET.Sdk.targets(1184,5): message :       
       C:\Program Files\dotnet\sdk\9.0.302\Sdks\Microsoft.NET.Sdk\targets\Microsoft.NET.Sdk.targets(1184,5): message :       ;
       C:\Program Files\dotnet\sdk\9.0.302\Sdks\Microsoft.NET.Sdk\targets\Microsoft.NET.Sdk.targets(1184,5): message :       _GenerateSatelliteAssemblyInputs;
       C:\Program Files\dotnet\sdk\9.0.302\Sdks\Microsoft.NET.Sdk\targets\Microsoft.NET.Sdk.targets(1184,5): message :       ComputeIntermediateSatelliteAssemblies;
       C:\Program Files\dotnet\sdk\9.0.302\Sdks\Microsoft.NET.Sdk\targets\Microsoft.NET.Sdk.targets(1184,5): message :       GenerateSatelliteAssemblies
       C:\Program Files\dotnet\sdk\9.0.302\Sdks\Microsoft.NET.Sdk\targets\Microsoft.NET.Sdk.targets(1184,5): message :     ;
       C:\Program Files\dotnet\sdk\9.0.302\Sdks\Microsoft.NET.Sdk\targets\Microsoft.NET.Sdk.targets(1184,5): message :       CoreGenerateSatelliteAssemblies
       C:\Program Files\dotnet\sdk\9.0.302\Sdks\Microsoft.NET.Sdk\targets\Microsoft.NET.Sdk.targets(1184,5): message :     " (previous value: "
       C:\Program Files\dotnet\sdk\9.0.302\Sdks\Microsoft.NET.Sdk\targets\Microsoft.NET.Sdk.targets(1184,5): message :       ;
       C:\Program Files\dotnet\sdk\9.0.302\Sdks\Microsoft.NET.Sdk\targets\Microsoft.NET.Sdk.targets(1184,5): message :       _GenerateSatelliteAssemblyInputs;
       C:\Program Files\dotnet\sdk\9.0.302\Sdks\Microsoft.NET.Sdk\targets\Microsoft.NET.Sdk.targets(1184,5): message :       ComputeIntermediateSatelliteAssemblies;
       C:\Program Files\dotnet\sdk\9.0.302\Sdks\Microsoft.NET.Sdk\targets\Microsoft.NET.Sdk.targets(1184,5): message :       GenerateSatelliteAssemblies
       C:\Program Files\dotnet\sdk\9.0.302\Sdks\Microsoft.NET.Sdk\targets\Microsoft.NET.Sdk.targets(1184,5): message :     ") at C:\Program Files\dotnet\sdk\9.0.302\Sdks\Microsoft.NET.Sdk\targets\Microsoft.NET.Sdk.targets (1184,5)
       C:\Program Files\dotnet\sdk\9.0.302\Sdks\Microsoft.SourceLink.GitLab\build\Microsoft.SourceLink.GitLab.targets(12,5): message : Property reassignment: $(SourceLinkUrlInitializerTargets)=";_InitializeGitHubSourceLinkUrl;_InitializeGitLabSourceLinkUrl" (previous value: ";_InitializeGitHubSourceLinkUrl") at C:\Program Files\dotnet\sdk\9.0.302\Sdks\Microsoft.SourceLink.GitLab\build\Microsoft.SourceLink.GitLab.targets (12,5)
       C:\Program Files\dotnet\sdk\9.0.302\Sdks\Microsoft.SourceLink.GitLab\build\Microsoft.SourceLink.GitLab.targets(13,5): message : Property reassignment: $(SourceControlManagerUrlTranslationTargets)=";TranslateGitHubUrlsInSourceControlInformation;TranslateGitLabUrlsInSourceControlInformation" (previous value: ";TranslateGitHubUrlsInSourceControlInformation") at C:\Program Files\dotnet\sdk\9.0.302\Sdks\Microsoft.SourceLink.GitLab\build\Microsoft.SourceLink.GitLab.targets (13,5)
       C:\Program Files\dotnet\sdk\9.0.302\Sdks\Microsoft.SourceLink.AzureRepos.Git\build\Microsoft.SourceLink.AzureRepos.Git.targets(12,5): message : Property reassignment: $(SourceLinkUrlInitializerTargets)=";_InitializeGitHubSourceLinkUrl;_InitializeGitLabSourceLinkUrl;_InitializeAzureReposGitSourceLinkUrl" (previous value: ";_InitializeGitHubSourceLinkUrl;_InitializeGitLabSourceLinkUrl") at C:\Program Files\dotnet\sdk\9.0.302\Sdks\Microsoft.SourceLink.AzureRepos.Git\build\Microsoft.SourceLink.AzureRepos.Git.targets (12,5)
       C:\Program Files\dotnet\sdk\9.0.302\Sdks\Microsoft.SourceLink.AzureRepos.Git\build\Microsoft.SourceLink.AzureRepos.Git.targets(13,5): message : Property reassignment: $(SourceControlManagerUrlTranslationTargets)=";TranslateGitHubUrlsInSourceControlInformation;TranslateGitLabUrlsInSourceControlInformation;TranslateAzureReposGitUrlsInSourceControlInformation" (previous value: ";TranslateGitHubUrlsInSourceControlInformation;TranslateGitLabUrlsInSourceControlInformation") at C:\Program Files\dotnet\sdk\9.0.302\Sdks\Microsoft.SourceLink.AzureRepos.Git\build\Microsoft.SourceLink.AzureRepos.Git.targets (13,5)
       C:\Program Files\dotnet\sdk\9.0.302\Sdks\Microsoft.SourceLink.Bitbucket.Git\build\Microsoft.SourceLink.Bitbucket.Git.targets(12,5): message : Property reassignment: $(SourceLinkUrlInitializerTargets)=";_InitializeGitHubSourceLinkUrl;_InitializeGitLabSourceLinkUrl;_InitializeAzureReposGitSourceLinkUrl;_InitializeBitbucketGitSourceLinkUrl" (previous value: ";_InitializeGitHubSourceLinkUrl;_InitializeGitLabSourceLinkUrl;_InitializeAzureReposGitSourceLinkUrl") at C:\Program Files\dotnet\sdk\9.0.302\Sdks\Microsoft.SourceLink.Bitbucket.Git\build\Microsoft.SourceLink.Bitbucket.Git.targets (12,5)
       C:\Program Files\dotnet\sdk\9.0.302\Sdks\Microsoft.SourceLink.Bitbucket.Git\build\Microsoft.SourceLink.Bitbucket.Git.targets(13,5): message : Property reassignment: $(SourceControlManagerUrlTranslationTargets)=";TranslateGitHubUrlsInSourceControlInformation;TranslateGitLabUrlsInSourceControlInformation;TranslateAzureReposGitUrlsInSourceControlInformation;TranslateBitbucketGitUrlsInSourceControlInformation" (previous value: ";TranslateGitHubUrlsInSourceControlInformation;TranslateGitLabUrlsInSourceControlInformation;TranslateAzureReposGitUrlsInSourceControlInformation") at C:\Program Files\dotnet\sdk\9.0.302\Sdks\Microsoft.SourceLink.Bitbucket.Git\build\Microsoft.SourceLink.Bitbucket.Git.targets (13,5)
       C:\Program Files\dotnet\sdk\9.0.302\Sdks\Microsoft.NET.Sdk\targets\Microsoft.NET.DesignerSupport.targets(21,5): message : Property reassignment: $(DesignerRuntimeImplementationProjectOutputGroupDependsOn)="
       C:\Program Files\dotnet\sdk\9.0.302\Sdks\Microsoft.NET.Sdk\targets\Microsoft.NET.DesignerSupport.targets(21,5): message :       
       C:\Program Files\dotnet\sdk\9.0.302\Sdks\Microsoft.NET.Sdk\targets\Microsoft.NET.DesignerSupport.targets(21,5): message :       ;
       C:\Program Files\dotnet\sdk\9.0.302\Sdks\Microsoft.NET.Sdk\targets\Microsoft.NET.DesignerSupport.targets(21,5): message :       
       C:\Program Files\dotnet\sdk\9.0.302\Sdks\Microsoft.NET.Sdk\targets\Microsoft.NET.DesignerSupport.targets(21,5): message :       ;
       C:\Program Files\dotnet\sdk\9.0.302\Sdks\Microsoft.NET.Sdk\targets\Microsoft.NET.DesignerSupport.targets(21,5): message :       BuildOnlySettings;
       C:\Program Files\dotnet\sdk\9.0.302\Sdks\Microsoft.NET.Sdk\targets\Microsoft.NET.DesignerSupport.targets(21,5): message :       PrepareForBuild;
       C:\Program Files\dotnet\sdk\9.0.302\Sdks\Microsoft.NET.Sdk\targets\Microsoft.NET.DesignerSupport.targets(21,5): message :       AssignTargetPaths;
       C:\Program Files\dotnet\sdk\9.0.302\Sdks\Microsoft.NET.Sdk\targets\Microsoft.NET.DesignerSupport.targets(21,5): message :       ResolveReferences
       C:\Program Files\dotnet\sdk\9.0.302\Sdks\Microsoft.NET.Sdk\targets\Microsoft.NET.DesignerSupport.targets(21,5): message :     
       C:\Program Files\dotnet\sdk\9.0.302\Sdks\Microsoft.NET.Sdk\targets\Microsoft.NET.DesignerSupport.targets(21,5): message :     ;
       C:\Program Files\dotnet\sdk\9.0.302\Sdks\Microsoft.NET.Sdk\targets\Microsoft.NET.DesignerSupport.targets(21,5): message :       _GenerateDesignerDepsFile;
       C:\Program Files\dotnet\sdk\9.0.302\Sdks\Microsoft.NET.Sdk\targets\Microsoft.NET.DesignerSupport.targets(21,5): message :       _GenerateDesignerRuntimeConfigFile;
       C:\Program Files\dotnet\sdk\9.0.302\Sdks\Microsoft.NET.Sdk\targets\Microsoft.NET.DesignerSupport.targets(21,5): message :       GetCopyToOutputDirectoryItems;
       C:\Program Files\dotnet\sdk\9.0.302\Sdks\Microsoft.NET.Sdk\targets\Microsoft.NET.DesignerSupport.targets(21,5): message :       _GatherDesignerShadowCopyFiles;
       C:\Program Files\dotnet\sdk\9.0.302\Sdks\Microsoft.NET.Sdk\targets\Microsoft.NET.DesignerSupport.targets(21,5): message :     " (previous value: "
       C:\Program Files\dotnet\sdk\9.0.302\Sdks\Microsoft.NET.Sdk\targets\Microsoft.NET.DesignerSupport.targets(21,5): message :       ;
       C:\Program Files\dotnet\sdk\9.0.302\Sdks\Microsoft.NET.Sdk\targets\Microsoft.NET.DesignerSupport.targets(21,5): message :       
       C:\Program Files\dotnet\sdk\9.0.302\Sdks\Microsoft.NET.Sdk\targets\Microsoft.NET.DesignerSupport.targets(21,5): message :       ;
       C:\Program Files\dotnet\sdk\9.0.302\Sdks\Microsoft.NET.Sdk\targets\Microsoft.NET.DesignerSupport.targets(21,5): message :       BuildOnlySettings;
       C:\Program Files\dotnet\sdk\9.0.302\Sdks\Microsoft.NET.Sdk\targets\Microsoft.NET.DesignerSupport.targets(21,5): message :       PrepareForBuild;
       C:\Program Files\dotnet\sdk\9.0.302\Sdks\Microsoft.NET.Sdk\targets\Microsoft.NET.DesignerSupport.targets(21,5): message :       AssignTargetPaths;
       C:\Program Files\dotnet\sdk\9.0.302\Sdks\Microsoft.NET.Sdk\targets\Microsoft.NET.DesignerSupport.targets(21,5): message :       ResolveReferences
       C:\Program Files\dotnet\sdk\9.0.302\Sdks\Microsoft.NET.Sdk\targets\Microsoft.NET.DesignerSupport.targets(21,5): message :     
       C:\Program Files\dotnet\sdk\9.0.302\Sdks\Microsoft.NET.Sdk\targets\Microsoft.NET.DesignerSupport.targets(21,5): message :     ") at C:\Program Files\dotnet\sdk\9.0.302\Sdks\Microsoft.NET.Sdk\targets\Microsoft.NET.DesignerSupport.targets (21,5)
       C:\Program Files\dotnet\sdk\9.0.302\Sdks\Microsoft.NET.Sdk\targets\Microsoft.NET.PackTool.targets(68,5): message : Property reassignment: $(_GenerateToolsSettingsFileCacheFile)="C:\Users\MBEYAZBULUT\Documents\GitHub\EnvanteriX\Presentation\EnvanteriX.WebUI\obj\Debug\net9.0\EnvanteriX.WebUI.toolssettingsinput.cache" (previous value: "obj\Debug\net9.0\EnvanteriX.WebUI.toolssettingsinput.cache") at C:\Program Files\dotnet\sdk\9.0.302\Sdks\Microsoft.NET.Sdk\targets\Microsoft.NET.PackTool.targets (68,5)
       C:\Program Files\dotnet\sdk\9.0.302\Sdks\Microsoft.NET.Sdk\targets\Microsoft.NET.PackTool.targets(137,5): message : Property reassignment: $(_ShimInputCacheFile)="C:\Users\MBEYAZBULUT\Documents\GitHub\EnvanteriX\Presentation\EnvanteriX.WebUI\obj\Debug\net9.0\EnvanteriX.WebUI.shiminput.cache" (previous value: "obj\Debug\net9.0\EnvanteriX.WebUI.shiminput.cache") at C:\Program Files\dotnet\sdk\9.0.302\Sdks\Microsoft.NET.Sdk\targets\Microsoft.NET.PackTool.targets (137,5)
       C:\Program Files\dotnet\sdk\9.0.302\Sdks\Microsoft.NET.Sdk\targets\Microsoft.NET.PackTool.targets(139,5): message : Property reassignment: $(_ShimCreatedSentinelFile)="C:\Users\MBEYAZBULUT\Documents\GitHub\EnvanteriX\Presentation\EnvanteriX.WebUI\obj\Debug\net9.0\EnvanteriX.WebUI.shimcreated.sentinel" (previous value: "obj\Debug\net9.0\EnvanteriX.WebUI.shimcreated.sentinel") at C:\Program Files\dotnet\sdk\9.0.302\Sdks\Microsoft.NET.Sdk\targets\Microsoft.NET.PackTool.targets (139,5)
       C:\Program Files\dotnet\sdk\9.0.302\Sdks\Microsoft.NET.Sdk\targets\Microsoft.NET.Sdk.CSharp.targets(31,5): message : Property reassignment: $(DefineConstants)="TRACE;DEBUG" (previous value: "TRACE") at C:\Program Files\dotnet\sdk\9.0.302\Sdks\Microsoft.NET.Sdk\targets\Microsoft.NET.Sdk.CSharp.targets (31,5)
       C:\Program Files\dotnet\sdk\9.0.302\Sdks\Microsoft.NET.Sdk\targets\Microsoft.NET.Sdk.CSharp.targets(34,5): message : Property reassignment: $(DefineConstants)="TRACE;DEBUG;NET;NET9_0;NETCOREAPP" (previous value: "TRACE;DEBUG") at C:\Program Files\dotnet\sdk\9.0.302\Sdks\Microsoft.NET.Sdk\targets\Microsoft.NET.Sdk.CSharp.targets (34,5)
       C:\Program Files\dotnet\sdk\9.0.302\Sdks\Microsoft.NET.Sdk\targets\Microsoft.NET.Sdk.CSharp.targets(48,5): message : Property reassignment: $(WarningsAsErrors)=";NU1605;SYSLIB0011" (previous value: ";NU1605") at C:\Program Files\dotnet\sdk\9.0.302\Sdks\Microsoft.NET.Sdk\targets\Microsoft.NET.Sdk.CSharp.targets (48,5)
       C:\Program Files\dotnet\sdk\9.0.302\Sdks\NuGet.Build.Tasks.Pack\build\NuGet.Build.Tasks.Pack.targets(34,5): message : Property reassignment: $(PackageDescription)="Package Description" (previous value: "") at C:\Program Files\dotnet\sdk\9.0.302\Sdks\NuGet.Build.Tasks.Pack\build\NuGet.Build.Tasks.Pack.targets (34,5)
       C:\Program Files\dotnet\sdk\9.0.302\Sdks\NuGet.Build.Tasks.Pack\build\NuGet.Build.Tasks.Pack.targets(59,5): message : Property reassignment: $(GenerateNuspecDependsOn)="Build;_LoadPackInputItems; _GetTargetFrameworksOutput; _WalkEachTargetPerFramework; _GetPackageFiles; " (previous value: "_LoadPackInputItems; _GetTargetFrameworksOutput; _WalkEachTargetPerFramework; _GetPackageFiles; ") at C:\Program Files\dotnet\sdk\9.0.302\Sdks\NuGet.Build.Tasks.Pack\build\NuGet.Build.Tasks.Pack.targets (59,5)
       C:\Program Files\dotnet\sdk\9.0.302\Sdks\Microsoft.NET.Sdk\Sdk\Sdk.targets(60,5): message : Property reassignment: $(_IsNotSetContainersTargetsDir)="true" (previous value: "false") at C:\Program Files\dotnet\sdk\9.0.302\Sdks\Microsoft.NET.Sdk\Sdk\Sdk.targets (60,5)
       C:\Program Files\dotnet\sdk\9.0.302\Containers\build\Microsoft.NET.Build.Containers.targets(5,5): message : Property reassignment: $(_IsSDKContainerAllowedVersion)="true" (previous value: "false") at C:\Program Files\dotnet\sdk\9.0.302\Containers\build\Microsoft.NET.Build.Containers.targets (5,5)
       C:\Program Files\dotnet\sdk\9.0.302\Containers\build\Microsoft.NET.Build.Containers.targets(15,5): message : Property reassignment: $(_ContainerIsTargetingNet8TFM)="true" (previous value: "false") at C:\Program Files\dotnet\sdk\9.0.302\Containers\build\Microsoft.NET.Build.Containers.targets (15,5)
       C:\Program Files\dotnet\sdk\9.0.302\Sdks\Microsoft.NET.Sdk.StaticWebAssets\targets\Sdk.StaticWebAssets.CurrentVersion.targets(37,18): message : Property 'DOTNET_HOST_PATH' with value 'C:\Program Files\dotnet\dotnet.exe' expanded from the environment.
       C:\Program Files\dotnet\sdk\9.0.302\Sdks\Microsoft.NET.Sdk.StaticWebAssets\targets\Microsoft.NET.Sdk.StaticWebAssets.targets(286,5): message : Property reassignment: $(PrepareForRunDependsOn)="StaticWebAssetsPrepareForRun;
       C:\Program Files\dotnet\sdk\9.0.302\Sdks\Microsoft.NET.Sdk.StaticWebAssets\targets\Microsoft.NET.Sdk.StaticWebAssets.targets(286,5): message :       CopyFilesToOutputDirectory
       C:\Program Files\dotnet\sdk\9.0.302\Sdks\Microsoft.NET.Sdk.StaticWebAssets\targets\Microsoft.NET.Sdk.StaticWebAssets.targets(286,5): message :     " (previous value: "
       C:\Program Files\dotnet\sdk\9.0.302\Sdks\Microsoft.NET.Sdk.StaticWebAssets\targets\Microsoft.NET.Sdk.StaticWebAssets.targets(286,5): message :       CopyFilesToOutputDirectory
       C:\Program Files\dotnet\sdk\9.0.302\Sdks\Microsoft.NET.Sdk.StaticWebAssets\targets\Microsoft.NET.Sdk.StaticWebAssets.targets(286,5): message :     ") at C:\Program Files\dotnet\sdk\9.0.302\Sdks\Microsoft.NET.Sdk.StaticWebAssets\targets\Microsoft.NET.Sdk.StaticWebAssets.targets (286,5)
       C:\Program Files\dotnet\sdk\9.0.302\Sdks\Microsoft.NET.Sdk.StaticWebAssets\targets\Microsoft.NET.Sdk.StaticWebAssets.targets(323,5): message : Property reassignment: $(GetCopyToOutputDirectoryItemsDependsOn)="
       C:\Program Files\dotnet\sdk\9.0.302\Sdks\Microsoft.NET.Sdk.StaticWebAssets\targets\Microsoft.NET.Sdk.StaticWebAssets.targets(323,5): message :       AssignTargetPaths;
       C:\Program Files\dotnet\sdk\9.0.302\Sdks\Microsoft.NET.Sdk.StaticWebAssets\targets\Microsoft.NET.Sdk.StaticWebAssets.targets(323,5): message :       
       C:\Program Files\dotnet\sdk\9.0.302\Sdks\Microsoft.NET.Sdk.StaticWebAssets\targets\Microsoft.NET.Sdk.StaticWebAssets.targets(323,5): message :       AssignProjectConfiguration;
       C:\Program Files\dotnet\sdk\9.0.302\Sdks\Microsoft.NET.Sdk.StaticWebAssets\targets\Microsoft.NET.Sdk.StaticWebAssets.targets(323,5): message :       _SplitProjectReferencesByFileExistence
       C:\Program Files\dotnet\sdk\9.0.302\Sdks\Microsoft.NET.Sdk.StaticWebAssets\targets\Microsoft.NET.Sdk.StaticWebAssets.targets(323,5): message :     ;
       C:\Program Files\dotnet\sdk\9.0.302\Sdks\Microsoft.NET.Sdk.StaticWebAssets\targets\Microsoft.NET.Sdk.StaticWebAssets.targets(323,5): message :       _GetProjectReferenceTargetFrameworkProperties;
       C:\Program Files\dotnet\sdk\9.0.302\Sdks\Microsoft.NET.Sdk.StaticWebAssets\targets\Microsoft.NET.Sdk.StaticWebAssets.targets(323,5): message :       _PopulateCommonStateForGetCopyToOutputDirectoryItems
       C:\Program Files\dotnet\sdk\9.0.302\Sdks\Microsoft.NET.Sdk.StaticWebAssets\targets\Microsoft.NET.Sdk.StaticWebAssets.targets(323,5): message :     ;AddStaticWebAssetsManifest;AddStaticWebAssetEndpointsBuildManifest" (previous value: "
       C:\Program Files\dotnet\sdk\9.0.302\Sdks\Microsoft.NET.Sdk.StaticWebAssets\targets\Microsoft.NET.Sdk.StaticWebAssets.targets(323,5): message :       AssignTargetPaths;
       C:\Program Files\dotnet\sdk\9.0.302\Sdks\Microsoft.NET.Sdk.StaticWebAssets\targets\Microsoft.NET.Sdk.StaticWebAssets.targets(323,5): message :       
       C:\Program Files\dotnet\sdk\9.0.302\Sdks\Microsoft.NET.Sdk.StaticWebAssets\targets\Microsoft.NET.Sdk.StaticWebAssets.targets(323,5): message :       AssignProjectConfiguration;
       C:\Program Files\dotnet\sdk\9.0.302\Sdks\Microsoft.NET.Sdk.StaticWebAssets\targets\Microsoft.NET.Sdk.StaticWebAssets.targets(323,5): message :       _SplitProjectReferencesByFileExistence
       C:\Program Files\dotnet\sdk\9.0.302\Sdks\Microsoft.NET.Sdk.StaticWebAssets\targets\Microsoft.NET.Sdk.StaticWebAssets.targets(323,5): message :     ;
       C:\Program Files\dotnet\sdk\9.0.302\Sdks\Microsoft.NET.Sdk.StaticWebAssets\targets\Microsoft.NET.Sdk.StaticWebAssets.targets(323,5): message :       _GetProjectReferenceTargetFrameworkProperties;
       C:\Program Files\dotnet\sdk\9.0.302\Sdks\Microsoft.NET.Sdk.StaticWebAssets\targets\Microsoft.NET.Sdk.StaticWebAssets.targets(323,5): message :       _PopulateCommonStateForGetCopyToOutputDirectoryItems
       C:\Program Files\dotnet\sdk\9.0.302\Sdks\Microsoft.NET.Sdk.StaticWebAssets\targets\Microsoft.NET.Sdk.StaticWebAssets.targets(323,5): message :     ") at C:\Program Files\dotnet\sdk\9.0.302\Sdks\Microsoft.NET.Sdk.StaticWebAssets\targets\Microsoft.NET.Sdk.StaticWebAssets.targets (323,5)
       C:\Program Files\dotnet\sdk\9.0.302\Sdks\Microsoft.NET.Sdk.StaticWebAssets\targets\Microsoft.NET.Sdk.StaticWebAssets.Pack.targets(46,5): message : Property reassignment: $(GenerateNuspecDependsOn)="
       C:\Program Files\dotnet\sdk\9.0.302\Sdks\Microsoft.NET.Sdk.StaticWebAssets\targets\Microsoft.NET.Sdk.StaticWebAssets.Pack.targets(46,5): message :       IncludeStaticWebAssetsPackItems;
       C:\Program Files\dotnet\sdk\9.0.302\Sdks\Microsoft.NET.Sdk.StaticWebAssets\targets\Microsoft.NET.Sdk.StaticWebAssets.Pack.targets(46,5): message :       Build;_LoadPackInputItems; _GetTargetFrameworksOutput; _WalkEachTargetPerFramework; _GetPackageFiles; ;
       C:\Program Files\dotnet\sdk\9.0.302\Sdks\Microsoft.NET.Sdk.StaticWebAssets\targets\Microsoft.NET.Sdk.StaticWebAssets.Pack.targets(46,5): message :     " (previous value: "Build;_LoadPackInputItems; _GetTargetFrameworksOutput; _WalkEachTargetPerFramework; _GetPackageFiles; ") at C:\Program Files\dotnet\sdk\9.0.302\Sdks\Microsoft.NET.Sdk.StaticWebAssets\targets\Microsoft.NET.Sdk.StaticWebAssets.Pack.targets (46,5)
       C:\Program Files\dotnet\sdk\9.0.302\Sdks\Microsoft.NET.Sdk.StaticWebAssets\targets\Microsoft.NET.Sdk.StaticWebAssets.Pack.targets(55,5): message : Property reassignment: $(IncludeStaticWebAssetsPackItemsDependsOn)="
       C:\Program Files\dotnet\sdk\9.0.302\Sdks\Microsoft.NET.Sdk.StaticWebAssets\targets\Microsoft.NET.Sdk.StaticWebAssets.Pack.targets(55,5): message :       Build;
       C:\Program Files\dotnet\sdk\9.0.302\Sdks\Microsoft.NET.Sdk.StaticWebAssets\targets\Microsoft.NET.Sdk.StaticWebAssets.Pack.targets(55,5): message :       ResolveStaticWebAssetsConfiguration;LoadStaticWebAssetsBuildManifest
       C:\Program Files\dotnet\sdk\9.0.302\Sdks\Microsoft.NET.Sdk.StaticWebAssets\targets\Microsoft.NET.Sdk.StaticWebAssets.Pack.targets(55,5): message :     ;
       C:\Program Files\dotnet\sdk\9.0.302\Sdks\Microsoft.NET.Sdk.StaticWebAssets\targets\Microsoft.NET.Sdk.StaticWebAssets.Pack.targets(55,5): message :     " (previous value: "
       C:\Program Files\dotnet\sdk\9.0.302\Sdks\Microsoft.NET.Sdk.StaticWebAssets\targets\Microsoft.NET.Sdk.StaticWebAssets.Pack.targets(55,5): message :       ResolveStaticWebAssetsConfiguration;LoadStaticWebAssetsBuildManifest
       C:\Program Files\dotnet\sdk\9.0.302\Sdks\Microsoft.NET.Sdk.StaticWebAssets\targets\Microsoft.NET.Sdk.StaticWebAssets.Pack.targets(55,5): message :     ") at C:\Program Files\dotnet\sdk\9.0.302\Sdks\Microsoft.NET.Sdk.StaticWebAssets\targets\Microsoft.NET.Sdk.StaticWebAssets.Pack.targets (55,5)
       C:\Program Files\dotnet\sdk\9.0.302\Sdks\Microsoft.NET.Sdk.StaticWebAssets\targets\Microsoft.NET.Sdk.StaticWebAssets.ScopedCss.targets(55,3): message : Property reassignment: $(ResolveStaticWebAssetsInputsDependsOn)="
       C:\Program Files\dotnet\sdk\9.0.302\Sdks\Microsoft.NET.Sdk.StaticWebAssets\targets\Microsoft.NET.Sdk.StaticWebAssets.ScopedCss.targets(55,3): message :     
       C:\Program Files\dotnet\sdk\9.0.302\Sdks\Microsoft.NET.Sdk.StaticWebAssets\targets\Microsoft.NET.Sdk.StaticWebAssets.ScopedCss.targets(55,3): message :       ResolveCoreStaticWebAssets;
       C:\Program Files\dotnet\sdk\9.0.302\Sdks\Microsoft.NET.Sdk.StaticWebAssets\targets\Microsoft.NET.Sdk.StaticWebAssets.ScopedCss.targets(55,3): message :       GenerateComputedBuildStaticWebAssets;
       C:\Program Files\dotnet\sdk\9.0.302\Sdks\Microsoft.NET.Sdk.StaticWebAssets\targets\Microsoft.NET.Sdk.StaticWebAssets.ScopedCss.targets(55,3): message :       
       C:\Program Files\dotnet\sdk\9.0.302\Sdks\Microsoft.NET.Sdk.StaticWebAssets\targets\Microsoft.NET.Sdk.StaticWebAssets.ScopedCss.targets(55,3): message :     ;
       C:\Program Files\dotnet\sdk\9.0.302\Sdks\Microsoft.NET.Sdk.StaticWebAssets\targets\Microsoft.NET.Sdk.StaticWebAssets.ScopedCss.targets(55,3): message :     ResolveScopedCssAssets;
       C:\Program Files\dotnet\sdk\9.0.302\Sdks\Microsoft.NET.Sdk.StaticWebAssets\targets\Microsoft.NET.Sdk.StaticWebAssets.ScopedCss.targets(55,3): message :   " (previous value: "
       C:\Program Files\dotnet\sdk\9.0.302\Sdks\Microsoft.NET.Sdk.StaticWebAssets\targets\Microsoft.NET.Sdk.StaticWebAssets.ScopedCss.targets(55,3): message :       ResolveCoreStaticWebAssets;
       C:\Program Files\dotnet\sdk\9.0.302\Sdks\Microsoft.NET.Sdk.StaticWebAssets\targets\Microsoft.NET.Sdk.StaticWebAssets.ScopedCss.targets(55,3): message :       GenerateComputedBuildStaticWebAssets;
       C:\Program Files\dotnet\sdk\9.0.302\Sdks\Microsoft.NET.Sdk.StaticWebAssets\targets\Microsoft.NET.Sdk.StaticWebAssets.ScopedCss.targets(55,3): message :       
       C:\Program Files\dotnet\sdk\9.0.302\Sdks\Microsoft.NET.Sdk.StaticWebAssets\targets\Microsoft.NET.Sdk.StaticWebAssets.ScopedCss.targets(55,3): message :     ") at C:\Program Files\dotnet\sdk\9.0.302\Sdks\Microsoft.NET.Sdk.StaticWebAssets\targets\Microsoft.NET.Sdk.StaticWebAssets.ScopedCss.targets (55,3)
       C:\Program Files\dotnet\sdk\9.0.302\Sdks\Microsoft.NET.Sdk.StaticWebAssets\targets\Microsoft.NET.Sdk.StaticWebAssets.ScopedCss.targets(88,3): message : Property reassignment: $(GenerateComputedBuildStaticWebAssetsDependsOn)="
       C:\Program Files\dotnet\sdk\9.0.302\Sdks\Microsoft.NET.Sdk.StaticWebAssets\targets\Microsoft.NET.Sdk.StaticWebAssets.ScopedCss.targets(88,3): message :     ResolveCoreStaticWebAssets;;
       C:\Program Files\dotnet\sdk\9.0.302\Sdks\Microsoft.NET.Sdk.StaticWebAssets\targets\Microsoft.NET.Sdk.StaticWebAssets.ScopedCss.targets(88,3): message :     BundleScopedCssFiles;
       C:\Program Files\dotnet\sdk\9.0.302\Sdks\Microsoft.NET.Sdk.StaticWebAssets\targets\Microsoft.NET.Sdk.StaticWebAssets.ScopedCss.targets(88,3): message :   " (previous value: "ResolveCoreStaticWebAssets;") at C:\Program Files\dotnet\sdk\9.0.302\Sdks\Microsoft.NET.Sdk.StaticWebAssets\targets\Microsoft.NET.Sdk.StaticWebAssets.ScopedCss.targets (88,3)
       C:\Program Files\dotnet\sdk\9.0.302\Sdks\Microsoft.NET.Sdk.StaticWebAssets\targets\Microsoft.NET.Sdk.StaticWebAssets.JSModules.targets(37,5): message : Property reassignment: $(ResolveCoreStaticWebAssetsDependsOn)="
       C:\Program Files\dotnet\sdk\9.0.302\Sdks\Microsoft.NET.Sdk.StaticWebAssets\targets\Microsoft.NET.Sdk.StaticWebAssets.JSModules.targets(37,5): message :       
       C:\Program Files\dotnet\sdk\9.0.302\Sdks\Microsoft.NET.Sdk.StaticWebAssets\targets\Microsoft.NET.Sdk.StaticWebAssets.JSModules.targets(37,5): message :       UpdateExistingPackageStaticWebAssets;
       C:\Program Files\dotnet\sdk\9.0.302\Sdks\Microsoft.NET.Sdk.StaticWebAssets\targets\Microsoft.NET.Sdk.StaticWebAssets.JSModules.targets(37,5): message :       ResolveProjectStaticWebAssets;
       C:\Program Files\dotnet\sdk\9.0.302\Sdks\Microsoft.NET.Sdk.StaticWebAssets\targets\Microsoft.NET.Sdk.StaticWebAssets.JSModules.targets(37,5): message :       ResolveEmbeddedProjectsStaticWebAssets;
       C:\Program Files\dotnet\sdk\9.0.302\Sdks\Microsoft.NET.Sdk.StaticWebAssets\targets\Microsoft.NET.Sdk.StaticWebAssets.JSModules.targets(37,5): message :       ResolveReferencedProjectsStaticWebAssets;
       C:\Program Files\dotnet\sdk\9.0.302\Sdks\Microsoft.NET.Sdk.StaticWebAssets\targets\Microsoft.NET.Sdk.StaticWebAssets.JSModules.targets(37,5): message :       ;
       C:\Program Files\dotnet\sdk\9.0.302\Sdks\Microsoft.NET.Sdk.StaticWebAssets\targets\Microsoft.NET.Sdk.StaticWebAssets.JSModules.targets(37,5): message :     ;
       C:\Program Files\dotnet\sdk\9.0.302\Sdks\Microsoft.NET.Sdk.StaticWebAssets\targets\Microsoft.NET.Sdk.StaticWebAssets.JSModules.targets(37,5): message :       ResolveJsInitializerModuleStaticWebAssets;
       C:\Program Files\dotnet\sdk\9.0.302\Sdks\Microsoft.NET.Sdk.StaticWebAssets\targets\Microsoft.NET.Sdk.StaticWebAssets.JSModules.targets(37,5): message :     " (previous value: "
       C:\Program Files\dotnet\sdk\9.0.302\Sdks\Microsoft.NET.Sdk.StaticWebAssets\targets\Microsoft.NET.Sdk.StaticWebAssets.JSModules.targets(37,5): message :       UpdateExistingPackageStaticWebAssets;
       C:\Program Files\dotnet\sdk\9.0.302\Sdks\Microsoft.NET.Sdk.StaticWebAssets\targets\Microsoft.NET.Sdk.StaticWebAssets.JSModules.targets(37,5): message :       ResolveProjectStaticWebAssets;
       C:\Program Files\dotnet\sdk\9.0.302\Sdks\Microsoft.NET.Sdk.StaticWebAssets\targets\Microsoft.NET.Sdk.StaticWebAssets.JSModules.targets(37,5): message :       ResolveEmbeddedProjectsStaticWebAssets;
       C:\Program Files\dotnet\sdk\9.0.302\Sdks\Microsoft.NET.Sdk.StaticWebAssets\targets\Microsoft.NET.Sdk.StaticWebAssets.JSModules.targets(37,5): message :       ResolveReferencedProjectsStaticWebAssets;
       C:\Program Files\dotnet\sdk\9.0.302\Sdks\Microsoft.NET.Sdk.StaticWebAssets\targets\Microsoft.NET.Sdk.StaticWebAssets.JSModules.targets(37,5): message :       ;
       C:\Program Files\dotnet\sdk\9.0.302\Sdks\Microsoft.NET.Sdk.StaticWebAssets\targets\Microsoft.NET.Sdk.StaticWebAssets.JSModules.targets(37,5): message :     ") at C:\Program Files\dotnet\sdk\9.0.302\Sdks\Microsoft.NET.Sdk.StaticWebAssets\targets\Microsoft.NET.Sdk.StaticWebAssets.JSModules.targets (37,5)
       C:\Program Files\dotnet\sdk\9.0.302\Sdks\Microsoft.NET.Sdk.StaticWebAssets\targets\Microsoft.NET.Sdk.StaticWebAssets.JSModules.targets(42,5): message : Property reassignment: $(ResolveCoreStaticWebAssetsDependsOn)="
       C:\Program Files\dotnet\sdk\9.0.302\Sdks\Microsoft.NET.Sdk.StaticWebAssets\targets\Microsoft.NET.Sdk.StaticWebAssets.JSModules.targets(42,5): message :       
       C:\Program Files\dotnet\sdk\9.0.302\Sdks\Microsoft.NET.Sdk.StaticWebAssets\targets\Microsoft.NET.Sdk.StaticWebAssets.JSModules.targets(42,5): message :       
       C:\Program Files\dotnet\sdk\9.0.302\Sdks\Microsoft.NET.Sdk.StaticWebAssets\targets\Microsoft.NET.Sdk.StaticWebAssets.JSModules.targets(42,5): message :       UpdateExistingPackageStaticWebAssets;
       C:\Program Files\dotnet\sdk\9.0.302\Sdks\Microsoft.NET.Sdk.StaticWebAssets\targets\Microsoft.NET.Sdk.StaticWebAssets.JSModules.targets(42,5): message :       ResolveProjectStaticWebAssets;
       C:\Program Files\dotnet\sdk\9.0.302\Sdks\Microsoft.NET.Sdk.StaticWebAssets\targets\Microsoft.NET.Sdk.StaticWebAssets.JSModules.targets(42,5): message :       ResolveEmbeddedProjectsStaticWebAssets;
       C:\Program Files\dotnet\sdk\9.0.302\Sdks\Microsoft.NET.Sdk.StaticWebAssets\targets\Microsoft.NET.Sdk.StaticWebAssets.JSModules.targets(42,5): message :       ResolveReferencedProjectsStaticWebAssets;
       C:\Program Files\dotnet\sdk\9.0.302\Sdks\Microsoft.NET.Sdk.StaticWebAssets\targets\Microsoft.NET.Sdk.StaticWebAssets.JSModules.targets(42,5): message :       ;
       C:\Program Files\dotnet\sdk\9.0.302\Sdks\Microsoft.NET.Sdk.StaticWebAssets\targets\Microsoft.NET.Sdk.StaticWebAssets.JSModules.targets(42,5): message :     ;
       C:\Program Files\dotnet\sdk\9.0.302\Sdks\Microsoft.NET.Sdk.StaticWebAssets\targets\Microsoft.NET.Sdk.StaticWebAssets.JSModules.targets(42,5): message :       ResolveJsInitializerModuleStaticWebAssets;
       C:\Program Files\dotnet\sdk\9.0.302\Sdks\Microsoft.NET.Sdk.StaticWebAssets\targets\Microsoft.NET.Sdk.StaticWebAssets.JSModules.targets(42,5): message :     ;
       C:\Program Files\dotnet\sdk\9.0.302\Sdks\Microsoft.NET.Sdk.StaticWebAssets\targets\Microsoft.NET.Sdk.StaticWebAssets.JSModules.targets(42,5): message :       ResolveJSModuleStaticWebAssets;
       C:\Program Files\dotnet\sdk\9.0.302\Sdks\Microsoft.NET.Sdk.StaticWebAssets\targets\Microsoft.NET.Sdk.StaticWebAssets.JSModules.targets(42,5): message :     " (previous value: "
       C:\Program Files\dotnet\sdk\9.0.302\Sdks\Microsoft.NET.Sdk.StaticWebAssets\targets\Microsoft.NET.Sdk.StaticWebAssets.JSModules.targets(42,5): message :       
       C:\Program Files\dotnet\sdk\9.0.302\Sdks\Microsoft.NET.Sdk.StaticWebAssets\targets\Microsoft.NET.Sdk.StaticWebAssets.JSModules.targets(42,5): message :       UpdateExistingPackageStaticWebAssets;
       C:\Program Files\dotnet\sdk\9.0.302\Sdks\Microsoft.NET.Sdk.StaticWebAssets\targets\Microsoft.NET.Sdk.StaticWebAssets.JSModules.targets(42,5): message :       ResolveProjectStaticWebAssets;
       C:\Program Files\dotnet\sdk\9.0.302\Sdks\Microsoft.NET.Sdk.StaticWebAssets\targets\Microsoft.NET.Sdk.StaticWebAssets.JSModules.targets(42,5): message :       ResolveEmbeddedProjectsStaticWebAssets;
       C:\Program Files\dotnet\sdk\9.0.302\Sdks\Microsoft.NET.Sdk.StaticWebAssets\targets\Microsoft.NET.Sdk.StaticWebAssets.JSModules.targets(42,5): message :       ResolveReferencedProjectsStaticWebAssets;
       C:\Program Files\dotnet\sdk\9.0.302\Sdks\Microsoft.NET.Sdk.StaticWebAssets\targets\Microsoft.NET.Sdk.StaticWebAssets.JSModules.targets(42,5): message :       ;
       C:\Program Files\dotnet\sdk\9.0.302\Sdks\Microsoft.NET.Sdk.StaticWebAssets\targets\Microsoft.NET.Sdk.StaticWebAssets.JSModules.targets(42,5): message :     ;
       C:\Program Files\dotnet\sdk\9.0.302\Sdks\Microsoft.NET.Sdk.StaticWebAssets\targets\Microsoft.NET.Sdk.StaticWebAssets.JSModules.targets(42,5): message :       ResolveJsInitializerModuleStaticWebAssets;
       C:\Program Files\dotnet\sdk\9.0.302\Sdks\Microsoft.NET.Sdk.StaticWebAssets\targets\Microsoft.NET.Sdk.StaticWebAssets.JSModules.targets(42,5): message :     ") at C:\Program Files\dotnet\sdk\9.0.302\Sdks\Microsoft.NET.Sdk.StaticWebAssets\targets\Microsoft.NET.Sdk.StaticWebAssets.JSModules.targets (42,5)
       C:\Program Files\dotnet\sdk\9.0.302\Sdks\Microsoft.NET.Sdk.StaticWebAssets\targets\Microsoft.NET.Sdk.StaticWebAssets.JSModules.targets(57,5): message : Property reassignment: $(ResolveStaticWebAssetsInputsDependsOn)="
       C:\Program Files\dotnet\sdk\9.0.302\Sdks\Microsoft.NET.Sdk.StaticWebAssets\targets\Microsoft.NET.Sdk.StaticWebAssets.JSModules.targets(57,5): message :       ResolveJSModuleManifestBuildStaticWebAssets;
       C:\Program Files\dotnet\sdk\9.0.302\Sdks\Microsoft.NET.Sdk.StaticWebAssets\targets\Microsoft.NET.Sdk.StaticWebAssets.JSModules.targets(57,5): message :       
       C:\Program Files\dotnet\sdk\9.0.302\Sdks\Microsoft.NET.Sdk.StaticWebAssets\targets\Microsoft.NET.Sdk.StaticWebAssets.JSModules.targets(57,5): message :     
       C:\Program Files\dotnet\sdk\9.0.302\Sdks\Microsoft.NET.Sdk.StaticWebAssets\targets\Microsoft.NET.Sdk.StaticWebAssets.JSModules.targets(57,5): message :       ResolveCoreStaticWebAssets;
       C:\Program Files\dotnet\sdk\9.0.302\Sdks\Microsoft.NET.Sdk.StaticWebAssets\targets\Microsoft.NET.Sdk.StaticWebAssets.JSModules.targets(57,5): message :       GenerateComputedBuildStaticWebAssets;
       C:\Program Files\dotnet\sdk\9.0.302\Sdks\Microsoft.NET.Sdk.StaticWebAssets\targets\Microsoft.NET.Sdk.StaticWebAssets.JSModules.targets(57,5): message :       
       C:\Program Files\dotnet\sdk\9.0.302\Sdks\Microsoft.NET.Sdk.StaticWebAssets\targets\Microsoft.NET.Sdk.StaticWebAssets.JSModules.targets(57,5): message :     ;
       C:\Program Files\dotnet\sdk\9.0.302\Sdks\Microsoft.NET.Sdk.StaticWebAssets\targets\Microsoft.NET.Sdk.StaticWebAssets.JSModules.targets(57,5): message :     ResolveScopedCssAssets;
       C:\Program Files\dotnet\sdk\9.0.302\Sdks\Microsoft.NET.Sdk.StaticWebAssets\targets\Microsoft.NET.Sdk.StaticWebAssets.JSModules.targets(57,5): message :   
       C:\Program Files\dotnet\sdk\9.0.302\Sdks\Microsoft.NET.Sdk.StaticWebAssets\targets\Microsoft.NET.Sdk.StaticWebAssets.JSModules.targets(57,5): message :     " (previous value: "
       C:\Program Files\dotnet\sdk\9.0.302\Sdks\Microsoft.NET.Sdk.StaticWebAssets\targets\Microsoft.NET.Sdk.StaticWebAssets.JSModules.targets(57,5): message :     
       C:\Program Files\dotnet\sdk\9.0.302\Sdks\Microsoft.NET.Sdk.StaticWebAssets\targets\Microsoft.NET.Sdk.StaticWebAssets.JSModules.targets(57,5): message :       ResolveCoreStaticWebAssets;
       C:\Program Files\dotnet\sdk\9.0.302\Sdks\Microsoft.NET.Sdk.StaticWebAssets\targets\Microsoft.NET.Sdk.StaticWebAssets.JSModules.targets(57,5): message :       GenerateComputedBuildStaticWebAssets;
       C:\Program Files\dotnet\sdk\9.0.302\Sdks\Microsoft.NET.Sdk.StaticWebAssets\targets\Microsoft.NET.Sdk.StaticWebAssets.JSModules.targets(57,5): message :       
       C:\Program Files\dotnet\sdk\9.0.302\Sdks\Microsoft.NET.Sdk.StaticWebAssets\targets\Microsoft.NET.Sdk.StaticWebAssets.JSModules.targets(57,5): message :     ;
       C:\Program Files\dotnet\sdk\9.0.302\Sdks\Microsoft.NET.Sdk.StaticWebAssets\targets\Microsoft.NET.Sdk.StaticWebAssets.JSModules.targets(57,5): message :     ResolveScopedCssAssets;
       C:\Program Files\dotnet\sdk\9.0.302\Sdks\Microsoft.NET.Sdk.StaticWebAssets\targets\Microsoft.NET.Sdk.StaticWebAssets.JSModules.targets(57,5): message :   ") at C:\Program Files\dotnet\sdk\9.0.302\Sdks\Microsoft.NET.Sdk.StaticWebAssets\targets\Microsoft.NET.Sdk.StaticWebAssets.JSModules.targets (57,5)
       C:\Program Files\dotnet\sdk\9.0.302\Sdks\Microsoft.NET.Sdk.StaticWebAssets\targets\Microsoft.NET.Sdk.StaticWebAssets.JSModules.targets(76,5): message : Property reassignment: $(ResolvePublishStaticWebAssetsDependsOn)="
       C:\Program Files\dotnet\sdk\9.0.302\Sdks\Microsoft.NET.Sdk.StaticWebAssets\targets\Microsoft.NET.Sdk.StaticWebAssets.JSModules.targets(76,5): message :       ResolveJSModuleManifestPublishStaticWebAssets;
       C:\Program Files\dotnet\sdk\9.0.302\Sdks\Microsoft.NET.Sdk.StaticWebAssets\targets\Microsoft.NET.Sdk.StaticWebAssets.JSModules.targets(76,5): message :       
       C:\Program Files\dotnet\sdk\9.0.302\Sdks\Microsoft.NET.Sdk.StaticWebAssets\targets\Microsoft.NET.Sdk.StaticWebAssets.JSModules.targets(76,5): message :       ResolveCorePublishStaticWebAssets;
       C:\Program Files\dotnet\sdk\9.0.302\Sdks\Microsoft.NET.Sdk.StaticWebAssets\targets\Microsoft.NET.Sdk.StaticWebAssets.JSModules.targets(76,5): message :       GenerateComputedPublishStaticWebAssets;
       C:\Program Files\dotnet\sdk\9.0.302\Sdks\Microsoft.NET.Sdk.StaticWebAssets\targets\Microsoft.NET.Sdk.StaticWebAssets.JSModules.targets(76,5): message :       ;
       C:\Program Files\dotnet\sdk\9.0.302\Sdks\Microsoft.NET.Sdk.StaticWebAssets\targets\Microsoft.NET.Sdk.StaticWebAssets.JSModules.targets(76,5): message :     
       C:\Program Files\dotnet\sdk\9.0.302\Sdks\Microsoft.NET.Sdk.StaticWebAssets\targets\Microsoft.NET.Sdk.StaticWebAssets.JSModules.targets(76,5): message :     " (previous value: "
       C:\Program Files\dotnet\sdk\9.0.302\Sdks\Microsoft.NET.Sdk.StaticWebAssets\targets\Microsoft.NET.Sdk.StaticWebAssets.JSModules.targets(76,5): message :       ResolveCorePublishStaticWebAssets;
       C:\Program Files\dotnet\sdk\9.0.302\Sdks\Microsoft.NET.Sdk.StaticWebAssets\targets\Microsoft.NET.Sdk.StaticWebAssets.JSModules.targets(76,5): message :       GenerateComputedPublishStaticWebAssets;
       C:\Program Files\dotnet\sdk\9.0.302\Sdks\Microsoft.NET.Sdk.StaticWebAssets\targets\Microsoft.NET.Sdk.StaticWebAssets.JSModules.targets(76,5): message :       ;
       C:\Program Files\dotnet\sdk\9.0.302\Sdks\Microsoft.NET.Sdk.StaticWebAssets\targets\Microsoft.NET.Sdk.StaticWebAssets.JSModules.targets(76,5): message :     ") at C:\Program Files\dotnet\sdk\9.0.302\Sdks\Microsoft.NET.Sdk.StaticWebAssets\targets\Microsoft.NET.Sdk.StaticWebAssets.JSModules.targets (76,5)
       C:\Program Files\dotnet\sdk\9.0.302\Sdks\Microsoft.NET.Sdk.StaticWebAssets\targets\Microsoft.NET.Sdk.StaticWebAssets.Compression.targets(179,5): message : Property reassignment: $(ResolveBuildRelatedStaticWebAssetsDependsOn)="
       C:\Program Files\dotnet\sdk\9.0.302\Sdks\Microsoft.NET.Sdk.StaticWebAssets\targets\Microsoft.NET.Sdk.StaticWebAssets.Compression.targets(179,5): message :       ResolveBuildCompressedStaticWebAssets;
       C:\Program Files\dotnet\sdk\9.0.302\Sdks\Microsoft.NET.Sdk.StaticWebAssets\targets\Microsoft.NET.Sdk.StaticWebAssets.Compression.targets(179,5): message :       
       C:\Program Files\dotnet\sdk\9.0.302\Sdks\Microsoft.NET.Sdk.StaticWebAssets\targets\Microsoft.NET.Sdk.StaticWebAssets.Compression.targets(179,5): message :       ResolveStaticWebAssetsInputs;
       C:\Program Files\dotnet\sdk\9.0.302\Sdks\Microsoft.NET.Sdk.StaticWebAssets\targets\Microsoft.NET.Sdk.StaticWebAssets.Compression.targets(179,5): message :       
       C:\Program Files\dotnet\sdk\9.0.302\Sdks\Microsoft.NET.Sdk.StaticWebAssets\targets\Microsoft.NET.Sdk.StaticWebAssets.Compression.targets(179,5): message :     
       C:\Program Files\dotnet\sdk\9.0.302\Sdks\Microsoft.NET.Sdk.StaticWebAssets\targets\Microsoft.NET.Sdk.StaticWebAssets.Compression.targets(179,5): message :     " (previous value: "
       C:\Program Files\dotnet\sdk\9.0.302\Sdks\Microsoft.NET.Sdk.StaticWebAssets\targets\Microsoft.NET.Sdk.StaticWebAssets.Compression.targets(179,5): message :       ResolveStaticWebAssetsInputs;
       C:\Program Files\dotnet\sdk\9.0.302\Sdks\Microsoft.NET.Sdk.StaticWebAssets\targets\Microsoft.NET.Sdk.StaticWebAssets.Compression.targets(179,5): message :       
       C:\Program Files\dotnet\sdk\9.0.302\Sdks\Microsoft.NET.Sdk.StaticWebAssets\targets\Microsoft.NET.Sdk.StaticWebAssets.Compression.targets(179,5): message :     ") at C:\Program Files\dotnet\sdk\9.0.302\Sdks\Microsoft.NET.Sdk.StaticWebAssets\targets\Microsoft.NET.Sdk.StaticWebAssets.Compression.targets (179,5)
       C:\Program Files\dotnet\sdk\9.0.302\Sdks\Microsoft.NET.Sdk.StaticWebAssets\targets\Microsoft.NET.Sdk.StaticWebAssets.Compression.targets(198,5): message : Property reassignment: $(ResolvePublishRelatedStaticWebAssetsDependsOn)="
       C:\Program Files\dotnet\sdk\9.0.302\Sdks\Microsoft.NET.Sdk.StaticWebAssets\targets\Microsoft.NET.Sdk.StaticWebAssets.Compression.targets(198,5): message :       ResolvePublishCompressedStaticWebAssets;
       C:\Program Files\dotnet\sdk\9.0.302\Sdks\Microsoft.NET.Sdk.StaticWebAssets\targets\Microsoft.NET.Sdk.StaticWebAssets.Compression.targets(198,5): message :       
       C:\Program Files\dotnet\sdk\9.0.302\Sdks\Microsoft.NET.Sdk.StaticWebAssets\targets\Microsoft.NET.Sdk.StaticWebAssets.Compression.targets(198,5): message :     " (previous value: "") at C:\Program Files\dotnet\sdk\9.0.302\Sdks\Microsoft.NET.Sdk.StaticWebAssets\targets\Microsoft.NET.Sdk.StaticWebAssets.Compression.targets (198,5)
       C:\Program Files\dotnet\sdk\9.0.302\Sdks\Microsoft.NET.Sdk.Razor\targets\Sdk.Razor.CurrentVersion.targets(205,5): message : Property reassignment: $(DebugSymbolsProjectOutputGroupDependsOn)="
       C:\Program Files\dotnet\sdk\9.0.302\Sdks\Microsoft.NET.Sdk.Razor\targets\Sdk.Razor.CurrentVersion.targets(205,5): message :       ;
       C:\Program Files\dotnet\sdk\9.0.302\Sdks\Microsoft.NET.Sdk.Razor\targets\Sdk.Razor.CurrentVersion.targets(205,5): message :       _RazorAddDebugSymbolsProjectOutputGroupOutput
       C:\Program Files\dotnet\sdk\9.0.302\Sdks\Microsoft.NET.Sdk.Razor\targets\Sdk.Razor.CurrentVersion.targets(205,5): message :     " (previous value: "") at C:\Program Files\dotnet\sdk\9.0.302\Sdks\Microsoft.NET.Sdk.Razor\targets\Sdk.Razor.CurrentVersion.targets (205,5)
       C:\Program Files\dotnet\sdk\9.0.302\Sdks\Microsoft.NET.Sdk.Razor\targets\Sdk.Razor.CurrentVersion.targets(210,5): message : Property reassignment: $(PrepareForBuildDependsOn)="
       C:\Program Files\dotnet\sdk\9.0.302\Sdks\Microsoft.NET.Sdk.Razor\targets\Sdk.Razor.CurrentVersion.targets(210,5): message :       BundleMinify;;GetFrameworkPaths;GetReferenceAssemblyPaths;AssignLinkMetadata;
       C:\Program Files\dotnet\sdk\9.0.302\Sdks\Microsoft.NET.Sdk.Razor\targets\Sdk.Razor.CurrentVersion.targets(210,5): message :       ResolveRazorGenerateInputs
       C:\Program Files\dotnet\sdk\9.0.302\Sdks\Microsoft.NET.Sdk.Razor\targets\Sdk.Razor.CurrentVersion.targets(210,5): message :     " (previous value: "BundleMinify;;GetFrameworkPaths;GetReferenceAssemblyPaths;AssignLinkMetadata") at C:\Program Files\dotnet\sdk\9.0.302\Sdks\Microsoft.NET.Sdk.Razor\targets\Sdk.Razor.CurrentVersion.targets (210,5)
       C:\Program Files\dotnet\sdk\9.0.302\Sdks\Microsoft.NET.Sdk.Razor\targets\Sdk.Razor.CurrentVersion.targets(215,5): message : Property reassignment: $(GenerateNuspecDependsOn)="
       C:\Program Files\dotnet\sdk\9.0.302\Sdks\Microsoft.NET.Sdk.Razor\targets\Sdk.Razor.CurrentVersion.targets(215,5): message :       ResolveRazorGenerateInputs;
       C:\Program Files\dotnet\sdk\9.0.302\Sdks\Microsoft.NET.Sdk.Razor\targets\Sdk.Razor.CurrentVersion.targets(215,5): message :       
       C:\Program Files\dotnet\sdk\9.0.302\Sdks\Microsoft.NET.Sdk.Razor\targets\Sdk.Razor.CurrentVersion.targets(215,5): message :       IncludeStaticWebAssetsPackItems;
       C:\Program Files\dotnet\sdk\9.0.302\Sdks\Microsoft.NET.Sdk.Razor\targets\Sdk.Razor.CurrentVersion.targets(215,5): message :       Build;_LoadPackInputItems; _GetTargetFrameworksOutput; _WalkEachTargetPerFramework; _GetPackageFiles; ;
       C:\Program Files\dotnet\sdk\9.0.302\Sdks\Microsoft.NET.Sdk.Razor\targets\Sdk.Razor.CurrentVersion.targets(215,5): message :     
       C:\Program Files\dotnet\sdk\9.0.302\Sdks\Microsoft.NET.Sdk.Razor\targets\Sdk.Razor.CurrentVersion.targets(215,5): message :     " (previous value: "
       C:\Program Files\dotnet\sdk\9.0.302\Sdks\Microsoft.NET.Sdk.Razor\targets\Sdk.Razor.CurrentVersion.targets(215,5): message :       IncludeStaticWebAssetsPackItems;
       C:\Program Files\dotnet\sdk\9.0.302\Sdks\Microsoft.NET.Sdk.Razor\targets\Sdk.Razor.CurrentVersion.targets(215,5): message :       Build;_LoadPackInputItems; _GetTargetFrameworksOutput; _WalkEachTargetPerFramework; _GetPackageFiles; ;
       C:\Program Files\dotnet\sdk\9.0.302\Sdks\Microsoft.NET.Sdk.Razor\targets\Sdk.Razor.CurrentVersion.targets(215,5): message :     ") at C:\Program Files\dotnet\sdk\9.0.302\Sdks\Microsoft.NET.Sdk.Razor\targets\Sdk.Razor.CurrentVersion.targets (215,5)
       C:\Program Files\dotnet\sdk\9.0.302\Sdks\Microsoft.NET.Sdk.Razor\targets\Sdk.Razor.CurrentVersion.targets(220,5): message : Property reassignment: $(PrepareForRunDependsOn)="
       C:\Program Files\dotnet\sdk\9.0.302\Sdks\Microsoft.NET.Sdk.Razor\targets\Sdk.Razor.CurrentVersion.targets(220,5): message :       _RazorPrepareForRun;
       C:\Program Files\dotnet\sdk\9.0.302\Sdks\Microsoft.NET.Sdk.Razor\targets\Sdk.Razor.CurrentVersion.targets(220,5): message :       StaticWebAssetsPrepareForRun;
       C:\Program Files\dotnet\sdk\9.0.302\Sdks\Microsoft.NET.Sdk.Razor\targets\Sdk.Razor.CurrentVersion.targets(220,5): message :       CopyFilesToOutputDirectory
       C:\Program Files\dotnet\sdk\9.0.302\Sdks\Microsoft.NET.Sdk.Razor\targets\Sdk.Razor.CurrentVersion.targets(220,5): message :     
       C:\Program Files\dotnet\sdk\9.0.302\Sdks\Microsoft.NET.Sdk.Razor\targets\Sdk.Razor.CurrentVersion.targets(220,5): message :     " (previous value: "StaticWebAssetsPrepareForRun;
       C:\Program Files\dotnet\sdk\9.0.302\Sdks\Microsoft.NET.Sdk.Razor\targets\Sdk.Razor.CurrentVersion.targets(220,5): message :       CopyFilesToOutputDirectory
       C:\Program Files\dotnet\sdk\9.0.302\Sdks\Microsoft.NET.Sdk.Razor\targets\Sdk.Razor.CurrentVersion.targets(220,5): message :     ") at C:\Program Files\dotnet\sdk\9.0.302\Sdks\Microsoft.NET.Sdk.Razor\targets\Sdk.Razor.CurrentVersion.targets (220,5)
       C:\Program Files\dotnet\sdk\9.0.302\Sdks\Microsoft.NET.Sdk.Razor\targets\Sdk.Razor.CurrentVersion.targets(311,5): message : Property reassignment: $(UseRazorBuildServer)="true" (previous value: "") at C:\Program Files\dotnet\sdk\9.0.302\Sdks\Microsoft.NET.Sdk.Razor\targets\Sdk.Razor.CurrentVersion.targets (311,5)
       C:\Program Files\dotnet\sdk\9.0.302\Sdks\Microsoft.NET.Sdk.Razor\targets\Sdk.Razor.CurrentVersion.targets(317,5): message : Property reassignment: $(_RazorDebugSymbolsProduced)="true" (previous value: "false") at C:\Program Files\dotnet\sdk\9.0.302\Sdks\Microsoft.NET.Sdk.Razor\targets\Sdk.Razor.CurrentVersion.targets (317,5)
       C:\Program Files\dotnet\sdk\9.0.302\Sdks\Microsoft.NET.Sdk.Razor\targets\Microsoft.NET.Sdk.Razor.GenerateAssemblyInfo.targets(36,5): message : Property reassignment: $(GenerateRazorTargetAssemblyInfoDependsOn)="
       C:\Program Files\dotnet\sdk\9.0.302\Sdks\Microsoft.NET.Sdk.Razor\targets\Microsoft.NET.Sdk.Razor.GenerateAssemblyInfo.targets(36,5): message :       _ResolveMvcAssemblyAttributes;
       C:\Program Files\dotnet\sdk\9.0.302\Sdks\Microsoft.NET.Sdk.Razor\targets\Microsoft.NET.Sdk.Razor.GenerateAssemblyInfo.targets(36,5): message :       
       C:\Program Files\dotnet\sdk\9.0.302\Sdks\Microsoft.NET.Sdk.Razor\targets\Microsoft.NET.Sdk.Razor.GenerateAssemblyInfo.targets(36,5): message :       GetRazorTargetAssemblyAttributes;
       C:\Program Files\dotnet\sdk\9.0.302\Sdks\Microsoft.NET.Sdk.Razor\targets\Microsoft.NET.Sdk.Razor.GenerateAssemblyInfo.targets(36,5): message :       _CreateRazorTargetAssemblyInfoInputsCacheFile;
       C:\Program Files\dotnet\sdk\9.0.302\Sdks\Microsoft.NET.Sdk.Razor\targets\Microsoft.NET.Sdk.Razor.GenerateAssemblyInfo.targets(36,5): message :       CoreGenerateRazorTargetAssemblyInfo
       C:\Program Files\dotnet\sdk\9.0.302\Sdks\Microsoft.NET.Sdk.Razor\targets\Microsoft.NET.Sdk.Razor.GenerateAssemblyInfo.targets(36,5): message :     
       C:\Program Files\dotnet\sdk\9.0.302\Sdks\Microsoft.NET.Sdk.Razor\targets\Microsoft.NET.Sdk.Razor.GenerateAssemblyInfo.targets(36,5): message :     " (previous value: "
       C:\Program Files\dotnet\sdk\9.0.302\Sdks\Microsoft.NET.Sdk.Razor\targets\Microsoft.NET.Sdk.Razor.GenerateAssemblyInfo.targets(36,5): message :       GetRazorTargetAssemblyAttributes;
       C:\Program Files\dotnet\sdk\9.0.302\Sdks\Microsoft.NET.Sdk.Razor\targets\Microsoft.NET.Sdk.Razor.GenerateAssemblyInfo.targets(36,5): message :       _CreateRazorTargetAssemblyInfoInputsCacheFile;
       C:\Program Files\dotnet\sdk\9.0.302\Sdks\Microsoft.NET.Sdk.Razor\targets\Microsoft.NET.Sdk.Razor.GenerateAssemblyInfo.targets(36,5): message :       CoreGenerateRazorTargetAssemblyInfo
       C:\Program Files\dotnet\sdk\9.0.302\Sdks\Microsoft.NET.Sdk.Razor\targets\Microsoft.NET.Sdk.Razor.GenerateAssemblyInfo.targets(36,5): message :     ") at C:\Program Files\dotnet\sdk\9.0.302\Sdks\Microsoft.NET.Sdk.Razor\targets\Microsoft.NET.Sdk.Razor.GenerateAssemblyInfo.targets (36,5)
       C:\Program Files\dotnet\sdk\9.0.302\Sdks\Microsoft.NET.Sdk.Razor\targets\Microsoft.NET.Sdk.Razor.GenerateAssemblyInfo.targets(181,5): message : Property reassignment: $(CoreCompileDependsOn)="
       C:\Program Files\dotnet\sdk\9.0.302\Sdks\Microsoft.NET.Sdk.Razor\targets\Microsoft.NET.Sdk.Razor.GenerateAssemblyInfo.targets(181,5): message :       ;_ComputeNonExistentFileProperty;ResolveCodeAnalysisRuleSet;
       C:\Program Files\dotnet\sdk\9.0.302\Sdks\Microsoft.NET.Sdk.Razor\targets\Microsoft.NET.Sdk.Razor.GenerateAssemblyInfo.targets(181,5): message :       _GenerateRazorAssemblyInfo
       C:\Program Files\dotnet\sdk\9.0.302\Sdks\Microsoft.NET.Sdk.Razor\targets\Microsoft.NET.Sdk.Razor.GenerateAssemblyInfo.targets(181,5): message :     " (previous value: ";_ComputeNonExistentFileProperty;ResolveCodeAnalysisRuleSet") at C:\Program Files\dotnet\sdk\9.0.302\Sdks\Microsoft.NET.Sdk.Razor\targets\Microsoft.NET.Sdk.Razor.GenerateAssemblyInfo.targets (181,5)
       C:\Program Files\dotnet\sdk\9.0.302\Sdks\Microsoft.NET.Sdk.Razor\targets\Microsoft.NET.Sdk.Razor.GenerateAssemblyInfo.targets(189,5): message : Property reassignment: $(_GenerateRazorAssemblyInfoDependsOn)="
       C:\Program Files\dotnet\sdk\9.0.302\Sdks\Microsoft.NET.Sdk.Razor\targets\Microsoft.NET.Sdk.Razor.GenerateAssemblyInfo.targets(189,5): message :       _ResolveMvcAssemblyAttributes;
       C:\Program Files\dotnet\sdk\9.0.302\Sdks\Microsoft.NET.Sdk.Razor\targets\Microsoft.NET.Sdk.Razor.GenerateAssemblyInfo.targets(189,5): message :       RazorGetAssemblyAttributes;PrepareForBuild;_CoreGenerateRazorAssemblyInfo;
       C:\Program Files\dotnet\sdk\9.0.302\Sdks\Microsoft.NET.Sdk.Razor\targets\Microsoft.NET.Sdk.Razor.GenerateAssemblyInfo.targets(189,5): message :     " (previous value: "RazorGetAssemblyAttributes;PrepareForBuild;_CoreGenerateRazorAssemblyInfo") at C:\Program Files\dotnet\sdk\9.0.302\Sdks\Microsoft.NET.Sdk.Razor\targets\Microsoft.NET.Sdk.Razor.GenerateAssemblyInfo.targets (189,5)
       C:\Program Files\dotnet\sdk\9.0.302\Sdks\Microsoft.NET.Sdk.Razor\targets\Microsoft.NET.Sdk.Razor.MvcApplicationPartsDiscovery.targets(22,5): message : Property reassignment: $(CoreCompileDependsOn)="
       C:\Program Files\dotnet\sdk\9.0.302\Sdks\Microsoft.NET.Sdk.Razor\targets\Microsoft.NET.Sdk.Razor.MvcApplicationPartsDiscovery.targets(22,5): message :       _DiscoverMvcApplicationParts;
       C:\Program Files\dotnet\sdk\9.0.302\Sdks\Microsoft.NET.Sdk.Razor\targets\Microsoft.NET.Sdk.Razor.MvcApplicationPartsDiscovery.targets(22,5): message :       
       C:\Program Files\dotnet\sdk\9.0.302\Sdks\Microsoft.NET.Sdk.Razor\targets\Microsoft.NET.Sdk.Razor.MvcApplicationPartsDiscovery.targets(22,5): message :       ;_ComputeNonExistentFileProperty;ResolveCodeAnalysisRuleSet;
       C:\Program Files\dotnet\sdk\9.0.302\Sdks\Microsoft.NET.Sdk.Razor\targets\Microsoft.NET.Sdk.Razor.MvcApplicationPartsDiscovery.targets(22,5): message :       _GenerateRazorAssemblyInfo
       C:\Program Files\dotnet\sdk\9.0.302\Sdks\Microsoft.NET.Sdk.Razor\targets\Microsoft.NET.Sdk.Razor.MvcApplicationPartsDiscovery.targets(22,5): message :     ;
       C:\Program Files\dotnet\sdk\9.0.302\Sdks\Microsoft.NET.Sdk.Razor\targets\Microsoft.NET.Sdk.Razor.MvcApplicationPartsDiscovery.targets(22,5): message :     " (previous value: "
       C:\Program Files\dotnet\sdk\9.0.302\Sdks\Microsoft.NET.Sdk.Razor\targets\Microsoft.NET.Sdk.Razor.MvcApplicationPartsDiscovery.targets(22,5): message :       ;_ComputeNonExistentFileProperty;ResolveCodeAnalysisRuleSet;
       C:\Program Files\dotnet\sdk\9.0.302\Sdks\Microsoft.NET.Sdk.Razor\targets\Microsoft.NET.Sdk.Razor.MvcApplicationPartsDiscovery.targets(22,5): message :       _GenerateRazorAssemblyInfo
       C:\Program Files\dotnet\sdk\9.0.302\Sdks\Microsoft.NET.Sdk.Razor\targets\Microsoft.NET.Sdk.Razor.MvcApplicationPartsDiscovery.targets(22,5): message :     ") at C:\Program Files\dotnet\sdk\9.0.302\Sdks\Microsoft.NET.Sdk.Razor\targets\Microsoft.NET.Sdk.Razor.MvcApplicationPartsDiscovery.targets (22,5)
       C:\Program Files\dotnet\sdk\9.0.302\Sdks\Microsoft.NET.Sdk.Razor\targets\Sdk.Razor.CurrentVersion.targets(791,5): message : Property reassignment: $(RazorDesignTimeTargets)="C:\Program Files\dotnet\sdk\9.0.302\Sdks\Microsoft.NET.Sdk.Razor\targets\Microsoft.NET.Sdk.Razor.DesignTime.targets" (previous value: "C:\Program Files\dotnet\sdk\9.0.302\\Microsoft\VisualStudio\Razor\Microsoft.NET.Sdk.Razor.DesignTime.targets") at C:\Program Files\dotnet\sdk\9.0.302\Sdks\Microsoft.NET.Sdk.Razor\targets\Sdk.Razor.CurrentVersion.targets (791,5)
       C:\Program Files\dotnet\sdk\9.0.302\Sdks\Microsoft.NET.Sdk.Web.ProjectSystem\targets\Microsoft.NET.Sdk.Web.ProjectSystem.targets(21,5): message : Property reassignment: $(RunWorkingDirectory)="C:\Users\MBEYAZBULUT\Documents\GitHub\EnvanteriX\Presentation\EnvanteriX.WebUI" (previous value: "") at C:\Program Files\dotnet\sdk\9.0.302\Sdks\Microsoft.NET.Sdk.Web.ProjectSystem\targets\Microsoft.NET.Sdk.Web.ProjectSystem.targets (21,5)
       C:\Program Files\dotnet\sdk\9.0.302\Sdks\Microsoft.NET.Sdk.Publish\targets\Microsoft.NET.Sdk.Publish.targets(60,5): message : Property reassignment: $(PublishProfileImported)="true" (previous value: "false") at C:\Program Files\dotnet\sdk\9.0.302\Sdks\Microsoft.NET.Sdk.Publish\targets\Microsoft.NET.Sdk.Publish.targets (60,5)
       C:\Program Files\dotnet\sdk\9.0.302\Sdks\Microsoft.NET.Sdk.Publish\targets\Microsoft.NET.Sdk.Publish.targets(81,5): message : Property reassignment: $(PublishConfiguration)="Debug" (previous value: "") at C:\Program Files\dotnet\sdk\9.0.302\Sdks\Microsoft.NET.Sdk.Publish\targets\Microsoft.NET.Sdk.Publish.targets (81,5)
       C:\Program Files\dotnet\sdk\9.0.302\Sdks\Microsoft.NET.Sdk.Publish\targets\Microsoft.NET.Sdk.Publish.targets(87,5): message : Property reassignment: $(BaseIntermediateOutputPath)="C:\Users\MBEYAZBULUT\Documents\GitHub\EnvanteriX\Presentation\EnvanteriX.WebUI\obj\" (previous value: "obj\") at C:\Program Files\dotnet\sdk\9.0.302\Sdks\Microsoft.NET.Sdk.Publish\targets\Microsoft.NET.Sdk.Publish.targets (87,5)
       Overriding target "ResolveFrameworkReferences" in project "C:\Program Files\dotnet\sdk\9.0.302\Microsoft.Common.CurrentVersion.targets" with target "ResolveFrameworkReferences" from project "C:\Program Files\dotnet\sdk\9.0.302\Sdks\Microsoft.NET.Sdk\targets\Microsoft.NET.Sdk.FrameworkReferenceResolution.targets".
       Overriding target "Run" in project "C:\Program Files\dotnet\sdk\9.0.302\Microsoft.Common.CurrentVersion.targets" with target "Run" from project "C:\Program Files\dotnet\sdk\9.0.302\Sdks\Microsoft.NET.Sdk\targets\Microsoft.NET.Sdk.targets".
       Overriding target "GenerateSupportedTargetFrameworkAlias" in project "C:\Program Files\dotnet\sdk\9.0.302\Microsoft.Common.CurrentVersion.targets" with target "GenerateSupportedTargetFrameworkAlias" from project "C:\Program Files\dotnet\sdk\9.0.302\Sdks\Microsoft.NET.Sdk\targets\Microsoft.NET.Sdk.targets".
       Overriding target "GetReferenceAssemblyPaths" in project "C:\Program Files\dotnet\sdk\9.0.302\Microsoft.Common.CurrentVersion.targets" with target "GetReferenceAssemblyPaths" from project "C:\Program Files\dotnet\sdk\9.0.302\Sdks\Microsoft.NET.Sdk\targets\Microsoft.NET.DisableStandardFrameworkResolution.targets".
       Overriding target "GetFrameworkPaths" in project "C:\Program Files\dotnet\sdk\9.0.302\Microsoft.Common.CurrentVersion.targets" with target "GetFrameworkPaths" from project "C:\Program Files\dotnet\sdk\9.0.302\Sdks\Microsoft.NET.Sdk\targets\Microsoft.NET.DisableStandardFrameworkResolution.targets".
       Overriding target "DesignerRuntimeImplementationProjectOutputGroup" in project "C:\Program Files\dotnet\sdk\9.0.302\Microsoft.Common.CurrentVersion.targets" with target "DesignerRuntimeImplementationProjectOutputGroup" from project "C:\Program Files\dotnet\sdk\9.0.302\Sdks\Microsoft.NET.Sdk\targets\Microsoft.NET.DesignerSupport.targets".
       Overriding target "Publish" in project "C:\Program Files\dotnet\sdk\9.0.302\Microsoft.Common.CurrentVersion.targets" with target "Publish" from project "C:\Program Files\dotnet\sdk\9.0.302\Sdks\Microsoft.NET.Sdk\targets\Microsoft.NET.Publish.targets".
       Overriding target "ResolveReadyToRunCompilers" in project "C:\Program Files\dotnet\sdk\9.0.302\Sdks\Microsoft.NET.Sdk\targets\Microsoft.NET.CrossGen.targets" with target "ResolveReadyToRunCompilers" from project "C:\Program Files\dotnet\sdk\9.0.302\Sdks\Microsoft.NET.Sdk\targets\Microsoft.NET.Publish.targets".
       Overriding target "GetCopyToPublishDirectoryItems" in project "C:\Program Files\dotnet\sdk\9.0.302\Microsoft.Common.CurrentVersion.targets" with target "GetCopyToPublishDirectoryItems" from project "C:\Program Files\dotnet\sdk\9.0.302\Sdks\Microsoft.NET.Sdk\targets\Microsoft.NET.Publish.targets".
       Overriding target "BeforePublish" in project "C:\Program Files\dotnet\sdk\9.0.302\Microsoft.Common.CurrentVersion.targets" with target "BeforePublish" from project "C:\Program Files\dotnet\sdk\9.0.302\Sdks\Microsoft.NET.Sdk.Publish\targets\Microsoft.NET.Sdk.Publish.targets".
       Overriding target "AfterPublish" in project "C:\Program Files\dotnet\sdk\9.0.302\Microsoft.Common.CurrentVersion.targets" with target "AfterPublish" from project "C:\Program Files\dotnet\sdk\9.0.302\Sdks\Microsoft.NET.Sdk.Publish\targets\Microsoft.NET.Sdk.Publish.targets".
       The target "CollectUpToDateCheckInputDesignTime" listed in a BeforeTargets attribute at "C:\Program Files\dotnet\sdk\9.0.302\Sdks\Microsoft.NET.Sdk.StaticWebAssets\targets\Microsoft.NET.Sdk.StaticWebAssets.ScopedCss.targets (171,5)" does not exist in the project, and will be ignored.
       The target "CollectUpToDateCheckBuiltDesignTime" listed in a BeforeTargets attribute at "C:\Program Files\dotnet\sdk\9.0.302\Sdks\Microsoft.NET.Sdk.StaticWebAssets\targets\Microsoft.NET.Sdk.StaticWebAssets.ScopedCss.targets (171,5)" does not exist in the project, and will be ignored.
       The target "RazorGenerateComponentDeclaration" listed in an AfterTargets attribute at "C:\Program Files\dotnet\sdk\9.0.302\Sdks\Microsoft.NET.Sdk.Razor\targets\Microsoft.NET.Sdk.Razor.DesignTime.targets (55,53)" does not exist in the project, and will be ignored.
     1>Project "C:\Users\MBEYAZBULUT\Documents\GitHub\EnvanteriX\Presentation\EnvanteriX.WebUI\EnvanteriX.WebUI.csproj" on node 1 (Restore target(s)).
     1>Target "_LoadRestoreGraphEntryPoints" in file "C:\Program Files\dotnet\sdk\9.0.302\NuGet.targets" from project "C:\Users\MBEYAZBULUT\Documents\GitHub\EnvanteriX\Presentation\EnvanteriX.WebUI\EnvanteriX.WebUI.csproj" (target "_FilterRestoreGraphProjectInputItems" depends on it):
     1>Task "GetRestoreSolutionProjectsTask" skipped, due to false condition; ( $(MSBuildProjectFullPath.EndsWith('.metaproj')) == 'true' AND @(RestoreGraphProjectInputItems) == '' ) was evaluated as ( False == 'true' AND C:\Users\MBEYAZBULUT\Documents\GitHub\EnvanteriX\Presentation\EnvanteriX.WebUI\EnvanteriX.WebUI.csproj == '' ).
     1>Done building target "_LoadRestoreGraphEntryPoints" in project "EnvanteriX.WebUI.csproj".
     1>Target "_FilterRestoreGraphProjectInputItems" in file "C:\Program Files\dotnet\sdk\9.0.302\NuGet.targets" from project "C:\Users\MBEYAZBULUT\Documents\GitHub\EnvanteriX\Presentation\EnvanteriX.WebUI\EnvanteriX.WebUI.csproj" (target "_GenerateRestoreGraph" depends on it):
       Using "RemoveDuplicates" task from assembly "Microsoft.Build.Tasks.Core, Version=15.1.0.0, Culture=neutral, PublicKeyToken=b03f5f7f11d50a3a".
       Task "RemoveDuplicates"
       Done executing task "RemoveDuplicates".
       Using "MSBuild" task from assembly "Microsoft.Build.Tasks.Core, Version=15.1.0.0, Culture=neutral, PublicKeyToken=b03f5f7f11d50a3a".
       Task "MSBuild"
         Global Properties:
           ExcludeRestorePackageImports=true
     0>C:\Program Files\dotnet\sdk\9.0.302\Sdks\Microsoft.NET.Sdk\Sdk\Sdk.props(49,11): message : Property 'MSBuildExtensionsPath' with value 'C:\Program Files\dotnet\sdk\9.0.302\' expanded from the environment.
       C:\Program Files\dotnet\sdk\9.0.302\Current\Microsoft.Common.props(60,5): message : Property reassignment: $(MSBuildProjectExtensionsPath)="C:\Users\MBEYAZBULUT\Documents\GitHub\EnvanteriX\Presentation\EnvanteriX.WebUI\obj\" (previous value: "obj\") at C:\Program Files\dotnet\sdk\9.0.302\Current\Microsoft.Common.props (60,5)
       C:\Program Files\dotnet\sdk\9.0.302\Current\Microsoft.Common.props(84,119): message : Property 'MSBuildUserExtensionsPath' with value 'C:\Users\MBEYAZBULUT\AppData\Local\Microsoft\MSBuild' expanded from the environment.
       C:\Program Files\dotnet\sdk\9.0.302\Sdks\Microsoft.NET.Sdk\targets\Microsoft.NET.Sdk.props(90,5): message : Property reassignment: $(AssemblySearchPaths)="{CandidateAssemblyFiles};{HintPathFromItem}" (previous value: "{CandidateAssemblyFiles}") at C:\Program Files\dotnet\sdk\9.0.302\Sdks\Microsoft.NET.Sdk\targets\Microsoft.NET.Sdk.props (90,5)
       C:\Program Files\dotnet\sdk\9.0.302\Sdks\Microsoft.NET.Sdk\targets\Microsoft.NET.Sdk.props(91,5): message : Property reassignment: $(AssemblySearchPaths)="{CandidateAssemblyFiles};{HintPathFromItem};{TargetFrameworkDirectory}" (previous value: "{CandidateAssemblyFiles};{HintPathFromItem}") at C:\Program Files\dotnet\sdk\9.0.302\Sdks\Microsoft.NET.Sdk\targets\Microsoft.NET.Sdk.props (91,5)
       C:\Program Files\dotnet\sdk\9.0.302\Sdks\Microsoft.NET.Sdk\targets\Microsoft.NET.Sdk.props(92,5): message : Property reassignment: $(AssemblySearchPaths)="{CandidateAssemblyFiles};{HintPathFromItem};{TargetFrameworkDirectory};{RawFileName}" (previous value: "{CandidateAssemblyFiles};{HintPathFromItem};{TargetFrameworkDirectory}") at C:\Program Files\dotnet\sdk\9.0.302\Sdks\Microsoft.NET.Sdk\targets\Microsoft.NET.Sdk.props (92,5)
       C:\Program Files\dotnet\sdk\9.0.302\Sdks\Microsoft.NET.Sdk\targets\Microsoft.NET.PackProjectTool.props(15,5): message : Property reassignment: $(TargetsForTfmSpecificContentInPackage)=";PackTool;_PackProjectToolValidation" (previous value: ";PackTool") at C:\Program Files\dotnet\sdk\9.0.302\Sdks\Microsoft.NET.Sdk\targets\Microsoft.NET.PackProjectTool.props (15,5)
       C:\Program Files\dotnet\sdk\9.0.302\Sdks\Microsoft.NET.Sdk.StaticWebAssets\Sdk\Sdk.StaticWebAssets.StaticAssets.ProjectSystem.props(23,5): message : Property reassignment: $(DefaultItemExcludes)=";**\node_modules\**;node_modules\**;**\jspm_packages\**;jspm_packages\**" (previous value: ";**\node_modules\**;node_modules\**") at C:\Program Files\dotnet\sdk\9.0.302\Sdks\Microsoft.NET.Sdk.StaticWebAssets\Sdk\Sdk.StaticWebAssets.StaticAssets.ProjectSystem.props (23,5)
       C:\Program Files\dotnet\sdk\9.0.302\Sdks\Microsoft.NET.Sdk.StaticWebAssets\Sdk\Sdk.StaticWebAssets.StaticAssets.ProjectSystem.props(24,5): message : Property reassignment: $(DefaultItemExcludes)=";**\node_modules\**;node_modules\**;**\jspm_packages\**;jspm_packages\**;**\bower_components\**;bower_components\**" (previous value: ";**\node_modules\**;node_modules\**;**\jspm_packages\**;jspm_packages\**") at C:\Program Files\dotnet\sdk\9.0.302\Sdks\Microsoft.NET.Sdk.StaticWebAssets\Sdk\Sdk.StaticWebAssets.StaticAssets.ProjectSystem.props (24,5)
       C:\Program Files\dotnet\sdk\9.0.302\Sdks\Microsoft.NET.Sdk.StaticWebAssets\Sdk\Sdk.StaticWebAssets.StaticAssets.ProjectSystem.props(25,5): message : Property reassignment: $(DefaultItemExcludes)=";**\node_modules\**;node_modules\**;**\jspm_packages\**;jspm_packages\**;**\bower_components\**;bower_components\**;**\packages.lock.json" (previous value: ";**\node_modules\**;node_modules\**;**\jspm_packages\**;jspm_packages\**;**\bower_components\**;bower_components\**") at C:\Program Files\dotnet\sdk\9.0.302\Sdks\Microsoft.NET.Sdk.StaticWebAssets\Sdk\Sdk.StaticWebAssets.StaticAssets.ProjectSystem.props (25,5)
       C:\Program Files\dotnet\sdk\9.0.302\Sdks\Microsoft.NET.Sdk.Web.ProjectSystem\targets\Microsoft.NET.Sdk.Web.ProjectSystem.props(16,5): message : Property reassignment: $(OutputType)="Exe" (previous value: "Library") at C:\Program Files\dotnet\sdk\9.0.302\Sdks\Microsoft.NET.Sdk.Web.ProjectSystem\targets\Microsoft.NET.Sdk.Web.ProjectSystem.props (16,5)
       C:\Program Files\dotnet\sdk\9.0.302\Sdks\Microsoft.NET.Sdk\targets\Microsoft.NET.Sdk.ImportPublishProfile.targets(28,5): message : Property reassignment: $(PublishProfileImported)="false" (previous value: "true") at C:\Program Files\dotnet\sdk\9.0.302\Sdks\Microsoft.NET.Sdk\targets\Microsoft.NET.Sdk.ImportPublishProfile.targets (28,5)
       C:\Program Files\dotnet\sdk\9.0.302\Sdks\Microsoft.NET.Sdk\targets\Microsoft.NET.TargetFrameworkInference.targets(69,5): message : Property reassignment: $(TargetPlatformVersion)="" (previous value: "0.0") at C:\Program Files\dotnet\sdk\9.0.302\Sdks\Microsoft.NET.Sdk\targets\Microsoft.NET.TargetFrameworkInference.targets (69,5)
       C:\Program Files\dotnet\sdk\9.0.302\Sdks\Microsoft.NET.Sdk\targets\Microsoft.NET.DefaultOutputPaths.targets(121,5): message : Property reassignment: $(DefaultItemExcludes)=";**\node_modules\**;node_modules\**;**\jspm_packages\**;jspm_packages\**;**\bower_components\**;bower_components\**;**\packages.lock.json;bin\Debug\/**" (previous value: ";**\node_modules\**;node_modules\**;**\jspm_packages\**;jspm_packages\**;**\bower_components\**;bower_components\**;**\packages.lock.json") at C:\Program Files\dotnet\sdk\9.0.302\Sdks\Microsoft.NET.Sdk\targets\Microsoft.NET.DefaultOutputPaths.targets (121,5)
       C:\Program Files\dotnet\sdk\9.0.302\Sdks\Microsoft.NET.Sdk\targets\Microsoft.NET.DefaultOutputPaths.targets(122,5): message : Property reassignment: $(DefaultItemExcludes)=";**\node_modules\**;node_modules\**;**\jspm_packages\**;jspm_packages\**;**\bower_components\**;bower_components\**;**\packages.lock.json;bin\Debug\/**;obj\Debug\/**" (previous value: ";**\node_modules\**;node_modules\**;**\jspm_packages\**;jspm_packages\**;**\bower_components\**;bower_components\**;**\packages.lock.json;bin\Debug\/**") at C:\Program Files\dotnet\sdk\9.0.302\Sdks\Microsoft.NET.Sdk\targets\Microsoft.NET.DefaultOutputPaths.targets (122,5)
       C:\Program Files\dotnet\sdk\9.0.302\Sdks\Microsoft.NET.Sdk\targets\Microsoft.NET.DefaultOutputPaths.targets(137,5): message : Property reassignment: $(OutputPath)="bin\Debug\net9.0\" (previous value: "bin\Debug\") at C:\Program Files\dotnet\sdk\9.0.302\Sdks\Microsoft.NET.Sdk\targets\Microsoft.NET.DefaultOutputPaths.targets (137,5)
       C:\Program Files\dotnet\sdk\9.0.302\Sdks\Microsoft.NET.Sdk\targets\Microsoft.NET.DefaultOutputPaths.targets(142,5): message : Property reassignment: $(IntermediateOutputPath)="obj\Debug\net9.0\" (previous value: "obj\Debug\") at C:\Program Files\dotnet\sdk\9.0.302\Sdks\Microsoft.NET.Sdk\targets\Microsoft.NET.DefaultOutputPaths.targets (142,5)
       C:\Program Files\dotnet\sdk\9.0.302\Sdks\Microsoft.NET.Sdk\targets\Microsoft.NET.Sdk.BeforeCommon.targets(187,5): message : Property reassignment: $(_FrameworkIdentifierForImplicitDefine)="NET" (previous value: "NETCOREAPP") at C:\Program Files\dotnet\sdk\9.0.302\Sdks\Microsoft.NET.Sdk\targets\Microsoft.NET.Sdk.BeforeCommon.targets (187,5)
       C:\Program Files\dotnet\sdk\9.0.302\Sdks\Microsoft.NET.Sdk\targets\Microsoft.NET.Sdk.BeforeCommon.targets(192,5): message : Property reassignment: $(_FrameworkVersionForImplicitDefine)="9_0" (previous value: "9.0") at C:\Program Files\dotnet\sdk\9.0.302\Sdks\Microsoft.NET.Sdk\targets\Microsoft.NET.Sdk.BeforeCommon.targets (192,5)
       C:\Program Files\dotnet\sdk\9.0.302\Roslyn\Microsoft.CSharp.Core.targets(200,5): message : Property reassignment: $(CommandLineArgsForDesignTimeEvaluation)="-langversion:13.0 -define:TRACE" (previous value: "-langversion:13.0") at C:\Program Files\dotnet\sdk\9.0.302\Roslyn\Microsoft.CSharp.Core.targets (200,5)
       C:\Program Files\dotnet\sdk\9.0.302\Microsoft.Common.CurrentVersion.targets(175,5): message : Property reassignment: $(_DebugSymbolsProduced)="true" (previous value: "false") at C:\Program Files\dotnet\sdk\9.0.302\Microsoft.Common.CurrentVersion.targets (175,5)
       C:\Program Files\dotnet\sdk\9.0.302\Microsoft.Common.CurrentVersion.targets(185,5): message : Property reassignment: $(_DocumentationFileProduced)="false" (previous value: "true") at C:\Program Files\dotnet\sdk\9.0.302\Microsoft.Common.CurrentVersion.targets (185,5)
       C:\Program Files\dotnet\sdk\9.0.302\Microsoft.Common.CurrentVersion.targets(392,5): message : Property reassignment: $(MSBuildCopyMarkerName)="Envanter.E28C732A" (previous value: "EnvanteriX.WebUI.csproj") at C:\Program Files\dotnet\sdk\9.0.302\Microsoft.Common.CurrentVersion.targets (392,5)
       C:\Program Files\dotnet\sdk\9.0.302\Microsoft.Common.CurrentVersion.targets(393,5): message : Property reassignment: $(MSBuildCopyMarkerName)="Envanter.E28C732A.Up2Date" (previous value: "Envanter.E28C732A") at C:\Program Files\dotnet\sdk\9.0.302\Microsoft.Common.CurrentVersion.targets (393,5)
       C:\Program Files\dotnet\sdk\9.0.302\Microsoft.Common.CurrentVersion.targets(541,5): message : Property reassignment: $(ProcessorArchitecture)="msil" (previous value: "") at C:\Program Files\dotnet\sdk\9.0.302\Microsoft.Common.CurrentVersion.targets (541,5)
       C:\Program Files\dotnet\sdk\9.0.302\Microsoft.Common.CurrentVersion.targets(580,5): message : Property reassignment: $(DelaySign)="" (previous value: "false") at C:\Program Files\dotnet\sdk\9.0.302\Microsoft.Common.CurrentVersion.targets (580,5)
       C:\Program Files\dotnet\sdk\9.0.302\Microsoft.Common.CurrentVersion.targets(1188,5): message : Property reassignment: $(PrepareForBuildDependsOn)="BundleMinify;;GetFrameworkPaths;GetReferenceAssemblyPaths;AssignLinkMetadata" (previous value: "BundleMinify;") at C:\Program Files\dotnet\sdk\9.0.302\Microsoft.Common.CurrentVersion.targets (1188,5)
       C:\Program Files\dotnet\sdk\9.0.302\Microsoft.Common.CurrentVersion.targets(2620,5): message : Property 'LOCALAPPDATA' with value 'C:\Users\MBEYAZBULUT\AppData\Local' expanded from the environment.
       C:\Program Files\dotnet\sdk\9.0.302\Microsoft.Common.CurrentVersion.targets(3948,5): message : Property reassignment: $(_SGenGenerateSerializationAssembliesConfig)="Auto" (previous value: "") at C:\Program Files\dotnet\sdk\9.0.302\Microsoft.Common.CurrentVersion.targets (3948,5)
       C:\Program Files\dotnet\sdk\9.0.302\Microsoft.Common.CurrentVersion.targets(3949,5): message : Property reassignment: $(_SGenGenerateSerializationAssembliesConfig)="Off" (previous value: "Auto") at C:\Program Files\dotnet\sdk\9.0.302\Microsoft.Common.CurrentVersion.targets (3949,5)
       C:\Program Files\dotnet\sdk\9.0.302\Microsoft.Common.CurrentVersion.targets(5160,5): message : Property reassignment: $(_TargetsThatPrepareProjectReferences)="
       C:\Program Files\dotnet\sdk\9.0.302\Microsoft.Common.CurrentVersion.targets(5160,5): message :       AssignProjectConfiguration;
       C:\Program Files\dotnet\sdk\9.0.302\Microsoft.Common.CurrentVersion.targets(5160,5): message :       _SplitProjectReferencesByFileExistence
       C:\Program Files\dotnet\sdk\9.0.302\Microsoft.Common.CurrentVersion.targets(5160,5): message :     " (previous value: "_SplitProjectReferencesByFileExistence") at C:\Program Files\dotnet\sdk\9.0.302\Microsoft.Common.CurrentVersion.targets (5160,5)
       C:\Program Files\dotnet\sdk\9.0.302\Microsoft.Common.CurrentVersion.targets(6955,5): message : Property 'MSBuildExtensionsPath32' with value 'C:\Program Files\dotnet\sdk\9.0.302' expanded from the environment.
       C:\Program Files\dotnet\sdk\9.0.302\Sdks\Microsoft.NET.Sdk\targets\Microsoft.PackageDependencyResolution.targets(24,5): message : Property reassignment: $(ProjectAssetsFile)="C:\Users\MBEYAZBULUT\Documents\GitHub\EnvanteriX\Presentation\EnvanteriX.WebUI\obj\project.assets.json" (previous value: "C:\Users\MBEYAZBULUT\Documents\GitHub\EnvanteriX\Presentation\EnvanteriX.WebUI\obj\/project.assets.json") at C:\Program Files\dotnet\sdk\9.0.302\Sdks\Microsoft.NET.Sdk\targets\Microsoft.PackageDependencyResolution.targets (24,5)
       C:\Program Files\dotnet\sdk\9.0.302\Sdks\Microsoft.NET.Sdk\targets\Microsoft.PackageDependencyResolution.targets(29,5): message : Property reassignment: $(ProjectAssetsCacheFile)="C:\Users\MBEYAZBULUT\Documents\GitHub\EnvanteriX\Presentation\EnvanteriX.WebUI\obj\Debug\net9.0\EnvanteriX.WebUI.assets.cache" (previous value: "obj\Debug\net9.0\EnvanteriX.WebUI.assets.cache") at C:\Program Files\dotnet\sdk\9.0.302\Sdks\Microsoft.NET.Sdk\targets\Microsoft.PackageDependencyResolution.targets (29,5)
       C:\Program Files\dotnet\sdk\9.0.302\Sdks\Microsoft.NET.Sdk\targets\Microsoft.PackageDependencyResolution.targets(80,5): message : Property reassignment: $(ResolveAssemblyReferencesDependsOn)="
       C:\Program Files\dotnet\sdk\9.0.302\Sdks\Microsoft.NET.Sdk\targets\Microsoft.PackageDependencyResolution.targets(80,5): message :       
       C:\Program Files\dotnet\sdk\9.0.302\Sdks\Microsoft.NET.Sdk\targets\Microsoft.PackageDependencyResolution.targets(80,5): message :       ResolveProjectReferences;
       C:\Program Files\dotnet\sdk\9.0.302\Sdks\Microsoft.NET.Sdk\targets\Microsoft.PackageDependencyResolution.targets(80,5): message :       FindInvalidProjectReferences;
       C:\Program Files\dotnet\sdk\9.0.302\Sdks\Microsoft.NET.Sdk\targets\Microsoft.PackageDependencyResolution.targets(80,5): message :       GetFrameworkPaths;
       C:\Program Files\dotnet\sdk\9.0.302\Sdks\Microsoft.NET.Sdk\targets\Microsoft.PackageDependencyResolution.targets(80,5): message :       GetReferenceAssemblyPaths;
       C:\Program Files\dotnet\sdk\9.0.302\Sdks\Microsoft.NET.Sdk\targets\Microsoft.PackageDependencyResolution.targets(80,5): message :       PrepareForBuild;
       C:\Program Files\dotnet\sdk\9.0.302\Sdks\Microsoft.NET.Sdk\targets\Microsoft.PackageDependencyResolution.targets(80,5): message :       ResolveSDKReferences;
       C:\Program Files\dotnet\sdk\9.0.302\Sdks\Microsoft.NET.Sdk\targets\Microsoft.PackageDependencyResolution.targets(80,5): message :       ExpandSDKReferences;
       C:\Program Files\dotnet\sdk\9.0.302\Sdks\Microsoft.NET.Sdk\targets\Microsoft.PackageDependencyResolution.targets(80,5): message :     ;
       C:\Program Files\dotnet\sdk\9.0.302\Sdks\Microsoft.NET.Sdk\targets\Microsoft.PackageDependencyResolution.targets(80,5): message :       ResolvePackageDependenciesForBuild;
       C:\Program Files\dotnet\sdk\9.0.302\Sdks\Microsoft.NET.Sdk\targets\Microsoft.PackageDependencyResolution.targets(80,5): message :       _HandlePackageFileConflicts;
       C:\Program Files\dotnet\sdk\9.0.302\Sdks\Microsoft.NET.Sdk\targets\Microsoft.PackageDependencyResolution.targets(80,5): message :     " (previous value: "
       C:\Program Files\dotnet\sdk\9.0.302\Sdks\Microsoft.NET.Sdk\targets\Microsoft.PackageDependencyResolution.targets(80,5): message :       ResolveProjectReferences;
       C:\Program Files\dotnet\sdk\9.0.302\Sdks\Microsoft.NET.Sdk\targets\Microsoft.PackageDependencyResolution.targets(80,5): message :       FindInvalidProjectReferences;
       C:\Program Files\dotnet\sdk\9.0.302\Sdks\Microsoft.NET.Sdk\targets\Microsoft.PackageDependencyResolution.targets(80,5): message :       GetFrameworkPaths;
       C:\Program Files\dotnet\sdk\9.0.302\Sdks\Microsoft.NET.Sdk\targets\Microsoft.PackageDependencyResolution.targets(80,5): message :       GetReferenceAssemblyPaths;
       C:\Program Files\dotnet\sdk\9.0.302\Sdks\Microsoft.NET.Sdk\targets\Microsoft.PackageDependencyResolution.targets(80,5): message :       PrepareForBuild;
       C:\Program Files\dotnet\sdk\9.0.302\Sdks\Microsoft.NET.Sdk\targets\Microsoft.PackageDependencyResolution.targets(80,5): message :       ResolveSDKReferences;
       C:\Program Files\dotnet\sdk\9.0.302\Sdks\Microsoft.NET.Sdk\targets\Microsoft.PackageDependencyResolution.targets(80,5): message :       ExpandSDKReferences;
       C:\Program Files\dotnet\sdk\9.0.302\Sdks\Microsoft.NET.Sdk\targets\Microsoft.PackageDependencyResolution.targets(80,5): message :     ") at C:\Program Files\dotnet\sdk\9.0.302\Sdks\Microsoft.NET.Sdk\targets\Microsoft.PackageDependencyResolution.targets (80,5)
       C:\Program Files\dotnet\sdk\9.0.302\Sdks\Microsoft.NET.Sdk\targets\Microsoft.PackageDependencyResolution.targets(86,5): message : Property reassignment: $(PrepareResourcesDependsOn)="
       C:\Program Files\dotnet\sdk\9.0.302\Sdks\Microsoft.NET.Sdk\targets\Microsoft.PackageDependencyResolution.targets(86,5): message :       ResolvePackageDependenciesForBuild;
       C:\Program Files\dotnet\sdk\9.0.302\Sdks\Microsoft.NET.Sdk\targets\Microsoft.PackageDependencyResolution.targets(86,5): message :       _HandlePackageFileConflicts;
       C:\Program Files\dotnet\sdk\9.0.302\Sdks\Microsoft.NET.Sdk\targets\Microsoft.PackageDependencyResolution.targets(86,5): message :       
       C:\Program Files\dotnet\sdk\9.0.302\Sdks\Microsoft.NET.Sdk\targets\Microsoft.PackageDependencyResolution.targets(86,5): message :       ;
       C:\Program Files\dotnet\sdk\9.0.302\Sdks\Microsoft.NET.Sdk\targets\Microsoft.PackageDependencyResolution.targets(86,5): message :       PrepareResourceNames;
       C:\Program Files\dotnet\sdk\9.0.302\Sdks\Microsoft.NET.Sdk\targets\Microsoft.PackageDependencyResolution.targets(86,5): message :       ResGen;
       C:\Program Files\dotnet\sdk\9.0.302\Sdks\Microsoft.NET.Sdk\targets\Microsoft.PackageDependencyResolution.targets(86,5): message :       CompileLicxFiles
       C:\Program Files\dotnet\sdk\9.0.302\Sdks\Microsoft.NET.Sdk\targets\Microsoft.PackageDependencyResolution.targets(86,5): message :     
       C:\Program Files\dotnet\sdk\9.0.302\Sdks\Microsoft.NET.Sdk\targets\Microsoft.PackageDependencyResolution.targets(86,5): message :     " (previous value: "
       C:\Program Files\dotnet\sdk\9.0.302\Sdks\Microsoft.NET.Sdk\targets\Microsoft.PackageDependencyResolution.targets(86,5): message :       ;
       C:\Program Files\dotnet\sdk\9.0.302\Sdks\Microsoft.NET.Sdk\targets\Microsoft.PackageDependencyResolution.targets(86,5): message :       PrepareResourceNames;
       C:\Program Files\dotnet\sdk\9.0.302\Sdks\Microsoft.NET.Sdk\targets\Microsoft.PackageDependencyResolution.targets(86,5): message :       ResGen;
       C:\Program Files\dotnet\sdk\9.0.302\Sdks\Microsoft.NET.Sdk\targets\Microsoft.PackageDependencyResolution.targets(86,5): message :       CompileLicxFiles
       C:\Program Files\dotnet\sdk\9.0.302\Sdks\Microsoft.NET.Sdk\targets\Microsoft.PackageDependencyResolution.targets(86,5): message :     ") at C:\Program Files\dotnet\sdk\9.0.302\Sdks\Microsoft.NET.Sdk\targets\Microsoft.PackageDependencyResolution.targets (86,5)
       C:\Program Files\dotnet\sdk\9.0.302\Sdks\Microsoft.NET.Sdk\targets\Microsoft.NET.Sdk.DefaultItems.targets(27,5): message : Property reassignment: $(DefaultItemExcludes)=";**\node_modules\**;node_modules\**;**\jspm_packages\**;jspm_packages\**;**\bower_components\**;bower_components\**;**\packages.lock.json;bin\Debug\/**;obj\Debug\/**;bin\/**" (previous value: ";**\node_modules\**;node_modules\**;**\jspm_packages\**;jspm_packages\**;**\bower_components\**;bower_components\**;**\packages.lock.json;bin\Debug\/**;obj\Debug\/**") at C:\Program Files\dotnet\sdk\9.0.302\Sdks\Microsoft.NET.Sdk\targets\Microsoft.NET.Sdk.DefaultItems.targets (27,5)
       C:\Program Files\dotnet\sdk\9.0.302\Sdks\Microsoft.NET.Sdk\targets\Microsoft.NET.Sdk.DefaultItems.targets(29,5): message : Property reassignment: $(DefaultItemExcludes)=";**\node_modules\**;node_modules\**;**\jspm_packages\**;jspm_packages\**;**\bower_components\**;bower_components\**;**\packages.lock.json;bin\Debug\/**;obj\Debug\/**;bin\/**;obj\/**" (previous value: ";**\node_modules\**;node_modules\**;**\jspm_packages\**;jspm_packages\**;**\bower_components\**;bower_components\**;**\packages.lock.json;bin\Debug\/**;obj\Debug\/**;bin\/**") at C:\Program Files\dotnet\sdk\9.0.302\Sdks\Microsoft.NET.Sdk\targets\Microsoft.NET.Sdk.DefaultItems.targets (29,5)
       C:\Program Files\dotnet\sdk\9.0.302\Sdks\Microsoft.NET.Sdk\targets\Microsoft.NET.Sdk.DefaultItems.targets(32,5): message : Property reassignment: $(DefaultItemExcludes)=";**\node_modules\**;node_modules\**;**\jspm_packages\**;jspm_packages\**;**\bower_components\**;bower_components\**;**\packages.lock.json;bin\Debug\/**;obj\Debug\/**;bin\/**;obj\/**;**/*.user" (previous value: ";**\node_modules\**;node_modules\**;**\jspm_packages\**;jspm_packages\**;**\bower_components\**;bower_components\**;**\packages.lock.json;bin\Debug\/**;obj\Debug\/**;bin\/**;obj\/**") at C:\Program Files\dotnet\sdk\9.0.302\Sdks\Microsoft.NET.Sdk\targets\Microsoft.NET.Sdk.DefaultItems.targets (32,5)
       C:\Program Files\dotnet\sdk\9.0.302\Sdks\Microsoft.NET.Sdk\targets\Microsoft.NET.Sdk.DefaultItems.targets(33,5): message : Property reassignment: $(DefaultItemExcludes)=";**\node_modules\**;node_modules\**;**\jspm_packages\**;jspm_packages\**;**\bower_components\**;bower_components\**;**\packages.lock.json;bin\Debug\/**;obj\Debug\/**;bin\/**;obj\/**;**/*.user;**/*.*proj" (previous value: ";**\node_modules\**;node_modules\**;**\jspm_packages\**;jspm_packages\**;**\bower_components\**;bower_components\**;**\packages.lock.json;bin\Debug\/**;obj\Debug\/**;bin\/**;obj\/**;**/*.user") at C:\Program Files\dotnet\sdk\9.0.302\Sdks\Microsoft.NET.Sdk\targets\Microsoft.NET.Sdk.DefaultItems.targets (33,5)
       C:\Program Files\dotnet\sdk\9.0.302\Sdks\Microsoft.NET.Sdk\targets\Microsoft.NET.Sdk.DefaultItems.targets(34,5): message : Property reassignment: $(DefaultItemExcludes)=";**\node_modules\**;node_modules\**;**\jspm_packages\**;jspm_packages\**;**\bower_components\**;bower_components\**;**\packages.lock.json;bin\Debug\/**;obj\Debug\/**;bin\/**;obj\/**;**/*.user;**/*.*proj;**/*.sln" (previous value: ";**\node_modules\**;node_modules\**;**\jspm_packages\**;jspm_packages\**;**\bower_components\**;bower_components\**;**\packages.lock.json;bin\Debug\/**;obj\Debug\/**;bin\/**;obj\/**;**/*.user;**/*.*proj") at C:\Program Files\dotnet\sdk\9.0.302\Sdks\Microsoft.NET.Sdk\targets\Microsoft.NET.Sdk.DefaultItems.targets (34,5)
       C:\Program Files\dotnet\sdk\9.0.302\Sdks\Microsoft.NET.Sdk\targets\Microsoft.NET.Sdk.DefaultItems.targets(35,5): message : Property reassignment: $(DefaultItemExcludes)=";**\node_modules\**;node_modules\**;**\jspm_packages\**;jspm_packages\**;**\bower_components\**;bower_components\**;**\packages.lock.json;bin\Debug\/**;obj\Debug\/**;bin\/**;obj\/**;**/*.user;**/*.*proj;**/*.sln;**/*.slnx" (previous value: ";**\node_modules\**;node_modules\**;**\jspm_packages\**;jspm_packages\**;**\bower_components\**;bower_components\**;**\packages.lock.json;bin\Debug\/**;obj\Debug\/**;bin\/**;obj\/**;**/*.user;**/*.*proj;**/*.sln") at C:\Program Files\dotnet\sdk\9.0.302\Sdks\Microsoft.NET.Sdk\targets\Microsoft.NET.Sdk.DefaultItems.targets (35,5)
       C:\Program Files\dotnet\sdk\9.0.302\Sdks\Microsoft.NET.Sdk\targets\Microsoft.NET.Sdk.DefaultItems.targets(36,5): message : Property reassignment: $(DefaultItemExcludes)=";**\node_modules\**;node_modules\**;**\jspm_packages\**;jspm_packages\**;**\bower_components\**;bower_components\**;**\packages.lock.json;bin\Debug\/**;obj\Debug\/**;bin\/**;obj\/**;**/*.user;**/*.*proj;**/*.sln;**/*.slnx;**/*.vssscc" (previous value: ";**\node_modules\**;node_modules\**;**\jspm_packages\**;jspm_packages\**;**\bower_components\**;bower_components\**;**\packages.lock.json;bin\Debug\/**;obj\Debug\/**;bin\/**;obj\/**;**/*.user;**/*.*proj;**/*.sln;**/*.slnx") at C:\Program Files\dotnet\sdk\9.0.302\Sdks\Microsoft.NET.Sdk\targets\Microsoft.NET.Sdk.DefaultItems.targets (36,5)
       C:\Program Files\dotnet\sdk\9.0.302\Sdks\Microsoft.NET.Sdk\targets\Microsoft.NET.Sdk.DefaultItems.targets(37,5): message : Property reassignment: $(DefaultItemExcludes)=";**\node_modules\**;node_modules\**;**\jspm_packages\**;jspm_packages\**;**\bower_components\**;bower_components\**;**\packages.lock.json;bin\Debug\/**;obj\Debug\/**;bin\/**;obj\/**;**/*.user;**/*.*proj;**/*.sln;**/*.slnx;**/*.vssscc;**/.DS_Store" (previous value: ";**\node_modules\**;node_modules\**;**\jspm_packages\**;jspm_packages\**;**\bower_components\**;bower_components\**;**\packages.lock.json;bin\Debug\/**;obj\Debug\/**;bin\/**;obj\/**;**/*.user;**/*.*proj;**/*.sln;**/*.slnx;**/*.vssscc") at C:\Program Files\dotnet\sdk\9.0.302\Sdks\Microsoft.NET.Sdk\targets\Microsoft.NET.Sdk.DefaultItems.targets (37,5)
       C:\Program Files\dotnet\sdk\9.0.302\Sdks\Microsoft.NET.Sdk\targets\Microsoft.NET.Sdk.FrameworkReferenceResolution.targets(14,5): message : Property reassignment: $(ResolveAssemblyReferencesDependsOn)="
       C:\Program Files\dotnet\sdk\9.0.302\Sdks\Microsoft.NET.Sdk\targets\Microsoft.NET.Sdk.FrameworkReferenceResolution.targets(14,5): message :       
       C:\Program Files\dotnet\sdk\9.0.302\Sdks\Microsoft.NET.Sdk\targets\Microsoft.NET.Sdk.FrameworkReferenceResolution.targets(14,5): message :       
       C:\Program Files\dotnet\sdk\9.0.302\Sdks\Microsoft.NET.Sdk\targets\Microsoft.NET.Sdk.FrameworkReferenceResolution.targets(14,5): message :       ResolveProjectReferences;
       C:\Program Files\dotnet\sdk\9.0.302\Sdks\Microsoft.NET.Sdk\targets\Microsoft.NET.Sdk.FrameworkReferenceResolution.targets(14,5): message :       FindInvalidProjectReferences;
       C:\Program Files\dotnet\sdk\9.0.302\Sdks\Microsoft.NET.Sdk\targets\Microsoft.NET.Sdk.FrameworkReferenceResolution.targets(14,5): message :       GetFrameworkPaths;
       C:\Program Files\dotnet\sdk\9.0.302\Sdks\Microsoft.NET.Sdk\targets\Microsoft.NET.Sdk.FrameworkReferenceResolution.targets(14,5): message :       GetReferenceAssemblyPaths;
       C:\Program Files\dotnet\sdk\9.0.302\Sdks\Microsoft.NET.Sdk\targets\Microsoft.NET.Sdk.FrameworkReferenceResolution.targets(14,5): message :       PrepareForBuild;
       C:\Program Files\dotnet\sdk\9.0.302\Sdks\Microsoft.NET.Sdk\targets\Microsoft.NET.Sdk.FrameworkReferenceResolution.targets(14,5): message :       ResolveSDKReferences;
       C:\Program Files\dotnet\sdk\9.0.302\Sdks\Microsoft.NET.Sdk\targets\Microsoft.NET.Sdk.FrameworkReferenceResolution.targets(14,5): message :       ExpandSDKReferences;
       C:\Program Files\dotnet\sdk\9.0.302\Sdks\Microsoft.NET.Sdk\targets\Microsoft.NET.Sdk.FrameworkReferenceResolution.targets(14,5): message :     ;
       C:\Program Files\dotnet\sdk\9.0.302\Sdks\Microsoft.NET.Sdk\targets\Microsoft.NET.Sdk.FrameworkReferenceResolution.targets(14,5): message :       ResolvePackageDependenciesForBuild;
       C:\Program Files\dotnet\sdk\9.0.302\Sdks\Microsoft.NET.Sdk\targets\Microsoft.NET.Sdk.FrameworkReferenceResolution.targets(14,5): message :       _HandlePackageFileConflicts;
       C:\Program Files\dotnet\sdk\9.0.302\Sdks\Microsoft.NET.Sdk\targets\Microsoft.NET.Sdk.FrameworkReferenceResolution.targets(14,5): message :     ;
       C:\Program Files\dotnet\sdk\9.0.302\Sdks\Microsoft.NET.Sdk\targets\Microsoft.NET.Sdk.FrameworkReferenceResolution.targets(14,5): message :       ResolveTargetingPackAssets;
       C:\Program Files\dotnet\sdk\9.0.302\Sdks\Microsoft.NET.Sdk\targets\Microsoft.NET.Sdk.FrameworkReferenceResolution.targets(14,5): message :     " (previous value: "
       C:\Program Files\dotnet\sdk\9.0.302\Sdks\Microsoft.NET.Sdk\targets\Microsoft.NET.Sdk.FrameworkReferenceResolution.targets(14,5): message :       
       C:\Program Files\dotnet\sdk\9.0.302\Sdks\Microsoft.NET.Sdk\targets\Microsoft.NET.Sdk.FrameworkReferenceResolution.targets(14,5): message :       ResolveProjectReferences;
       C:\Program Files\dotnet\sdk\9.0.302\Sdks\Microsoft.NET.Sdk\targets\Microsoft.NET.Sdk.FrameworkReferenceResolution.targets(14,5): message :       FindInvalidProjectReferences;
       C:\Program Files\dotnet\sdk\9.0.302\Sdks\Microsoft.NET.Sdk\targets\Microsoft.NET.Sdk.FrameworkReferenceResolution.targets(14,5): message :       GetFrameworkPaths;
       C:\Program Files\dotnet\sdk\9.0.302\Sdks\Microsoft.NET.Sdk\targets\Microsoft.NET.Sdk.FrameworkReferenceResolution.targets(14,5): message :       GetReferenceAssemblyPaths;
       C:\Program Files\dotnet\sdk\9.0.302\Sdks\Microsoft.NET.Sdk\targets\Microsoft.NET.Sdk.FrameworkReferenceResolution.targets(14,5): message :       PrepareForBuild;
       C:\Program Files\dotnet\sdk\9.0.302\Sdks\Microsoft.NET.Sdk\targets\Microsoft.NET.Sdk.FrameworkReferenceResolution.targets(14,5): message :       ResolveSDKReferences;
       C:\Program Files\dotnet\sdk\9.0.302\Sdks\Microsoft.NET.Sdk\targets\Microsoft.NET.Sdk.FrameworkReferenceResolution.targets(14,5): message :       ExpandSDKReferences;
       C:\Program Files\dotnet\sdk\9.0.302\Sdks\Microsoft.NET.Sdk\targets\Microsoft.NET.Sdk.FrameworkReferenceResolution.targets(14,5): message :     ;
       C:\Program Files\dotnet\sdk\9.0.302\Sdks\Microsoft.NET.Sdk\targets\Microsoft.NET.Sdk.FrameworkReferenceResolution.targets(14,5): message :       ResolvePackageDependenciesForBuild;
       C:\Program Files\dotnet\sdk\9.0.302\Sdks\Microsoft.NET.Sdk\targets\Microsoft.NET.Sdk.FrameworkReferenceResolution.targets(14,5): message :       _HandlePackageFileConflicts;
       C:\Program Files\dotnet\sdk\9.0.302\Sdks\Microsoft.NET.Sdk\targets\Microsoft.NET.Sdk.FrameworkReferenceResolution.targets(14,5): message :     ") at C:\Program Files\dotnet\sdk\9.0.302\Sdks\Microsoft.NET.Sdk\targets\Microsoft.NET.Sdk.FrameworkReferenceResolution.targets (14,5)
       C:\Program Files\dotnet\sdk\9.0.302\Sdks\Microsoft.NET.Sdk\targets\Microsoft.NET.Sdk.targets(44,5): message : Property reassignment: $(_GenerateRuntimeConfigurationPropertyInputsCache)="C:\Users\MBEYAZBULUT\Documents\GitHub\EnvanteriX\Presentation\EnvanteriX.WebUI\obj\Debug\net9.0\EnvanteriX.WebUI.genruntimeconfig.cache" (previous value: "obj\Debug\net9.0\EnvanteriX.WebUI.genruntimeconfig.cache") at C:\Program Files\dotnet\sdk\9.0.302\Sdks\Microsoft.NET.Sdk\targets\Microsoft.NET.Sdk.targets (44,5)
       C:\Program Files\dotnet\sdk\9.0.302\Sdks\Microsoft.NET.Sdk\targets\Microsoft.NET.Sdk.targets(46,5): message : Property reassignment: $(_GeneratePublishDependencyFilePropertyInputsCache)="C:\Users\MBEYAZBULUT\Documents\GitHub\EnvanteriX\Presentation\EnvanteriX.WebUI\obj\Debug\net9.0\EnvanteriX.WebUI.genpublishdeps.cache" (previous value: "obj\Debug\net9.0\EnvanteriX.WebUI.genpublishdeps.cache") at C:\Program Files\dotnet\sdk\9.0.302\Sdks\Microsoft.NET.Sdk\targets\Microsoft.NET.Sdk.targets (46,5)
       C:\Program Files\dotnet\sdk\9.0.302\Sdks\Microsoft.NET.Sdk\targets\Microsoft.NET.Sdk.targets(48,5): message : Property reassignment: $(_GenerateSingleFileBundlePropertyInputsCache)="C:\Users\MBEYAZBULUT\Documents\GitHub\EnvanteriX\Presentation\EnvanteriX.WebUI\obj\Debug\net9.0\EnvanteriX.WebUI.genbundle.cache" (previous value: "obj\Debug\net9.0\EnvanteriX.WebUI.genbundle.cache") at C:\Program Files\dotnet\sdk\9.0.302\Sdks\Microsoft.NET.Sdk\targets\Microsoft.NET.Sdk.targets (48,5)
       C:\Program Files\dotnet\sdk\9.0.302\Sdks\Microsoft.NET.Sdk\targets\Microsoft.NET.Sdk.targets(81,5): message : Property reassignment: $(GenerateRuntimeConfigDevFile)="false" (previous value: "true") at C:\Program Files\dotnet\sdk\9.0.302\Sdks\Microsoft.NET.Sdk\targets\Microsoft.NET.Sdk.targets (81,5)
       C:\Program Files\dotnet\sdk\9.0.302\Sdks\Microsoft.NET.Sdk\targets\Microsoft.NET.Sdk.targets(97,5): message : Property 'USERPROFILE' with value 'C:\Users\MBEYAZBULUT' expanded from the environment.
       C:\Program Files\dotnet\sdk\9.0.302\Sdks\Microsoft.NET.Sdk\targets\Microsoft.NET.Sdk.targets(97,5): message : Property reassignment: $(_DefaultUserProfileRuntimeStorePath)="C:\Users\MBEYAZBULUT" (previous value: "") at C:\Program Files\dotnet\sdk\9.0.302\Sdks\Microsoft.NET.Sdk\targets\Microsoft.NET.Sdk.targets (97,5)
       C:\Program Files\dotnet\sdk\9.0.302\Sdks\Microsoft.NET.Sdk\targets\Microsoft.NET.Sdk.targets(98,5): message : Property reassignment: $(_DefaultUserProfileRuntimeStorePath)="C:\Users\MBEYAZBULUT\.dotnet\store" (previous value: "C:\Users\MBEYAZBULUT") at C:\Program Files\dotnet\sdk\9.0.302\Sdks\Microsoft.NET.Sdk\targets\Microsoft.NET.Sdk.targets (98,5)
       C:\Program Files\dotnet\sdk\9.0.302\Sdks\Microsoft.NET.Sdk\targets\Microsoft.NET.Sdk.targets(140,5): message : Property reassignment: $(AvailablePlatforms)="Any CPU,x86,x64,ARM32" (previous value: "Any CPU,x86,x64") at C:\Program Files\dotnet\sdk\9.0.302\Sdks\Microsoft.NET.Sdk\targets\Microsoft.NET.Sdk.targets (140,5)
       C:\Program Files\dotnet\sdk\9.0.302\Sdks\Microsoft.NET.Sdk\targets\Microsoft.NET.Sdk.targets(144,5): message : Property reassignment: $(AvailablePlatforms)="Any CPU,x86,x64,ARM32,ARM64" (previous value: "Any CPU,x86,x64,ARM32") at C:\Program Files\dotnet\sdk\9.0.302\Sdks\Microsoft.NET.Sdk\targets\Microsoft.NET.Sdk.targets (144,5)
       C:\Program Files\dotnet\sdk\9.0.302\Sdks\Microsoft.NET.Sdk\targets\Microsoft.NET.Sdk.targets(201,5): message : Property reassignment: $(CoreBuildDependsOn)="
       C:\Program Files\dotnet\sdk\9.0.302\Sdks\Microsoft.NET.Sdk\targets\Microsoft.NET.Sdk.targets(201,5): message :       _CheckForBuildWithNoBuild;
       C:\Program Files\dotnet\sdk\9.0.302\Sdks\Microsoft.NET.Sdk\targets\Microsoft.NET.Sdk.targets(201,5): message :       
       C:\Program Files\dotnet\sdk\9.0.302\Sdks\Microsoft.NET.Sdk\targets\Microsoft.NET.Sdk.targets(201,5): message :       BuildOnlySettings;
       C:\Program Files\dotnet\sdk\9.0.302\Sdks\Microsoft.NET.Sdk\targets\Microsoft.NET.Sdk.targets(201,5): message :       PrepareForBuild;
       C:\Program Files\dotnet\sdk\9.0.302\Sdks\Microsoft.NET.Sdk\targets\Microsoft.NET.Sdk.targets(201,5): message :       PreBuildEvent;
       C:\Program Files\dotnet\sdk\9.0.302\Sdks\Microsoft.NET.Sdk\targets\Microsoft.NET.Sdk.targets(201,5): message :       ResolveReferences;
       C:\Program Files\dotnet\sdk\9.0.302\Sdks\Microsoft.NET.Sdk\targets\Microsoft.NET.Sdk.targets(201,5): message :       PrepareResources;
       C:\Program Files\dotnet\sdk\9.0.302\Sdks\Microsoft.NET.Sdk\targets\Microsoft.NET.Sdk.targets(201,5): message :       ResolveKeySource;
       C:\Program Files\dotnet\sdk\9.0.302\Sdks\Microsoft.NET.Sdk\targets\Microsoft.NET.Sdk.targets(201,5): message :       Compile;
       C:\Program Files\dotnet\sdk\9.0.302\Sdks\Microsoft.NET.Sdk\targets\Microsoft.NET.Sdk.targets(201,5): message :       ExportWindowsMDFile;
       C:\Program Files\dotnet\sdk\9.0.302\Sdks\Microsoft.NET.Sdk\targets\Microsoft.NET.Sdk.targets(201,5): message :       UnmanagedUnregistration;
       C:\Program Files\dotnet\sdk\9.0.302\Sdks\Microsoft.NET.Sdk\targets\Microsoft.NET.Sdk.targets(201,5): message :       GenerateSerializationAssemblies;
       C:\Program Files\dotnet\sdk\9.0.302\Sdks\Microsoft.NET.Sdk\targets\Microsoft.NET.Sdk.targets(201,5): message :       CreateSatelliteAssemblies;
       C:\Program Files\dotnet\sdk\9.0.302\Sdks\Microsoft.NET.Sdk\targets\Microsoft.NET.Sdk.targets(201,5): message :       GenerateManifests;
       C:\Program Files\dotnet\sdk\9.0.302\Sdks\Microsoft.NET.Sdk\targets\Microsoft.NET.Sdk.targets(201,5): message :       GetTargetPath;
       C:\Program Files\dotnet\sdk\9.0.302\Sdks\Microsoft.NET.Sdk\targets\Microsoft.NET.Sdk.targets(201,5): message :       PrepareForRun;
       C:\Program Files\dotnet\sdk\9.0.302\Sdks\Microsoft.NET.Sdk\targets\Microsoft.NET.Sdk.targets(201,5): message :       UnmanagedRegistration;
       C:\Program Files\dotnet\sdk\9.0.302\Sdks\Microsoft.NET.Sdk\targets\Microsoft.NET.Sdk.targets(201,5): message :       IncrementalClean;
       C:\Program Files\dotnet\sdk\9.0.302\Sdks\Microsoft.NET.Sdk\targets\Microsoft.NET.Sdk.targets(201,5): message :       PostBuildEvent
       C:\Program Files\dotnet\sdk\9.0.302\Sdks\Microsoft.NET.Sdk\targets\Microsoft.NET.Sdk.targets(201,5): message :     ;
       C:\Program Files\dotnet\sdk\9.0.302\Sdks\Microsoft.NET.Sdk\targets\Microsoft.NET.Sdk.targets(201,5): message :       GenerateBuildDependencyFile;
       C:\Program Files\dotnet\sdk\9.0.302\Sdks\Microsoft.NET.Sdk\targets\Microsoft.NET.Sdk.targets(201,5): message :       GenerateBuildRuntimeConfigurationFiles
       C:\Program Files\dotnet\sdk\9.0.302\Sdks\Microsoft.NET.Sdk\targets\Microsoft.NET.Sdk.targets(201,5): message :     " (previous value: "
       C:\Program Files\dotnet\sdk\9.0.302\Sdks\Microsoft.NET.Sdk\targets\Microsoft.NET.Sdk.targets(201,5): message :       BuildOnlySettings;
       C:\Program Files\dotnet\sdk\9.0.302\Sdks\Microsoft.NET.Sdk\targets\Microsoft.NET.Sdk.targets(201,5): message :       PrepareForBuild;
       C:\Program Files\dotnet\sdk\9.0.302\Sdks\Microsoft.NET.Sdk\targets\Microsoft.NET.Sdk.targets(201,5): message :       PreBuildEvent;
       C:\Program Files\dotnet\sdk\9.0.302\Sdks\Microsoft.NET.Sdk\targets\Microsoft.NET.Sdk.targets(201,5): message :       ResolveReferences;
       C:\Program Files\dotnet\sdk\9.0.302\Sdks\Microsoft.NET.Sdk\targets\Microsoft.NET.Sdk.targets(201,5): message :       PrepareResources;
       C:\Program Files\dotnet\sdk\9.0.302\Sdks\Microsoft.NET.Sdk\targets\Microsoft.NET.Sdk.targets(201,5): message :       ResolveKeySource;
       C:\Program Files\dotnet\sdk\9.0.302\Sdks\Microsoft.NET.Sdk\targets\Microsoft.NET.Sdk.targets(201,5): message :       Compile;
       C:\Program Files\dotnet\sdk\9.0.302\Sdks\Microsoft.NET.Sdk\targets\Microsoft.NET.Sdk.targets(201,5): message :       ExportWindowsMDFile;
       C:\Program Files\dotnet\sdk\9.0.302\Sdks\Microsoft.NET.Sdk\targets\Microsoft.NET.Sdk.targets(201,5): message :       UnmanagedUnregistration;
       C:\Program Files\dotnet\sdk\9.0.302\Sdks\Microsoft.NET.Sdk\targets\Microsoft.NET.Sdk.targets(201,5): message :       GenerateSerializationAssemblies;
       C:\Program Files\dotnet\sdk\9.0.302\Sdks\Microsoft.NET.Sdk\targets\Microsoft.NET.Sdk.targets(201,5): message :       CreateSatelliteAssemblies;
       C:\Program Files\dotnet\sdk\9.0.302\Sdks\Microsoft.NET.Sdk\targets\Microsoft.NET.Sdk.targets(201,5): message :       GenerateManifests;
       C:\Program Files\dotnet\sdk\9.0.302\Sdks\Microsoft.NET.Sdk\targets\Microsoft.NET.Sdk.targets(201,5): message :       GetTargetPath;
       C:\Program Files\dotnet\sdk\9.0.302\Sdks\Microsoft.NET.Sdk\targets\Microsoft.NET.Sdk.targets(201,5): message :       PrepareForRun;
       C:\Program Files\dotnet\sdk\9.0.302\Sdks\Microsoft.NET.Sdk\targets\Microsoft.NET.Sdk.targets(201,5): message :       UnmanagedRegistration;
       C:\Program Files\dotnet\sdk\9.0.302\Sdks\Microsoft.NET.Sdk\targets\Microsoft.NET.Sdk.targets(201,5): message :       IncrementalClean;
       C:\Program Files\dotnet\sdk\9.0.302\Sdks\Microsoft.NET.Sdk\targets\Microsoft.NET.Sdk.targets(201,5): message :       PostBuildEvent
       C:\Program Files\dotnet\sdk\9.0.302\Sdks\Microsoft.NET.Sdk\targets\Microsoft.NET.Sdk.targets(201,5): message :     ") at C:\Program Files\dotnet\sdk\9.0.302\Sdks\Microsoft.NET.Sdk\targets\Microsoft.NET.Sdk.targets (201,5)
       C:\Program Files\dotnet\sdk\9.0.302\Sdks\Microsoft.NET.Sdk\targets\Microsoft.NET.Sdk.targets(210,5): message : Property reassignment: $(CoreCleanDependsOn)="
       C:\Program Files\dotnet\sdk\9.0.302\Sdks\Microsoft.NET.Sdk\targets\Microsoft.NET.Sdk.targets(210,5): message :       _SdkBeforeClean;
       C:\Program Files\dotnet\sdk\9.0.302\Sdks\Microsoft.NET.Sdk\targets\Microsoft.NET.Sdk.targets(210,5): message :       
       C:\Program Files\dotnet\sdk\9.0.302\Sdks\Microsoft.NET.Sdk\targets\Microsoft.NET.Sdk.targets(210,5): message :     " (previous value: "") at C:\Program Files\dotnet\sdk\9.0.302\Sdks\Microsoft.NET.Sdk\targets\Microsoft.NET.Sdk.targets (210,5)
       C:\Program Files\dotnet\sdk\9.0.302\Sdks\Microsoft.NET.Sdk\targets\Microsoft.NET.Sdk.targets(217,5): message : Property reassignment: $(RebuildDependsOn)="
       C:\Program Files\dotnet\sdk\9.0.302\Sdks\Microsoft.NET.Sdk\targets\Microsoft.NET.Sdk.targets(217,5): message :       _SdkBeforeRebuild;
       C:\Program Files\dotnet\sdk\9.0.302\Sdks\Microsoft.NET.Sdk\targets\Microsoft.NET.Sdk.targets(217,5): message :       
       C:\Program Files\dotnet\sdk\9.0.302\Sdks\Microsoft.NET.Sdk\targets\Microsoft.NET.Sdk.targets(217,5): message :       BeforeRebuild;
       C:\Program Files\dotnet\sdk\9.0.302\Sdks\Microsoft.NET.Sdk\targets\Microsoft.NET.Sdk.targets(217,5): message :       Clean;
       C:\Program Files\dotnet\sdk\9.0.302\Sdks\Microsoft.NET.Sdk\targets\Microsoft.NET.Sdk.targets(217,5): message :       Build;
       C:\Program Files\dotnet\sdk\9.0.302\Sdks\Microsoft.NET.Sdk\targets\Microsoft.NET.Sdk.targets(217,5): message :       AfterRebuild;
       C:\Program Files\dotnet\sdk\9.0.302\Sdks\Microsoft.NET.Sdk\targets\Microsoft.NET.Sdk.targets(217,5): message :     
       C:\Program Files\dotnet\sdk\9.0.302\Sdks\Microsoft.NET.Sdk\targets\Microsoft.NET.Sdk.targets(217,5): message :     " (previous value: "
       C:\Program Files\dotnet\sdk\9.0.302\Sdks\Microsoft.NET.Sdk\targets\Microsoft.NET.Sdk.targets(217,5): message :       BeforeRebuild;
       C:\Program Files\dotnet\sdk\9.0.302\Sdks\Microsoft.NET.Sdk\targets\Microsoft.NET.Sdk.targets(217,5): message :       Clean;
       C:\Program Files\dotnet\sdk\9.0.302\Sdks\Microsoft.NET.Sdk\targets\Microsoft.NET.Sdk.targets(217,5): message :       Build;
       C:\Program Files\dotnet\sdk\9.0.302\Sdks\Microsoft.NET.Sdk\targets\Microsoft.NET.Sdk.targets(217,5): message :       AfterRebuild;
       C:\Program Files\dotnet\sdk\9.0.302\Sdks\Microsoft.NET.Sdk\targets\Microsoft.NET.Sdk.targets(217,5): message :     ") at C:\Program Files\dotnet\sdk\9.0.302\Sdks\Microsoft.NET.Sdk\targets\Microsoft.NET.Sdk.targets (217,5)
       C:\Program Files\dotnet\sdk\9.0.302\Sdks\Microsoft.NET.Sdk\targets\Microsoft.NET.Sdk.targets(784,5): message : Property reassignment: $(CompileDependsOn)="
       C:\Program Files\dotnet\sdk\9.0.302\Sdks\Microsoft.NET.Sdk\targets\Microsoft.NET.Sdk.targets(784,5): message :       
       C:\Program Files\dotnet\sdk\9.0.302\Sdks\Microsoft.NET.Sdk\targets\Microsoft.NET.Sdk.targets(784,5): message :       ResolveReferences;
       C:\Program Files\dotnet\sdk\9.0.302\Sdks\Microsoft.NET.Sdk\targets\Microsoft.NET.Sdk.targets(784,5): message :       ResolveKeySource;
       C:\Program Files\dotnet\sdk\9.0.302\Sdks\Microsoft.NET.Sdk\targets\Microsoft.NET.Sdk.targets(784,5): message :       SetWin32ManifestProperties;
       C:\Program Files\dotnet\sdk\9.0.302\Sdks\Microsoft.NET.Sdk\targets\Microsoft.NET.Sdk.targets(784,5): message :       _SetPreferNativeArm64Win32ManifestProperties;
       C:\Program Files\dotnet\sdk\9.0.302\Sdks\Microsoft.NET.Sdk\targets\Microsoft.NET.Sdk.targets(784,5): message :       FindReferenceAssembliesForReferences;
       C:\Program Files\dotnet\sdk\9.0.302\Sdks\Microsoft.NET.Sdk\targets\Microsoft.NET.Sdk.targets(784,5): message :       _GenerateCompileInputs;
       C:\Program Files\dotnet\sdk\9.0.302\Sdks\Microsoft.NET.Sdk\targets\Microsoft.NET.Sdk.targets(784,5): message :       BeforeCompile;
       C:\Program Files\dotnet\sdk\9.0.302\Sdks\Microsoft.NET.Sdk\targets\Microsoft.NET.Sdk.targets(784,5): message :       _TimeStampBeforeCompile;
       C:\Program Files\dotnet\sdk\9.0.302\Sdks\Microsoft.NET.Sdk\targets\Microsoft.NET.Sdk.targets(784,5): message :       _GenerateCompileDependencyCache;
       C:\Program Files\dotnet\sdk\9.0.302\Sdks\Microsoft.NET.Sdk\targets\Microsoft.NET.Sdk.targets(784,5): message :       CoreCompile;
       C:\Program Files\dotnet\sdk\9.0.302\Sdks\Microsoft.NET.Sdk\targets\Microsoft.NET.Sdk.targets(784,5): message :       _TimeStampAfterCompile;
       C:\Program Files\dotnet\sdk\9.0.302\Sdks\Microsoft.NET.Sdk\targets\Microsoft.NET.Sdk.targets(784,5): message :       AfterCompile;
       C:\Program Files\dotnet\sdk\9.0.302\Sdks\Microsoft.NET.Sdk\targets\Microsoft.NET.Sdk.targets(784,5): message :     ;
       C:\Program Files\dotnet\sdk\9.0.302\Sdks\Microsoft.NET.Sdk\targets\Microsoft.NET.Sdk.targets(784,5): message :       _CreateAppHost;
       C:\Program Files\dotnet\sdk\9.0.302\Sdks\Microsoft.NET.Sdk\targets\Microsoft.NET.Sdk.targets(784,5): message :       _CreateComHost;
       C:\Program Files\dotnet\sdk\9.0.302\Sdks\Microsoft.NET.Sdk\targets\Microsoft.NET.Sdk.targets(784,5): message :       _GetIjwHostPaths;
       C:\Program Files\dotnet\sdk\9.0.302\Sdks\Microsoft.NET.Sdk\targets\Microsoft.NET.Sdk.targets(784,5): message :     " (previous value: "
       C:\Program Files\dotnet\sdk\9.0.302\Sdks\Microsoft.NET.Sdk\targets\Microsoft.NET.Sdk.targets(784,5): message :       ResolveReferences;
       C:\Program Files\dotnet\sdk\9.0.302\Sdks\Microsoft.NET.Sdk\targets\Microsoft.NET.Sdk.targets(784,5): message :       ResolveKeySource;
       C:\Program Files\dotnet\sdk\9.0.302\Sdks\Microsoft.NET.Sdk\targets\Microsoft.NET.Sdk.targets(784,5): message :       SetWin32ManifestProperties;
       C:\Program Files\dotnet\sdk\9.0.302\Sdks\Microsoft.NET.Sdk\targets\Microsoft.NET.Sdk.targets(784,5): message :       _SetPreferNativeArm64Win32ManifestProperties;
       C:\Program Files\dotnet\sdk\9.0.302\Sdks\Microsoft.NET.Sdk\targets\Microsoft.NET.Sdk.targets(784,5): message :       FindReferenceAssembliesForReferences;
       C:\Program Files\dotnet\sdk\9.0.302\Sdks\Microsoft.NET.Sdk\targets\Microsoft.NET.Sdk.targets(784,5): message :       _GenerateCompileInputs;
       C:\Program Files\dotnet\sdk\9.0.302\Sdks\Microsoft.NET.Sdk\targets\Microsoft.NET.Sdk.targets(784,5): message :       BeforeCompile;
       C:\Program Files\dotnet\sdk\9.0.302\Sdks\Microsoft.NET.Sdk\targets\Microsoft.NET.Sdk.targets(784,5): message :       _TimeStampBeforeCompile;
       C:\Program Files\dotnet\sdk\9.0.302\Sdks\Microsoft.NET.Sdk\targets\Microsoft.NET.Sdk.targets(784,5): message :       _GenerateCompileDependencyCache;
       C:\Program Files\dotnet\sdk\9.0.302\Sdks\Microsoft.NET.Sdk\targets\Microsoft.NET.Sdk.targets(784,5): message :       CoreCompile;
       C:\Program Files\dotnet\sdk\9.0.302\Sdks\Microsoft.NET.Sdk\targets\Microsoft.NET.Sdk.targets(784,5): message :       _TimeStampAfterCompile;
       C:\Program Files\dotnet\sdk\9.0.302\Sdks\Microsoft.NET.Sdk\targets\Microsoft.NET.Sdk.targets(784,5): message :       AfterCompile;
       C:\Program Files\dotnet\sdk\9.0.302\Sdks\Microsoft.NET.Sdk\targets\Microsoft.NET.Sdk.targets(784,5): message :     ") at C:\Program Files\dotnet\sdk\9.0.302\Sdks\Microsoft.NET.Sdk\targets\Microsoft.NET.Sdk.targets (784,5)
       C:\Program Files\dotnet\sdk\9.0.302\Sdks\Microsoft.NET.Sdk\targets\Microsoft.NET.Sdk.targets(1184,5): message : Property reassignment: $(CreateSatelliteAssembliesDependsOn)="
       C:\Program Files\dotnet\sdk\9.0.302\Sdks\Microsoft.NET.Sdk\targets\Microsoft.NET.Sdk.targets(1184,5): message :       
       C:\Program Files\dotnet\sdk\9.0.302\Sdks\Microsoft.NET.Sdk\targets\Microsoft.NET.Sdk.targets(1184,5): message :       ;
       C:\Program Files\dotnet\sdk\9.0.302\Sdks\Microsoft.NET.Sdk\targets\Microsoft.NET.Sdk.targets(1184,5): message :       _GenerateSatelliteAssemblyInputs;
       C:\Program Files\dotnet\sdk\9.0.302\Sdks\Microsoft.NET.Sdk\targets\Microsoft.NET.Sdk.targets(1184,5): message :       ComputeIntermediateSatelliteAssemblies;
       C:\Program Files\dotnet\sdk\9.0.302\Sdks\Microsoft.NET.Sdk\targets\Microsoft.NET.Sdk.targets(1184,5): message :       GenerateSatelliteAssemblies
       C:\Program Files\dotnet\sdk\9.0.302\Sdks\Microsoft.NET.Sdk\targets\Microsoft.NET.Sdk.targets(1184,5): message :     ;
       C:\Program Files\dotnet\sdk\9.0.302\Sdks\Microsoft.NET.Sdk\targets\Microsoft.NET.Sdk.targets(1184,5): message :       CoreGenerateSatelliteAssemblies
       C:\Program Files\dotnet\sdk\9.0.302\Sdks\Microsoft.NET.Sdk\targets\Microsoft.NET.Sdk.targets(1184,5): message :     " (previous value: "
       C:\Program Files\dotnet\sdk\9.0.302\Sdks\Microsoft.NET.Sdk\targets\Microsoft.NET.Sdk.targets(1184,5): message :       ;
       C:\Program Files\dotnet\sdk\9.0.302\Sdks\Microsoft.NET.Sdk\targets\Microsoft.NET.Sdk.targets(1184,5): message :       _GenerateSatelliteAssemblyInputs;
       C:\Program Files\dotnet\sdk\9.0.302\Sdks\Microsoft.NET.Sdk\targets\Microsoft.NET.Sdk.targets(1184,5): message :       ComputeIntermediateSatelliteAssemblies;
       C:\Program Files\dotnet\sdk\9.0.302\Sdks\Microsoft.NET.Sdk\targets\Microsoft.NET.Sdk.targets(1184,5): message :       GenerateSatelliteAssemblies
       C:\Program Files\dotnet\sdk\9.0.302\Sdks\Microsoft.NET.Sdk\targets\Microsoft.NET.Sdk.targets(1184,5): message :     ") at C:\Program Files\dotnet\sdk\9.0.302\Sdks\Microsoft.NET.Sdk\targets\Microsoft.NET.Sdk.targets (1184,5)
       C:\Program Files\dotnet\sdk\9.0.302\Sdks\Microsoft.SourceLink.GitLab\build\Microsoft.SourceLink.GitLab.targets(12,5): message : Property reassignment: $(SourceLinkUrlInitializerTargets)=";_InitializeGitHubSourceLinkUrl;_InitializeGitLabSourceLinkUrl" (previous value: ";_InitializeGitHubSourceLinkUrl") at C:\Program Files\dotnet\sdk\9.0.302\Sdks\Microsoft.SourceLink.GitLab\build\Microsoft.SourceLink.GitLab.targets (12,5)
       C:\Program Files\dotnet\sdk\9.0.302\Sdks\Microsoft.SourceLink.GitLab\build\Microsoft.SourceLink.GitLab.targets(13,5): message : Property reassignment: $(SourceControlManagerUrlTranslationTargets)=";TranslateGitHubUrlsInSourceControlInformation;TranslateGitLabUrlsInSourceControlInformation" (previous value: ";TranslateGitHubUrlsInSourceControlInformation") at C:\Program Files\dotnet\sdk\9.0.302\Sdks\Microsoft.SourceLink.GitLab\build\Microsoft.SourceLink.GitLab.targets (13,5)
       C:\Program Files\dotnet\sdk\9.0.302\Sdks\Microsoft.SourceLink.AzureRepos.Git\build\Microsoft.SourceLink.AzureRepos.Git.targets(12,5): message : Property reassignment: $(SourceLinkUrlInitializerTargets)=";_InitializeGitHubSourceLinkUrl;_InitializeGitLabSourceLinkUrl;_InitializeAzureReposGitSourceLinkUrl" (previous value: ";_InitializeGitHubSourceLinkUrl;_InitializeGitLabSourceLinkUrl") at C:\Program Files\dotnet\sdk\9.0.302\Sdks\Microsoft.SourceLink.AzureRepos.Git\build\Microsoft.SourceLink.AzureRepos.Git.targets (12,5)
       C:\Program Files\dotnet\sdk\9.0.302\Sdks\Microsoft.SourceLink.AzureRepos.Git\build\Microsoft.SourceLink.AzureRepos.Git.targets(13,5): message : Property reassignment: $(SourceControlManagerUrlTranslationTargets)=";TranslateGitHubUrlsInSourceControlInformation;TranslateGitLabUrlsInSourceControlInformation;TranslateAzureReposGitUrlsInSourceControlInformation" (previous value: ";TranslateGitHubUrlsInSourceControlInformation;TranslateGitLabUrlsInSourceControlInformation") at C:\Program Files\dotnet\sdk\9.0.302\Sdks\Microsoft.SourceLink.AzureRepos.Git\build\Microsoft.SourceLink.AzureRepos.Git.targets (13,5)
       C:\Program Files\dotnet\sdk\9.0.302\Sdks\Microsoft.SourceLink.Bitbucket.Git\build\Microsoft.SourceLink.Bitbucket.Git.targets(12,5): message : Property reassignment: $(SourceLinkUrlInitializerTargets)=";_InitializeGitHubSourceLinkUrl;_InitializeGitLabSourceLinkUrl;_InitializeAzureReposGitSourceLinkUrl;_InitializeBitbucketGitSourceLinkUrl" (previous value: ";_InitializeGitHubSourceLinkUrl;_InitializeGitLabSourceLinkUrl;_InitializeAzureReposGitSourceLinkUrl") at C:\Program Files\dotnet\sdk\9.0.302\Sdks\Microsoft.SourceLink.Bitbucket.Git\build\Microsoft.SourceLink.Bitbucket.Git.targets (12,5)
       C:\Program Files\dotnet\sdk\9.0.302\Sdks\Microsoft.SourceLink.Bitbucket.Git\build\Microsoft.SourceLink.Bitbucket.Git.targets(13,5): message : Property reassignment: $(SourceControlManagerUrlTranslationTargets)=";TranslateGitHubUrlsInSourceControlInformation;TranslateGitLabUrlsInSourceControlInformation;TranslateAzureReposGitUrlsInSourceControlInformation;TranslateBitbucketGitUrlsInSourceControlInformation" (previous value: ";TranslateGitHubUrlsInSourceControlInformation;TranslateGitLabUrlsInSourceControlInformation;TranslateAzureReposGitUrlsInSourceControlInformation") at C:\Program Files\dotnet\sdk\9.0.302\Sdks\Microsoft.SourceLink.Bitbucket.Git\build\Microsoft.SourceLink.Bitbucket.Git.targets (13,5)
       C:\Program Files\dotnet\sdk\9.0.302\Sdks\Microsoft.NET.Sdk\targets\Microsoft.NET.DesignerSupport.targets(21,5): message : Property reassignment: $(DesignerRuntimeImplementationProjectOutputGroupDependsOn)="
       C:\Program Files\dotnet\sdk\9.0.302\Sdks\Microsoft.NET.Sdk\targets\Microsoft.NET.DesignerSupport.targets(21,5): message :       
       C:\Program Files\dotnet\sdk\9.0.302\Sdks\Microsoft.NET.Sdk\targets\Microsoft.NET.DesignerSupport.targets(21,5): message :       ;
       C:\Program Files\dotnet\sdk\9.0.302\Sdks\Microsoft.NET.Sdk\targets\Microsoft.NET.DesignerSupport.targets(21,5): message :       
       C:\Program Files\dotnet\sdk\9.0.302\Sdks\Microsoft.NET.Sdk\targets\Microsoft.NET.DesignerSupport.targets(21,5): message :       ;
       C:\Program Files\dotnet\sdk\9.0.302\Sdks\Microsoft.NET.Sdk\targets\Microsoft.NET.DesignerSupport.targets(21,5): message :       BuildOnlySettings;
       C:\Program Files\dotnet\sdk\9.0.302\Sdks\Microsoft.NET.Sdk\targets\Microsoft.NET.DesignerSupport.targets(21,5): message :       PrepareForBuild;
       C:\Program Files\dotnet\sdk\9.0.302\Sdks\Microsoft.NET.Sdk\targets\Microsoft.NET.DesignerSupport.targets(21,5): message :       AssignTargetPaths;
       C:\Program Files\dotnet\sdk\9.0.302\Sdks\Microsoft.NET.Sdk\targets\Microsoft.NET.DesignerSupport.targets(21,5): message :       ResolveReferences
       C:\Program Files\dotnet\sdk\9.0.302\Sdks\Microsoft.NET.Sdk\targets\Microsoft.NET.DesignerSupport.targets(21,5): message :     
       C:\Program Files\dotnet\sdk\9.0.302\Sdks\Microsoft.NET.Sdk\targets\Microsoft.NET.DesignerSupport.targets(21,5): message :     ;
       C:\Program Files\dotnet\sdk\9.0.302\Sdks\Microsoft.NET.Sdk\targets\Microsoft.NET.DesignerSupport.targets(21,5): message :       _GenerateDesignerDepsFile;
       C:\Program Files\dotnet\sdk\9.0.302\Sdks\Microsoft.NET.Sdk\targets\Microsoft.NET.DesignerSupport.targets(21,5): message :       _GenerateDesignerRuntimeConfigFile;
       C:\Program Files\dotnet\sdk\9.0.302\Sdks\Microsoft.NET.Sdk\targets\Microsoft.NET.DesignerSupport.targets(21,5): message :       GetCopyToOutputDirectoryItems;
       C:\Program Files\dotnet\sdk\9.0.302\Sdks\Microsoft.NET.Sdk\targets\Microsoft.NET.DesignerSupport.targets(21,5): message :       _GatherDesignerShadowCopyFiles;
       C:\Program Files\dotnet\sdk\9.0.302\Sdks\Microsoft.NET.Sdk\targets\Microsoft.NET.DesignerSupport.targets(21,5): message :     " (previous value: "
       C:\Program Files\dotnet\sdk\9.0.302\Sdks\Microsoft.NET.Sdk\targets\Microsoft.NET.DesignerSupport.targets(21,5): message :       ;
       C:\Program Files\dotnet\sdk\9.0.302\Sdks\Microsoft.NET.Sdk\targets\Microsoft.NET.DesignerSupport.targets(21,5): message :       
       C:\Program Files\dotnet\sdk\9.0.302\Sdks\Microsoft.NET.Sdk\targets\Microsoft.NET.DesignerSupport.targets(21,5): message :       ;
       C:\Program Files\dotnet\sdk\9.0.302\Sdks\Microsoft.NET.Sdk\targets\Microsoft.NET.DesignerSupport.targets(21,5): message :       BuildOnlySettings;
       C:\Program Files\dotnet\sdk\9.0.302\Sdks\Microsoft.NET.Sdk\targets\Microsoft.NET.DesignerSupport.targets(21,5): message :       PrepareForBuild;
       C:\Program Files\dotnet\sdk\9.0.302\Sdks\Microsoft.NET.Sdk\targets\Microsoft.NET.DesignerSupport.targets(21,5): message :       AssignTargetPaths;
       C:\Program Files\dotnet\sdk\9.0.302\Sdks\Microsoft.NET.Sdk\targets\Microsoft.NET.DesignerSupport.targets(21,5): message :       ResolveReferences
       C:\Program Files\dotnet\sdk\9.0.302\Sdks\Microsoft.NET.Sdk\targets\Microsoft.NET.DesignerSupport.targets(21,5): message :     
       C:\Program Files\dotnet\sdk\9.0.302\Sdks\Microsoft.NET.Sdk\targets\Microsoft.NET.DesignerSupport.targets(21,5): message :     ") at C:\Program Files\dotnet\sdk\9.0.302\Sdks\Microsoft.NET.Sdk\targets\Microsoft.NET.DesignerSupport.targets (21,5)
       C:\Program Files\dotnet\sdk\9.0.302\Sdks\Microsoft.NET.Sdk\targets\Microsoft.NET.PackTool.targets(68,5): message : Property reassignment: $(_GenerateToolsSettingsFileCacheFile)="C:\Users\MBEYAZBULUT\Documents\GitHub\EnvanteriX\Presentation\EnvanteriX.WebUI\obj\Debug\net9.0\EnvanteriX.WebUI.toolssettingsinput.cache" (previous value: "obj\Debug\net9.0\EnvanteriX.WebUI.toolssettingsinput.cache") at C:\Program Files\dotnet\sdk\9.0.302\Sdks\Microsoft.NET.Sdk\targets\Microsoft.NET.PackTool.targets (68,5)
       C:\Program Files\dotnet\sdk\9.0.302\Sdks\Microsoft.NET.Sdk\targets\Microsoft.NET.PackTool.targets(137,5): message : Property reassignment: $(_ShimInputCacheFile)="C:\Users\MBEYAZBULUT\Documents\GitHub\EnvanteriX\Presentation\EnvanteriX.WebUI\obj\Debug\net9.0\EnvanteriX.WebUI.shiminput.cache" (previous value: "obj\Debug\net9.0\EnvanteriX.WebUI.shiminput.cache") at C:\Program Files\dotnet\sdk\9.0.302\Sdks\Microsoft.NET.Sdk\targets\Microsoft.NET.PackTool.targets (137,5)
       C:\Program Files\dotnet\sdk\9.0.302\Sdks\Microsoft.NET.Sdk\targets\Microsoft.NET.PackTool.targets(139,5): message : Property reassignment: $(_ShimCreatedSentinelFile)="C:\Users\MBEYAZBULUT\Documents\GitHub\EnvanteriX\Presentation\EnvanteriX.WebUI\obj\Debug\net9.0\EnvanteriX.WebUI.shimcreated.sentinel" (previous value: "obj\Debug\net9.0\EnvanteriX.WebUI.shimcreated.sentinel") at C:\Program Files\dotnet\sdk\9.0.302\Sdks\Microsoft.NET.Sdk\targets\Microsoft.NET.PackTool.targets (139,5)
       C:\Program Files\dotnet\sdk\9.0.302\Sdks\Microsoft.NET.Sdk\targets\Microsoft.NET.Sdk.CSharp.targets(31,5): message : Property reassignment: $(DefineConstants)="TRACE;DEBUG" (previous value: "TRACE") at C:\Program Files\dotnet\sdk\9.0.302\Sdks\Microsoft.NET.Sdk\targets\Microsoft.NET.Sdk.CSharp.targets (31,5)
       C:\Program Files\dotnet\sdk\9.0.302\Sdks\Microsoft.NET.Sdk\targets\Microsoft.NET.Sdk.CSharp.targets(34,5): message : Property reassignment: $(DefineConstants)="TRACE;DEBUG;NET;NET9_0;NETCOREAPP" (previous value: "TRACE;DEBUG") at C:\Program Files\dotnet\sdk\9.0.302\Sdks\Microsoft.NET.Sdk\targets\Microsoft.NET.Sdk.CSharp.targets (34,5)
       C:\Program Files\dotnet\sdk\9.0.302\Sdks\Microsoft.NET.Sdk\targets\Microsoft.NET.Sdk.CSharp.targets(48,5): message : Property reassignment: $(WarningsAsErrors)=";NU1605;SYSLIB0011" (previous value: ";NU1605") at C:\Program Files\dotnet\sdk\9.0.302\Sdks\Microsoft.NET.Sdk\targets\Microsoft.NET.Sdk.CSharp.targets (48,5)
       C:\Program Files\dotnet\sdk\9.0.302\Sdks\NuGet.Build.Tasks.Pack\build\NuGet.Build.Tasks.Pack.targets(34,5): message : Property reassignment: $(PackageDescription)="Package Description" (previous value: "") at C:\Program Files\dotnet\sdk\9.0.302\Sdks\NuGet.Build.Tasks.Pack\build\NuGet.Build.Tasks.Pack.targets (34,5)
       C:\Program Files\dotnet\sdk\9.0.302\Sdks\NuGet.Build.Tasks.Pack\build\NuGet.Build.Tasks.Pack.targets(59,5): message : Property reassignment: $(GenerateNuspecDependsOn)="Build;_LoadPackInputItems; _GetTargetFrameworksOutput; _WalkEachTargetPerFramework; _GetPackageFiles; " (previous value: "_LoadPackInputItems; _GetTargetFrameworksOutput; _WalkEachTargetPerFramework; _GetPackageFiles; ") at C:\Program Files\dotnet\sdk\9.0.302\Sdks\NuGet.Build.Tasks.Pack\build\NuGet.Build.Tasks.Pack.targets (59,5)
       C:\Program Files\dotnet\sdk\9.0.302\Sdks\Microsoft.NET.Sdk\Sdk\Sdk.targets(60,5): message : Property reassignment: $(_IsNotSetContainersTargetsDir)="true" (previous value: "false") at C:\Program Files\dotnet\sdk\9.0.302\Sdks\Microsoft.NET.Sdk\Sdk\Sdk.targets (60,5)
       C:\Program Files\dotnet\sdk\9.0.302\Containers\build\Microsoft.NET.Build.Containers.targets(5,5): message : Property reassignment: $(_IsSDKContainerAllowedVersion)="true" (previous value: "false") at C:\Program Files\dotnet\sdk\9.0.302\Containers\build\Microsoft.NET.Build.Containers.targets (5,5)
       C:\Program Files\dotnet\sdk\9.0.302\Containers\build\Microsoft.NET.Build.Containers.targets(15,5): message : Property reassignment: $(_ContainerIsTargetingNet8TFM)="true" (previous value: "false") at C:\Program Files\dotnet\sdk\9.0.302\Containers\build\Microsoft.NET.Build.Containers.targets (15,5)
       C:\Program Files\dotnet\sdk\9.0.302\Sdks\Microsoft.NET.Sdk.StaticWebAssets\targets\Sdk.StaticWebAssets.CurrentVersion.targets(37,18): message : Property 'DOTNET_HOST_PATH' with value 'C:\Program Files\dotnet\dotnet.exe' expanded from the environment.
       C:\Program Files\dotnet\sdk\9.0.302\Sdks\Microsoft.NET.Sdk.StaticWebAssets\targets\Microsoft.NET.Sdk.StaticWebAssets.targets(286,5): message : Property reassignment: $(PrepareForRunDependsOn)="StaticWebAssetsPrepareForRun;
       C:\Program Files\dotnet\sdk\9.0.302\Sdks\Microsoft.NET.Sdk.StaticWebAssets\targets\Microsoft.NET.Sdk.StaticWebAssets.targets(286,5): message :       CopyFilesToOutputDirectory
       C:\Program Files\dotnet\sdk\9.0.302\Sdks\Microsoft.NET.Sdk.StaticWebAssets\targets\Microsoft.NET.Sdk.StaticWebAssets.targets(286,5): message :     " (previous value: "
       C:\Program Files\dotnet\sdk\9.0.302\Sdks\Microsoft.NET.Sdk.StaticWebAssets\targets\Microsoft.NET.Sdk.StaticWebAssets.targets(286,5): message :       CopyFilesToOutputDirectory
       C:\Program Files\dotnet\sdk\9.0.302\Sdks\Microsoft.NET.Sdk.StaticWebAssets\targets\Microsoft.NET.Sdk.StaticWebAssets.targets(286,5): message :     ") at C:\Program Files\dotnet\sdk\9.0.302\Sdks\Microsoft.NET.Sdk.StaticWebAssets\targets\Microsoft.NET.Sdk.StaticWebAssets.targets (286,5)
       C:\Program Files\dotnet\sdk\9.0.302\Sdks\Microsoft.NET.Sdk.StaticWebAssets\targets\Microsoft.NET.Sdk.StaticWebAssets.targets(323,5): message : Property reassignment: $(GetCopyToOutputDirectoryItemsDependsOn)="
       C:\Program Files\dotnet\sdk\9.0.302\Sdks\Microsoft.NET.Sdk.StaticWebAssets\targets\Microsoft.NET.Sdk.StaticWebAssets.targets(323,5): message :       AssignTargetPaths;
       C:\Program Files\dotnet\sdk\9.0.302\Sdks\Microsoft.NET.Sdk.StaticWebAssets\targets\Microsoft.NET.Sdk.StaticWebAssets.targets(323,5): message :       
       C:\Program Files\dotnet\sdk\9.0.302\Sdks\Microsoft.NET.Sdk.StaticWebAssets\targets\Microsoft.NET.Sdk.StaticWebAssets.targets(323,5): message :       AssignProjectConfiguration;
       C:\Program Files\dotnet\sdk\9.0.302\Sdks\Microsoft.NET.Sdk.StaticWebAssets\targets\Microsoft.NET.Sdk.StaticWebAssets.targets(323,5): message :       _SplitProjectReferencesByFileExistence
       C:\Program Files\dotnet\sdk\9.0.302\Sdks\Microsoft.NET.Sdk.StaticWebAssets\targets\Microsoft.NET.Sdk.StaticWebAssets.targets(323,5): message :     ;
       C:\Program Files\dotnet\sdk\9.0.302\Sdks\Microsoft.NET.Sdk.StaticWebAssets\targets\Microsoft.NET.Sdk.StaticWebAssets.targets(323,5): message :       _GetProjectReferenceTargetFrameworkProperties;
       C:\Program Files\dotnet\sdk\9.0.302\Sdks\Microsoft.NET.Sdk.StaticWebAssets\targets\Microsoft.NET.Sdk.StaticWebAssets.targets(323,5): message :       _PopulateCommonStateForGetCopyToOutputDirectoryItems
       C:\Program Files\dotnet\sdk\9.0.302\Sdks\Microsoft.NET.Sdk.StaticWebAssets\targets\Microsoft.NET.Sdk.StaticWebAssets.targets(323,5): message :     ;AddStaticWebAssetsManifest;AddStaticWebAssetEndpointsBuildManifest" (previous value: "
       C:\Program Files\dotnet\sdk\9.0.302\Sdks\Microsoft.NET.Sdk.StaticWebAssets\targets\Microsoft.NET.Sdk.StaticWebAssets.targets(323,5): message :       AssignTargetPaths;
       C:\Program Files\dotnet\sdk\9.0.302\Sdks\Microsoft.NET.Sdk.StaticWebAssets\targets\Microsoft.NET.Sdk.StaticWebAssets.targets(323,5): message :       
       C:\Program Files\dotnet\sdk\9.0.302\Sdks\Microsoft.NET.Sdk.StaticWebAssets\targets\Microsoft.NET.Sdk.StaticWebAssets.targets(323,5): message :       AssignProjectConfiguration;
       C:\Program Files\dotnet\sdk\9.0.302\Sdks\Microsoft.NET.Sdk.StaticWebAssets\targets\Microsoft.NET.Sdk.StaticWebAssets.targets(323,5): message :       _SplitProjectReferencesByFileExistence
       C:\Program Files\dotnet\sdk\9.0.302\Sdks\Microsoft.NET.Sdk.StaticWebAssets\targets\Microsoft.NET.Sdk.StaticWebAssets.targets(323,5): message :     ;
       C:\Program Files\dotnet\sdk\9.0.302\Sdks\Microsoft.NET.Sdk.StaticWebAssets\targets\Microsoft.NET.Sdk.StaticWebAssets.targets(323,5): message :       _GetProjectReferenceTargetFrameworkProperties;
       C:\Program Files\dotnet\sdk\9.0.302\Sdks\Microsoft.NET.Sdk.StaticWebAssets\targets\Microsoft.NET.Sdk.StaticWebAssets.targets(323,5): message :       _PopulateCommonStateForGetCopyToOutputDirectoryItems
       C:\Program Files\dotnet\sdk\9.0.302\Sdks\Microsoft.NET.Sdk.StaticWebAssets\targets\Microsoft.NET.Sdk.StaticWebAssets.targets(323,5): message :     ") at C:\Program Files\dotnet\sdk\9.0.302\Sdks\Microsoft.NET.Sdk.StaticWebAssets\targets\Microsoft.NET.Sdk.StaticWebAssets.targets (323,5)
       C:\Program Files\dotnet\sdk\9.0.302\Sdks\Microsoft.NET.Sdk.StaticWebAssets\targets\Microsoft.NET.Sdk.StaticWebAssets.Pack.targets(46,5): message : Property reassignment: $(GenerateNuspecDependsOn)="
       C:\Program Files\dotnet\sdk\9.0.302\Sdks\Microsoft.NET.Sdk.StaticWebAssets\targets\Microsoft.NET.Sdk.StaticWebAssets.Pack.targets(46,5): message :       IncludeStaticWebAssetsPackItems;
       C:\Program Files\dotnet\sdk\9.0.302\Sdks\Microsoft.NET.Sdk.StaticWebAssets\targets\Microsoft.NET.Sdk.StaticWebAssets.Pack.targets(46,5): message :       Build;_LoadPackInputItems; _GetTargetFrameworksOutput; _WalkEachTargetPerFramework; _GetPackageFiles; ;
       C:\Program Files\dotnet\sdk\9.0.302\Sdks\Microsoft.NET.Sdk.StaticWebAssets\targets\Microsoft.NET.Sdk.StaticWebAssets.Pack.targets(46,5): message :     " (previous value: "Build;_LoadPackInputItems; _GetTargetFrameworksOutput; _WalkEachTargetPerFramework; _GetPackageFiles; ") at C:\Program Files\dotnet\sdk\9.0.302\Sdks\Microsoft.NET.Sdk.StaticWebAssets\targets\Microsoft.NET.Sdk.StaticWebAssets.Pack.targets (46,5)
       C:\Program Files\dotnet\sdk\9.0.302\Sdks\Microsoft.NET.Sdk.StaticWebAssets\targets\Microsoft.NET.Sdk.StaticWebAssets.Pack.targets(55,5): message : Property reassignment: $(IncludeStaticWebAssetsPackItemsDependsOn)="
       C:\Program Files\dotnet\sdk\9.0.302\Sdks\Microsoft.NET.Sdk.StaticWebAssets\targets\Microsoft.NET.Sdk.StaticWebAssets.Pack.targets(55,5): message :       Build;
       C:\Program Files\dotnet\sdk\9.0.302\Sdks\Microsoft.NET.Sdk.StaticWebAssets\targets\Microsoft.NET.Sdk.StaticWebAssets.Pack.targets(55,5): message :       ResolveStaticWebAssetsConfiguration;LoadStaticWebAssetsBuildManifest
       C:\Program Files\dotnet\sdk\9.0.302\Sdks\Microsoft.NET.Sdk.StaticWebAssets\targets\Microsoft.NET.Sdk.StaticWebAssets.Pack.targets(55,5): message :     ;
       C:\Program Files\dotnet\sdk\9.0.302\Sdks\Microsoft.NET.Sdk.StaticWebAssets\targets\Microsoft.NET.Sdk.StaticWebAssets.Pack.targets(55,5): message :     " (previous value: "
       C:\Program Files\dotnet\sdk\9.0.302\Sdks\Microsoft.NET.Sdk.StaticWebAssets\targets\Microsoft.NET.Sdk.StaticWebAssets.Pack.targets(55,5): message :       ResolveStaticWebAssetsConfiguration;LoadStaticWebAssetsBuildManifest
       C:\Program Files\dotnet\sdk\9.0.302\Sdks\Microsoft.NET.Sdk.StaticWebAssets\targets\Microsoft.NET.Sdk.StaticWebAssets.Pack.targets(55,5): message :     ") at C:\Program Files\dotnet\sdk\9.0.302\Sdks\Microsoft.NET.Sdk.StaticWebAssets\targets\Microsoft.NET.Sdk.StaticWebAssets.Pack.targets (55,5)
       C:\Program Files\dotnet\sdk\9.0.302\Sdks\Microsoft.NET.Sdk.StaticWebAssets\targets\Microsoft.NET.Sdk.StaticWebAssets.ScopedCss.targets(55,3): message : Property reassignment: $(ResolveStaticWebAssetsInputsDependsOn)="
       C:\Program Files\dotnet\sdk\9.0.302\Sdks\Microsoft.NET.Sdk.StaticWebAssets\targets\Microsoft.NET.Sdk.StaticWebAssets.ScopedCss.targets(55,3): message :     
       C:\Program Files\dotnet\sdk\9.0.302\Sdks\Microsoft.NET.Sdk.StaticWebAssets\targets\Microsoft.NET.Sdk.StaticWebAssets.ScopedCss.targets(55,3): message :       ResolveCoreStaticWebAssets;
       C:\Program Files\dotnet\sdk\9.0.302\Sdks\Microsoft.NET.Sdk.StaticWebAssets\targets\Microsoft.NET.Sdk.StaticWebAssets.ScopedCss.targets(55,3): message :       GenerateComputedBuildStaticWebAssets;
       C:\Program Files\dotnet\sdk\9.0.302\Sdks\Microsoft.NET.Sdk.StaticWebAssets\targets\Microsoft.NET.Sdk.StaticWebAssets.ScopedCss.targets(55,3): message :       
       C:\Program Files\dotnet\sdk\9.0.302\Sdks\Microsoft.NET.Sdk.StaticWebAssets\targets\Microsoft.NET.Sdk.StaticWebAssets.ScopedCss.targets(55,3): message :     ;
       C:\Program Files\dotnet\sdk\9.0.302\Sdks\Microsoft.NET.Sdk.StaticWebAssets\targets\Microsoft.NET.Sdk.StaticWebAssets.ScopedCss.targets(55,3): message :     ResolveScopedCssAssets;
       C:\Program Files\dotnet\sdk\9.0.302\Sdks\Microsoft.NET.Sdk.StaticWebAssets\targets\Microsoft.NET.Sdk.StaticWebAssets.ScopedCss.targets(55,3): message :   " (previous value: "
       C:\Program Files\dotnet\sdk\9.0.302\Sdks\Microsoft.NET.Sdk.StaticWebAssets\targets\Microsoft.NET.Sdk.StaticWebAssets.ScopedCss.targets(55,3): message :       ResolveCoreStaticWebAssets;
       C:\Program Files\dotnet\sdk\9.0.302\Sdks\Microsoft.NET.Sdk.StaticWebAssets\targets\Microsoft.NET.Sdk.StaticWebAssets.ScopedCss.targets(55,3): message :       GenerateComputedBuildStaticWebAssets;
       C:\Program Files\dotnet\sdk\9.0.302\Sdks\Microsoft.NET.Sdk.StaticWebAssets\targets\Microsoft.NET.Sdk.StaticWebAssets.ScopedCss.targets(55,3): message :       
       C:\Program Files\dotnet\sdk\9.0.302\Sdks\Microsoft.NET.Sdk.StaticWebAssets\targets\Microsoft.NET.Sdk.StaticWebAssets.ScopedCss.targets(55,3): message :     ") at C:\Program Files\dotnet\sdk\9.0.302\Sdks\Microsoft.NET.Sdk.StaticWebAssets\targets\Microsoft.NET.Sdk.StaticWebAssets.ScopedCss.targets (55,3)
       C:\Program Files\dotnet\sdk\9.0.302\Sdks\Microsoft.NET.Sdk.StaticWebAssets\targets\Microsoft.NET.Sdk.StaticWebAssets.ScopedCss.targets(88,3): message : Property reassignment: $(GenerateComputedBuildStaticWebAssetsDependsOn)="
       C:\Program Files\dotnet\sdk\9.0.302\Sdks\Microsoft.NET.Sdk.StaticWebAssets\targets\Microsoft.NET.Sdk.StaticWebAssets.ScopedCss.targets(88,3): message :     ResolveCoreStaticWebAssets;;
       C:\Program Files\dotnet\sdk\9.0.302\Sdks\Microsoft.NET.Sdk.StaticWebAssets\targets\Microsoft.NET.Sdk.StaticWebAssets.ScopedCss.targets(88,3): message :     BundleScopedCssFiles;
       C:\Program Files\dotnet\sdk\9.0.302\Sdks\Microsoft.NET.Sdk.StaticWebAssets\targets\Microsoft.NET.Sdk.StaticWebAssets.ScopedCss.targets(88,3): message :   " (previous value: "ResolveCoreStaticWebAssets;") at C:\Program Files\dotnet\sdk\9.0.302\Sdks\Microsoft.NET.Sdk.StaticWebAssets\targets\Microsoft.NET.Sdk.StaticWebAssets.ScopedCss.targets (88,3)
       C:\Program Files\dotnet\sdk\9.0.302\Sdks\Microsoft.NET.Sdk.StaticWebAssets\targets\Microsoft.NET.Sdk.StaticWebAssets.JSModules.targets(37,5): message : Property reassignment: $(ResolveCoreStaticWebAssetsDependsOn)="
       C:\Program Files\dotnet\sdk\9.0.302\Sdks\Microsoft.NET.Sdk.StaticWebAssets\targets\Microsoft.NET.Sdk.StaticWebAssets.JSModules.targets(37,5): message :       
       C:\Program Files\dotnet\sdk\9.0.302\Sdks\Microsoft.NET.Sdk.StaticWebAssets\targets\Microsoft.NET.Sdk.StaticWebAssets.JSModules.targets(37,5): message :       UpdateExistingPackageStaticWebAssets;
       C:\Program Files\dotnet\sdk\9.0.302\Sdks\Microsoft.NET.Sdk.StaticWebAssets\targets\Microsoft.NET.Sdk.StaticWebAssets.JSModules.targets(37,5): message :       ResolveProjectStaticWebAssets;
       C:\Program Files\dotnet\sdk\9.0.302\Sdks\Microsoft.NET.Sdk.StaticWebAssets\targets\Microsoft.NET.Sdk.StaticWebAssets.JSModules.targets(37,5): message :       ResolveEmbeddedProjectsStaticWebAssets;
       C:\Program Files\dotnet\sdk\9.0.302\Sdks\Microsoft.NET.Sdk.StaticWebAssets\targets\Microsoft.NET.Sdk.StaticWebAssets.JSModules.targets(37,5): message :       ResolveReferencedProjectsStaticWebAssets;
       C:\Program Files\dotnet\sdk\9.0.302\Sdks\Microsoft.NET.Sdk.StaticWebAssets\targets\Microsoft.NET.Sdk.StaticWebAssets.JSModules.targets(37,5): message :       ;
       C:\Program Files\dotnet\sdk\9.0.302\Sdks\Microsoft.NET.Sdk.StaticWebAssets\targets\Microsoft.NET.Sdk.StaticWebAssets.JSModules.targets(37,5): message :     ;
       C:\Program Files\dotnet\sdk\9.0.302\Sdks\Microsoft.NET.Sdk.StaticWebAssets\targets\Microsoft.NET.Sdk.StaticWebAssets.JSModules.targets(37,5): message :       ResolveJsInitializerModuleStaticWebAssets;
       C:\Program Files\dotnet\sdk\9.0.302\Sdks\Microsoft.NET.Sdk.StaticWebAssets\targets\Microsoft.NET.Sdk.StaticWebAssets.JSModules.targets(37,5): message :     " (previous value: "
       C:\Program Files\dotnet\sdk\9.0.302\Sdks\Microsoft.NET.Sdk.StaticWebAssets\targets\Microsoft.NET.Sdk.StaticWebAssets.JSModules.targets(37,5): message :       UpdateExistingPackageStaticWebAssets;
       C:\Program Files\dotnet\sdk\9.0.302\Sdks\Microsoft.NET.Sdk.StaticWebAssets\targets\Microsoft.NET.Sdk.StaticWebAssets.JSModules.targets(37,5): message :       ResolveProjectStaticWebAssets;
       C:\Program Files\dotnet\sdk\9.0.302\Sdks\Microsoft.NET.Sdk.StaticWebAssets\targets\Microsoft.NET.Sdk.StaticWebAssets.JSModules.targets(37,5): message :       ResolveEmbeddedProjectsStaticWebAssets;
       C:\Program Files\dotnet\sdk\9.0.302\Sdks\Microsoft.NET.Sdk.StaticWebAssets\targets\Microsoft.NET.Sdk.StaticWebAssets.JSModules.targets(37,5): message :       ResolveReferencedProjectsStaticWebAssets;
       C:\Program Files\dotnet\sdk\9.0.302\Sdks\Microsoft.NET.Sdk.StaticWebAssets\targets\Microsoft.NET.Sdk.StaticWebAssets.JSModules.targets(37,5): message :       ;
       C:\Program Files\dotnet\sdk\9.0.302\Sdks\Microsoft.NET.Sdk.StaticWebAssets\targets\Microsoft.NET.Sdk.StaticWebAssets.JSModules.targets(37,5): message :     ") at C:\Program Files\dotnet\sdk\9.0.302\Sdks\Microsoft.NET.Sdk.StaticWebAssets\targets\Microsoft.NET.Sdk.StaticWebAssets.JSModules.targets (37,5)
       C:\Program Files\dotnet\sdk\9.0.302\Sdks\Microsoft.NET.Sdk.StaticWebAssets\targets\Microsoft.NET.Sdk.StaticWebAssets.JSModules.targets(42,5): message : Property reassignment: $(ResolveCoreStaticWebAssetsDependsOn)="
       C:\Program Files\dotnet\sdk\9.0.302\Sdks\Microsoft.NET.Sdk.StaticWebAssets\targets\Microsoft.NET.Sdk.StaticWebAssets.JSModules.targets(42,5): message :       
       C:\Program Files\dotnet\sdk\9.0.302\Sdks\Microsoft.NET.Sdk.StaticWebAssets\targets\Microsoft.NET.Sdk.StaticWebAssets.JSModules.targets(42,5): message :       
       C:\Program Files\dotnet\sdk\9.0.302\Sdks\Microsoft.NET.Sdk.StaticWebAssets\targets\Microsoft.NET.Sdk.StaticWebAssets.JSModules.targets(42,5): message :       UpdateExistingPackageStaticWebAssets;
       C:\Program Files\dotnet\sdk\9.0.302\Sdks\Microsoft.NET.Sdk.StaticWebAssets\targets\Microsoft.NET.Sdk.StaticWebAssets.JSModules.targets(42,5): message :       ResolveProjectStaticWebAssets;
       C:\Program Files\dotnet\sdk\9.0.302\Sdks\Microsoft.NET.Sdk.StaticWebAssets\targets\Microsoft.NET.Sdk.StaticWebAssets.JSModules.targets(42,5): message :       ResolveEmbeddedProjectsStaticWebAssets;
       C:\Program Files\dotnet\sdk\9.0.302\Sdks\Microsoft.NET.Sdk.StaticWebAssets\targets\Microsoft.NET.Sdk.StaticWebAssets.JSModules.targets(42,5): message :       ResolveReferencedProjectsStaticWebAssets;
       C:\Program Files\dotnet\sdk\9.0.302\Sdks\Microsoft.NET.Sdk.StaticWebAssets\targets\Microsoft.NET.Sdk.StaticWebAssets.JSModules.targets(42,5): message :       ;
       C:\Program Files\dotnet\sdk\9.0.302\Sdks\Microsoft.NET.Sdk.StaticWebAssets\targets\Microsoft.NET.Sdk.StaticWebAssets.JSModules.targets(42,5): message :     ;
       C:\Program Files\dotnet\sdk\9.0.302\Sdks\Microsoft.NET.Sdk.StaticWebAssets\targets\Microsoft.NET.Sdk.StaticWebAssets.JSModules.targets(42,5): message :       ResolveJsInitializerModuleStaticWebAssets;
       C:\Program Files\dotnet\sdk\9.0.302\Sdks\Microsoft.NET.Sdk.StaticWebAssets\targets\Microsoft.NET.Sdk.StaticWebAssets.JSModules.targets(42,5): message :     ;
       C:\Program Files\dotnet\sdk\9.0.302\Sdks\Microsoft.NET.Sdk.StaticWebAssets\targets\Microsoft.NET.Sdk.StaticWebAssets.JSModules.targets(42,5): message :       ResolveJSModuleStaticWebAssets;
       C:\Program Files\dotnet\sdk\9.0.302\Sdks\Microsoft.NET.Sdk.StaticWebAssets\targets\Microsoft.NET.Sdk.StaticWebAssets.JSModules.targets(42,5): message :     " (previous value: "
       C:\Program Files\dotnet\sdk\9.0.302\Sdks\Microsoft.NET.Sdk.StaticWebAssets\targets\Microsoft.NET.Sdk.StaticWebAssets.JSModules.targets(42,5): message :       
       C:\Program Files\dotnet\sdk\9.0.302\Sdks\Microsoft.NET.Sdk.StaticWebAssets\targets\Microsoft.NET.Sdk.StaticWebAssets.JSModules.targets(42,5): message :       UpdateExistingPackageStaticWebAssets;
       C:\Program Files\dotnet\sdk\9.0.302\Sdks\Microsoft.NET.Sdk.StaticWebAssets\targets\Microsoft.NET.Sdk.StaticWebAssets.JSModules.targets(42,5): message :       ResolveProjectStaticWebAssets;
       C:\Program Files\dotnet\sdk\9.0.302\Sdks\Microsoft.NET.Sdk.StaticWebAssets\targets\Microsoft.NET.Sdk.StaticWebAssets.JSModules.targets(42,5): message :       ResolveEmbeddedProjectsStaticWebAssets;
       C:\Program Files\dotnet\sdk\9.0.302\Sdks\Microsoft.NET.Sdk.StaticWebAssets\targets\Microsoft.NET.Sdk.StaticWebAssets.JSModules.targets(42,5): message :       ResolveReferencedProjectsStaticWebAssets;
       C:\Program Files\dotnet\sdk\9.0.302\Sdks\Microsoft.NET.Sdk.StaticWebAssets\targets\Microsoft.NET.Sdk.StaticWebAssets.JSModules.targets(42,5): message :       ;
       C:\Program Files\dotnet\sdk\9.0.302\Sdks\Microsoft.NET.Sdk.StaticWebAssets\targets\Microsoft.NET.Sdk.StaticWebAssets.JSModules.targets(42,5): message :     ;
       C:\Program Files\dotnet\sdk\9.0.302\Sdks\Microsoft.NET.Sdk.StaticWebAssets\targets\Microsoft.NET.Sdk.StaticWebAssets.JSModules.targets(42,5): message :       ResolveJsInitializerModuleStaticWebAssets;
       C:\Program Files\dotnet\sdk\9.0.302\Sdks\Microsoft.NET.Sdk.StaticWebAssets\targets\Microsoft.NET.Sdk.StaticWebAssets.JSModules.targets(42,5): message :     ") at C:\Program Files\dotnet\sdk\9.0.302\Sdks\Microsoft.NET.Sdk.StaticWebAssets\targets\Microsoft.NET.Sdk.StaticWebAssets.JSModules.targets (42,5)
       C:\Program Files\dotnet\sdk\9.0.302\Sdks\Microsoft.NET.Sdk.StaticWebAssets\targets\Microsoft.NET.Sdk.StaticWebAssets.JSModules.targets(57,5): message : Property reassignment: $(ResolveStaticWebAssetsInputsDependsOn)="
       C:\Program Files\dotnet\sdk\9.0.302\Sdks\Microsoft.NET.Sdk.StaticWebAssets\targets\Microsoft.NET.Sdk.StaticWebAssets.JSModules.targets(57,5): message :       ResolveJSModuleManifestBuildStaticWebAssets;
       C:\Program Files\dotnet\sdk\9.0.302\Sdks\Microsoft.NET.Sdk.StaticWebAssets\targets\Microsoft.NET.Sdk.StaticWebAssets.JSModules.targets(57,5): message :       
       C:\Program Files\dotnet\sdk\9.0.302\Sdks\Microsoft.NET.Sdk.StaticWebAssets\targets\Microsoft.NET.Sdk.StaticWebAssets.JSModules.targets(57,5): message :     
       C:\Program Files\dotnet\sdk\9.0.302\Sdks\Microsoft.NET.Sdk.StaticWebAssets\targets\Microsoft.NET.Sdk.StaticWebAssets.JSModules.targets(57,5): message :       ResolveCoreStaticWebAssets;
       C:\Program Files\dotnet\sdk\9.0.302\Sdks\Microsoft.NET.Sdk.StaticWebAssets\targets\Microsoft.NET.Sdk.StaticWebAssets.JSModules.targets(57,5): message :       GenerateComputedBuildStaticWebAssets;
       C:\Program Files\dotnet\sdk\9.0.302\Sdks\Microsoft.NET.Sdk.StaticWebAssets\targets\Microsoft.NET.Sdk.StaticWebAssets.JSModules.targets(57,5): message :       
       C:\Program Files\dotnet\sdk\9.0.302\Sdks\Microsoft.NET.Sdk.StaticWebAssets\targets\Microsoft.NET.Sdk.StaticWebAssets.JSModules.targets(57,5): message :     ;
       C:\Program Files\dotnet\sdk\9.0.302\Sdks\Microsoft.NET.Sdk.StaticWebAssets\targets\Microsoft.NET.Sdk.StaticWebAssets.JSModules.targets(57,5): message :     ResolveScopedCssAssets;
       C:\Program Files\dotnet\sdk\9.0.302\Sdks\Microsoft.NET.Sdk.StaticWebAssets\targets\Microsoft.NET.Sdk.StaticWebAssets.JSModules.targets(57,5): message :   
       C:\Program Files\dotnet\sdk\9.0.302\Sdks\Microsoft.NET.Sdk.StaticWebAssets\targets\Microsoft.NET.Sdk.StaticWebAssets.JSModules.targets(57,5): message :     " (previous value: "
       C:\Program Files\dotnet\sdk\9.0.302\Sdks\Microsoft.NET.Sdk.StaticWebAssets\targets\Microsoft.NET.Sdk.StaticWebAssets.JSModules.targets(57,5): message :     
       C:\Program Files\dotnet\sdk\9.0.302\Sdks\Microsoft.NET.Sdk.StaticWebAssets\targets\Microsoft.NET.Sdk.StaticWebAssets.JSModules.targets(57,5): message :       ResolveCoreStaticWebAssets;
       C:\Program Files\dotnet\sdk\9.0.302\Sdks\Microsoft.NET.Sdk.StaticWebAssets\targets\Microsoft.NET.Sdk.StaticWebAssets.JSModules.targets(57,5): message :       GenerateComputedBuildStaticWebAssets;
       C:\Program Files\dotnet\sdk\9.0.302\Sdks\Microsoft.NET.Sdk.StaticWebAssets\targets\Microsoft.NET.Sdk.StaticWebAssets.JSModules.targets(57,5): message :       
       C:\Program Files\dotnet\sdk\9.0.302\Sdks\Microsoft.NET.Sdk.StaticWebAssets\targets\Microsoft.NET.Sdk.StaticWebAssets.JSModules.targets(57,5): message :     ;
       C:\Program Files\dotnet\sdk\9.0.302\Sdks\Microsoft.NET.Sdk.StaticWebAssets\targets\Microsoft.NET.Sdk.StaticWebAssets.JSModules.targets(57,5): message :     ResolveScopedCssAssets;
       C:\Program Files\dotnet\sdk\9.0.302\Sdks\Microsoft.NET.Sdk.StaticWebAssets\targets\Microsoft.NET.Sdk.StaticWebAssets.JSModules.targets(57,5): message :   ") at C:\Program Files\dotnet\sdk\9.0.302\Sdks\Microsoft.NET.Sdk.StaticWebAssets\targets\Microsoft.NET.Sdk.StaticWebAssets.JSModules.targets (57,5)
       C:\Program Files\dotnet\sdk\9.0.302\Sdks\Microsoft.NET.Sdk.StaticWebAssets\targets\Microsoft.NET.Sdk.StaticWebAssets.JSModules.targets(76,5): message : Property reassignment: $(ResolvePublishStaticWebAssetsDependsOn)="
       C:\Program Files\dotnet\sdk\9.0.302\Sdks\Microsoft.NET.Sdk.StaticWebAssets\targets\Microsoft.NET.Sdk.StaticWebAssets.JSModules.targets(76,5): message :       ResolveJSModuleManifestPublishStaticWebAssets;
       C:\Program Files\dotnet\sdk\9.0.302\Sdks\Microsoft.NET.Sdk.StaticWebAssets\targets\Microsoft.NET.Sdk.StaticWebAssets.JSModules.targets(76,5): message :       
       C:\Program Files\dotnet\sdk\9.0.302\Sdks\Microsoft.NET.Sdk.StaticWebAssets\targets\Microsoft.NET.Sdk.StaticWebAssets.JSModules.targets(76,5): message :       ResolveCorePublishStaticWebAssets;
       C:\Program Files\dotnet\sdk\9.0.302\Sdks\Microsoft.NET.Sdk.StaticWebAssets\targets\Microsoft.NET.Sdk.StaticWebAssets.JSModules.targets(76,5): message :       GenerateComputedPublishStaticWebAssets;
       C:\Program Files\dotnet\sdk\9.0.302\Sdks\Microsoft.NET.Sdk.StaticWebAssets\targets\Microsoft.NET.Sdk.StaticWebAssets.JSModules.targets(76,5): message :       ;
       C:\Program Files\dotnet\sdk\9.0.302\Sdks\Microsoft.NET.Sdk.StaticWebAssets\targets\Microsoft.NET.Sdk.StaticWebAssets.JSModules.targets(76,5): message :     
       C:\Program Files\dotnet\sdk\9.0.302\Sdks\Microsoft.NET.Sdk.StaticWebAssets\targets\Microsoft.NET.Sdk.StaticWebAssets.JSModules.targets(76,5): message :     " (previous value: "
       C:\Program Files\dotnet\sdk\9.0.302\Sdks\Microsoft.NET.Sdk.StaticWebAssets\targets\Microsoft.NET.Sdk.StaticWebAssets.JSModules.targets(76,5): message :       ResolveCorePublishStaticWebAssets;
       C:\Program Files\dotnet\sdk\9.0.302\Sdks\Microsoft.NET.Sdk.StaticWebAssets\targets\Microsoft.NET.Sdk.StaticWebAssets.JSModules.targets(76,5): message :       GenerateComputedPublishStaticWebAssets;
       C:\Program Files\dotnet\sdk\9.0.302\Sdks\Microsoft.NET.Sdk.StaticWebAssets\targets\Microsoft.NET.Sdk.StaticWebAssets.JSModules.targets(76,5): message :       ;
       C:\Program Files\dotnet\sdk\9.0.302\Sdks\Microsoft.NET.Sdk.StaticWebAssets\targets\Microsoft.NET.Sdk.StaticWebAssets.JSModules.targets(76,5): message :     ") at C:\Program Files\dotnet\sdk\9.0.302\Sdks\Microsoft.NET.Sdk.StaticWebAssets\targets\Microsoft.NET.Sdk.StaticWebAssets.JSModules.targets (76,5)
       C:\Program Files\dotnet\sdk\9.0.302\Sdks\Microsoft.NET.Sdk.StaticWebAssets\targets\Microsoft.NET.Sdk.StaticWebAssets.Compression.targets(179,5): message : Property reassignment: $(ResolveBuildRelatedStaticWebAssetsDependsOn)="
       C:\Program Files\dotnet\sdk\9.0.302\Sdks\Microsoft.NET.Sdk.StaticWebAssets\targets\Microsoft.NET.Sdk.StaticWebAssets.Compression.targets(179,5): message :       ResolveBuildCompressedStaticWebAssets;
       C:\Program Files\dotnet\sdk\9.0.302\Sdks\Microsoft.NET.Sdk.StaticWebAssets\targets\Microsoft.NET.Sdk.StaticWebAssets.Compression.targets(179,5): message :       
       C:\Program Files\dotnet\sdk\9.0.302\Sdks\Microsoft.NET.Sdk.StaticWebAssets\targets\Microsoft.NET.Sdk.StaticWebAssets.Compression.targets(179,5): message :       ResolveStaticWebAssetsInputs;
       C:\Program Files\dotnet\sdk\9.0.302\Sdks\Microsoft.NET.Sdk.StaticWebAssets\targets\Microsoft.NET.Sdk.StaticWebAssets.Compression.targets(179,5): message :       
       C:\Program Files\dotnet\sdk\9.0.302\Sdks\Microsoft.NET.Sdk.StaticWebAssets\targets\Microsoft.NET.Sdk.StaticWebAssets.Compression.targets(179,5): message :     
       C:\Program Files\dotnet\sdk\9.0.302\Sdks\Microsoft.NET.Sdk.StaticWebAssets\targets\Microsoft.NET.Sdk.StaticWebAssets.Compression.targets(179,5): message :     " (previous value: "
       C:\Program Files\dotnet\sdk\9.0.302\Sdks\Microsoft.NET.Sdk.StaticWebAssets\targets\Microsoft.NET.Sdk.StaticWebAssets.Compression.targets(179,5): message :       ResolveStaticWebAssetsInputs;
       C:\Program Files\dotnet\sdk\9.0.302\Sdks\Microsoft.NET.Sdk.StaticWebAssets\targets\Microsoft.NET.Sdk.StaticWebAssets.Compression.targets(179,5): message :       
       C:\Program Files\dotnet\sdk\9.0.302\Sdks\Microsoft.NET.Sdk.StaticWebAssets\targets\Microsoft.NET.Sdk.StaticWebAssets.Compression.targets(179,5): message :     ") at C:\Program Files\dotnet\sdk\9.0.302\Sdks\Microsoft.NET.Sdk.StaticWebAssets\targets\Microsoft.NET.Sdk.StaticWebAssets.Compression.targets (179,5)
       C:\Program Files\dotnet\sdk\9.0.302\Sdks\Microsoft.NET.Sdk.StaticWebAssets\targets\Microsoft.NET.Sdk.StaticWebAssets.Compression.targets(198,5): message : Property reassignment: $(ResolvePublishRelatedStaticWebAssetsDependsOn)="
       C:\Program Files\dotnet\sdk\9.0.302\Sdks\Microsoft.NET.Sdk.StaticWebAssets\targets\Microsoft.NET.Sdk.StaticWebAssets.Compression.targets(198,5): message :       ResolvePublishCompressedStaticWebAssets;
       C:\Program Files\dotnet\sdk\9.0.302\Sdks\Microsoft.NET.Sdk.StaticWebAssets\targets\Microsoft.NET.Sdk.StaticWebAssets.Compression.targets(198,5): message :       
       C:\Program Files\dotnet\sdk\9.0.302\Sdks\Microsoft.NET.Sdk.StaticWebAssets\targets\Microsoft.NET.Sdk.StaticWebAssets.Compression.targets(198,5): message :     " (previous value: "") at C:\Program Files\dotnet\sdk\9.0.302\Sdks\Microsoft.NET.Sdk.StaticWebAssets\targets\Microsoft.NET.Sdk.StaticWebAssets.Compression.targets (198,5)
       C:\Program Files\dotnet\sdk\9.0.302\Sdks\Microsoft.NET.Sdk.Razor\targets\Sdk.Razor.CurrentVersion.targets(205,5): message : Property reassignment: $(DebugSymbolsProjectOutputGroupDependsOn)="
       C:\Program Files\dotnet\sdk\9.0.302\Sdks\Microsoft.NET.Sdk.Razor\targets\Sdk.Razor.CurrentVersion.targets(205,5): message :       ;
       C:\Program Files\dotnet\sdk\9.0.302\Sdks\Microsoft.NET.Sdk.Razor\targets\Sdk.Razor.CurrentVersion.targets(205,5): message :       _RazorAddDebugSymbolsProjectOutputGroupOutput
       C:\Program Files\dotnet\sdk\9.0.302\Sdks\Microsoft.NET.Sdk.Razor\targets\Sdk.Razor.CurrentVersion.targets(205,5): message :     " (previous value: "") at C:\Program Files\dotnet\sdk\9.0.302\Sdks\Microsoft.NET.Sdk.Razor\targets\Sdk.Razor.CurrentVersion.targets (205,5)
       C:\Program Files\dotnet\sdk\9.0.302\Sdks\Microsoft.NET.Sdk.Razor\targets\Sdk.Razor.CurrentVersion.targets(210,5): message : Property reassignment: $(PrepareForBuildDependsOn)="
       C:\Program Files\dotnet\sdk\9.0.302\Sdks\Microsoft.NET.Sdk.Razor\targets\Sdk.Razor.CurrentVersion.targets(210,5): message :       BundleMinify;;GetFrameworkPaths;GetReferenceAssemblyPaths;AssignLinkMetadata;
       C:\Program Files\dotnet\sdk\9.0.302\Sdks\Microsoft.NET.Sdk.Razor\targets\Sdk.Razor.CurrentVersion.targets(210,5): message :       ResolveRazorGenerateInputs
       C:\Program Files\dotnet\sdk\9.0.302\Sdks\Microsoft.NET.Sdk.Razor\targets\Sdk.Razor.CurrentVersion.targets(210,5): message :     " (previous value: "BundleMinify;;GetFrameworkPaths;GetReferenceAssemblyPaths;AssignLinkMetadata") at C:\Program Files\dotnet\sdk\9.0.302\Sdks\Microsoft.NET.Sdk.Razor\targets\Sdk.Razor.CurrentVersion.targets (210,5)
       C:\Program Files\dotnet\sdk\9.0.302\Sdks\Microsoft.NET.Sdk.Razor\targets\Sdk.Razor.CurrentVersion.targets(215,5): message : Property reassignment: $(GenerateNuspecDependsOn)="
       C:\Program Files\dotnet\sdk\9.0.302\Sdks\Microsoft.NET.Sdk.Razor\targets\Sdk.Razor.CurrentVersion.targets(215,5): message :       ResolveRazorGenerateInputs;
       C:\Program Files\dotnet\sdk\9.0.302\Sdks\Microsoft.NET.Sdk.Razor\targets\Sdk.Razor.CurrentVersion.targets(215,5): message :       
       C:\Program Files\dotnet\sdk\9.0.302\Sdks\Microsoft.NET.Sdk.Razor\targets\Sdk.Razor.CurrentVersion.targets(215,5): message :       IncludeStaticWebAssetsPackItems;
       C:\Program Files\dotnet\sdk\9.0.302\Sdks\Microsoft.NET.Sdk.Razor\targets\Sdk.Razor.CurrentVersion.targets(215,5): message :       Build;_LoadPackInputItems; _GetTargetFrameworksOutput; _WalkEachTargetPerFramework; _GetPackageFiles; ;
       C:\Program Files\dotnet\sdk\9.0.302\Sdks\Microsoft.NET.Sdk.Razor\targets\Sdk.Razor.CurrentVersion.targets(215,5): message :     
       C:\Program Files\dotnet\sdk\9.0.302\Sdks\Microsoft.NET.Sdk.Razor\targets\Sdk.Razor.CurrentVersion.targets(215,5): message :     " (previous value: "
       C:\Program Files\dotnet\sdk\9.0.302\Sdks\Microsoft.NET.Sdk.Razor\targets\Sdk.Razor.CurrentVersion.targets(215,5): message :       IncludeStaticWebAssetsPackItems;
       C:\Program Files\dotnet\sdk\9.0.302\Sdks\Microsoft.NET.Sdk.Razor\targets\Sdk.Razor.CurrentVersion.targets(215,5): message :       Build;_LoadPackInputItems; _GetTargetFrameworksOutput; _WalkEachTargetPerFramework; _GetPackageFiles; ;
       C:\Program Files\dotnet\sdk\9.0.302\Sdks\Microsoft.NET.Sdk.Razor\targets\Sdk.Razor.CurrentVersion.targets(215,5): message :     ") at C:\Program Files\dotnet\sdk\9.0.302\Sdks\Microsoft.NET.Sdk.Razor\targets\Sdk.Razor.CurrentVersion.targets (215,5)
       C:\Program Files\dotnet\sdk\9.0.302\Sdks\Microsoft.NET.Sdk.Razor\targets\Sdk.Razor.CurrentVersion.targets(220,5): message : Property reassignment: $(PrepareForRunDependsOn)="
       C:\Program Files\dotnet\sdk\9.0.302\Sdks\Microsoft.NET.Sdk.Razor\targets\Sdk.Razor.CurrentVersion.targets(220,5): message :       _RazorPrepareForRun;
       C:\Program Files\dotnet\sdk\9.0.302\Sdks\Microsoft.NET.Sdk.Razor\targets\Sdk.Razor.CurrentVersion.targets(220,5): message :       StaticWebAssetsPrepareForRun;
       C:\Program Files\dotnet\sdk\9.0.302\Sdks\Microsoft.NET.Sdk.Razor\targets\Sdk.Razor.CurrentVersion.targets(220,5): message :       CopyFilesToOutputDirectory
       C:\Program Files\dotnet\sdk\9.0.302\Sdks\Microsoft.NET.Sdk.Razor\targets\Sdk.Razor.CurrentVersion.targets(220,5): message :     
       C:\Program Files\dotnet\sdk\9.0.302\Sdks\Microsoft.NET.Sdk.Razor\targets\Sdk.Razor.CurrentVersion.targets(220,5): message :     " (previous value: "StaticWebAssetsPrepareForRun;
       C:\Program Files\dotnet\sdk\9.0.302\Sdks\Microsoft.NET.Sdk.Razor\targets\Sdk.Razor.CurrentVersion.targets(220,5): message :       CopyFilesToOutputDirectory
       C:\Program Files\dotnet\sdk\9.0.302\Sdks\Microsoft.NET.Sdk.Razor\targets\Sdk.Razor.CurrentVersion.targets(220,5): message :     ") at C:\Program Files\dotnet\sdk\9.0.302\Sdks\Microsoft.NET.Sdk.Razor\targets\Sdk.Razor.CurrentVersion.targets (220,5)
       C:\Program Files\dotnet\sdk\9.0.302\Sdks\Microsoft.NET.Sdk.Razor\targets\Sdk.Razor.CurrentVersion.targets(311,5): message : Property reassignment: $(UseRazorBuildServer)="true" (previous value: "") at C:\Program Files\dotnet\sdk\9.0.302\Sdks\Microsoft.NET.Sdk.Razor\targets\Sdk.Razor.CurrentVersion.targets (311,5)
       C:\Program Files\dotnet\sdk\9.0.302\Sdks\Microsoft.NET.Sdk.Razor\targets\Sdk.Razor.CurrentVersion.targets(317,5): message : Property reassignment: $(_RazorDebugSymbolsProduced)="true" (previous value: "false") at C:\Program Files\dotnet\sdk\9.0.302\Sdks\Microsoft.NET.Sdk.Razor\targets\Sdk.Razor.CurrentVersion.targets (317,5)
       C:\Program Files\dotnet\sdk\9.0.302\Sdks\Microsoft.NET.Sdk.Razor\targets\Microsoft.NET.Sdk.Razor.GenerateAssemblyInfo.targets(36,5): message : Property reassignment: $(GenerateRazorTargetAssemblyInfoDependsOn)="
       C:\Program Files\dotnet\sdk\9.0.302\Sdks\Microsoft.NET.Sdk.Razor\targets\Microsoft.NET.Sdk.Razor.GenerateAssemblyInfo.targets(36,5): message :       _ResolveMvcAssemblyAttributes;
       C:\Program Files\dotnet\sdk\9.0.302\Sdks\Microsoft.NET.Sdk.Razor\targets\Microsoft.NET.Sdk.Razor.GenerateAssemblyInfo.targets(36,5): message :       
       C:\Program Files\dotnet\sdk\9.0.302\Sdks\Microsoft.NET.Sdk.Razor\targets\Microsoft.NET.Sdk.Razor.GenerateAssemblyInfo.targets(36,5): message :       GetRazorTargetAssemblyAttributes;
       C:\Program Files\dotnet\sdk\9.0.302\Sdks\Microsoft.NET.Sdk.Razor\targets\Microsoft.NET.Sdk.Razor.GenerateAssemblyInfo.targets(36,5): message :       _CreateRazorTargetAssemblyInfoInputsCacheFile;
       C:\Program Files\dotnet\sdk\9.0.302\Sdks\Microsoft.NET.Sdk.Razor\targets\Microsoft.NET.Sdk.Razor.GenerateAssemblyInfo.targets(36,5): message :       CoreGenerateRazorTargetAssemblyInfo
       C:\Program Files\dotnet\sdk\9.0.302\Sdks\Microsoft.NET.Sdk.Razor\targets\Microsoft.NET.Sdk.Razor.GenerateAssemblyInfo.targets(36,5): message :     
       C:\Program Files\dotnet\sdk\9.0.302\Sdks\Microsoft.NET.Sdk.Razor\targets\Microsoft.NET.Sdk.Razor.GenerateAssemblyInfo.targets(36,5): message :     " (previous value: "
       C:\Program Files\dotnet\sdk\9.0.302\Sdks\Microsoft.NET.Sdk.Razor\targets\Microsoft.NET.Sdk.Razor.GenerateAssemblyInfo.targets(36,5): message :       GetRazorTargetAssemblyAttributes;
       C:\Program Files\dotnet\sdk\9.0.302\Sdks\Microsoft.NET.Sdk.Razor\targets\Microsoft.NET.Sdk.Razor.GenerateAssemblyInfo.targets(36,5): message :       _CreateRazorTargetAssemblyInfoInputsCacheFile;
       C:\Program Files\dotnet\sdk\9.0.302\Sdks\Microsoft.NET.Sdk.Razor\targets\Microsoft.NET.Sdk.Razor.GenerateAssemblyInfo.targets(36,5): message :       CoreGenerateRazorTargetAssemblyInfo
       C:\Program Files\dotnet\sdk\9.0.302\Sdks\Microsoft.NET.Sdk.Razor\targets\Microsoft.NET.Sdk.Razor.GenerateAssemblyInfo.targets(36,5): message :     ") at C:\Program Files\dotnet\sdk\9.0.302\Sdks\Microsoft.NET.Sdk.Razor\targets\Microsoft.NET.Sdk.Razor.GenerateAssemblyInfo.targets (36,5)
       C:\Program Files\dotnet\sdk\9.0.302\Sdks\Microsoft.NET.Sdk.Razor\targets\Microsoft.NET.Sdk.Razor.GenerateAssemblyInfo.targets(181,5): message : Property reassignment: $(CoreCompileDependsOn)="
       C:\Program Files\dotnet\sdk\9.0.302\Sdks\Microsoft.NET.Sdk.Razor\targets\Microsoft.NET.Sdk.Razor.GenerateAssemblyInfo.targets(181,5): message :       ;_ComputeNonExistentFileProperty;ResolveCodeAnalysisRuleSet;
       C:\Program Files\dotnet\sdk\9.0.302\Sdks\Microsoft.NET.Sdk.Razor\targets\Microsoft.NET.Sdk.Razor.GenerateAssemblyInfo.targets(181,5): message :       _GenerateRazorAssemblyInfo
       C:\Program Files\dotnet\sdk\9.0.302\Sdks\Microsoft.NET.Sdk.Razor\targets\Microsoft.NET.Sdk.Razor.GenerateAssemblyInfo.targets(181,5): message :     " (previous value: ";_ComputeNonExistentFileProperty;ResolveCodeAnalysisRuleSet") at C:\Program Files\dotnet\sdk\9.0.302\Sdks\Microsoft.NET.Sdk.Razor\targets\Microsoft.NET.Sdk.Razor.GenerateAssemblyInfo.targets (181,5)
       C:\Program Files\dotnet\sdk\9.0.302\Sdks\Microsoft.NET.Sdk.Razor\targets\Microsoft.NET.Sdk.Razor.GenerateAssemblyInfo.targets(189,5): message : Property reassignment: $(_GenerateRazorAssemblyInfoDependsOn)="
       C:\Program Files\dotnet\sdk\9.0.302\Sdks\Microsoft.NET.Sdk.Razor\targets\Microsoft.NET.Sdk.Razor.GenerateAssemblyInfo.targets(189,5): message :       _ResolveMvcAssemblyAttributes;
       C:\Program Files\dotnet\sdk\9.0.302\Sdks\Microsoft.NET.Sdk.Razor\targets\Microsoft.NET.Sdk.Razor.GenerateAssemblyInfo.targets(189,5): message :       RazorGetAssemblyAttributes;PrepareForBuild;_CoreGenerateRazorAssemblyInfo;
       C:\Program Files\dotnet\sdk\9.0.302\Sdks\Microsoft.NET.Sdk.Razor\targets\Microsoft.NET.Sdk.Razor.GenerateAssemblyInfo.targets(189,5): message :     " (previous value: "RazorGetAssemblyAttributes;PrepareForBuild;_CoreGenerateRazorAssemblyInfo") at C:\Program Files\dotnet\sdk\9.0.302\Sdks\Microsoft.NET.Sdk.Razor\targets\Microsoft.NET.Sdk.Razor.GenerateAssemblyInfo.targets (189,5)
       C:\Program Files\dotnet\sdk\9.0.302\Sdks\Microsoft.NET.Sdk.Razor\targets\Microsoft.NET.Sdk.Razor.MvcApplicationPartsDiscovery.targets(22,5): message : Property reassignment: $(CoreCompileDependsOn)="
       C:\Program Files\dotnet\sdk\9.0.302\Sdks\Microsoft.NET.Sdk.Razor\targets\Microsoft.NET.Sdk.Razor.MvcApplicationPartsDiscovery.targets(22,5): message :       _DiscoverMvcApplicationParts;
       C:\Program Files\dotnet\sdk\9.0.302\Sdks\Microsoft.NET.Sdk.Razor\targets\Microsoft.NET.Sdk.Razor.MvcApplicationPartsDiscovery.targets(22,5): message :       
       C:\Program Files\dotnet\sdk\9.0.302\Sdks\Microsoft.NET.Sdk.Razor\targets\Microsoft.NET.Sdk.Razor.MvcApplicationPartsDiscovery.targets(22,5): message :       ;_ComputeNonExistentFileProperty;ResolveCodeAnalysisRuleSet;
       C:\Program Files\dotnet\sdk\9.0.302\Sdks\Microsoft.NET.Sdk.Razor\targets\Microsoft.NET.Sdk.Razor.MvcApplicationPartsDiscovery.targets(22,5): message :       _GenerateRazorAssemblyInfo
       C:\Program Files\dotnet\sdk\9.0.302\Sdks\Microsoft.NET.Sdk.Razor\targets\Microsoft.NET.Sdk.Razor.MvcApplicationPartsDiscovery.targets(22,5): message :     ;
       C:\Program Files\dotnet\sdk\9.0.302\Sdks\Microsoft.NET.Sdk.Razor\targets\Microsoft.NET.Sdk.Razor.MvcApplicationPartsDiscovery.targets(22,5): message :     " (previous value: "
       C:\Program Files\dotnet\sdk\9.0.302\Sdks\Microsoft.NET.Sdk.Razor\targets\Microsoft.NET.Sdk.Razor.MvcApplicationPartsDiscovery.targets(22,5): message :       ;_ComputeNonExistentFileProperty;ResolveCodeAnalysisRuleSet;
       C:\Program Files\dotnet\sdk\9.0.302\Sdks\Microsoft.NET.Sdk.Razor\targets\Microsoft.NET.Sdk.Razor.MvcApplicationPartsDiscovery.targets(22,5): message :       _GenerateRazorAssemblyInfo
       C:\Program Files\dotnet\sdk\9.0.302\Sdks\Microsoft.NET.Sdk.Razor\targets\Microsoft.NET.Sdk.Razor.MvcApplicationPartsDiscovery.targets(22,5): message :     ") at C:\Program Files\dotnet\sdk\9.0.302\Sdks\Microsoft.NET.Sdk.Razor\targets\Microsoft.NET.Sdk.Razor.MvcApplicationPartsDiscovery.targets (22,5)
       C:\Program Files\dotnet\sdk\9.0.302\Sdks\Microsoft.NET.Sdk.Razor\targets\Sdk.Razor.CurrentVersion.targets(791,5): message : Property reassignment: $(RazorDesignTimeTargets)="C:\Program Files\dotnet\sdk\9.0.302\Sdks\Microsoft.NET.Sdk.Razor\targets\Microsoft.NET.Sdk.Razor.DesignTime.targets" (previous value: "C:\Program Files\dotnet\sdk\9.0.302\\Microsoft\VisualStudio\Razor\Microsoft.NET.Sdk.Razor.DesignTime.targets") at C:\Program Files\dotnet\sdk\9.0.302\Sdks\Microsoft.NET.Sdk.Razor\targets\Sdk.Razor.CurrentVersion.targets (791,5)
       C:\Program Files\dotnet\sdk\9.0.302\Sdks\Microsoft.NET.Sdk.Web.ProjectSystem\targets\Microsoft.NET.Sdk.Web.ProjectSystem.targets(21,5): message : Property reassignment: $(RunWorkingDirectory)="C:\Users\MBEYAZBULUT\Documents\GitHub\EnvanteriX\Presentation\EnvanteriX.WebUI" (previous value: "") at C:\Program Files\dotnet\sdk\9.0.302\Sdks\Microsoft.NET.Sdk.Web.ProjectSystem\targets\Microsoft.NET.Sdk.Web.ProjectSystem.targets (21,5)
       C:\Program Files\dotnet\sdk\9.0.302\Sdks\Microsoft.NET.Sdk.Publish\targets\Microsoft.NET.Sdk.Publish.targets(60,5): message : Property reassignment: $(PublishProfileImported)="true" (previous value: "false") at C:\Program Files\dotnet\sdk\9.0.302\Sdks\Microsoft.NET.Sdk.Publish\targets\Microsoft.NET.Sdk.Publish.targets (60,5)
       C:\Program Files\dotnet\sdk\9.0.302\Sdks\Microsoft.NET.Sdk.Publish\targets\Microsoft.NET.Sdk.Publish.targets(81,5): message : Property reassignment: $(PublishConfiguration)="Debug" (previous value: "") at C:\Program Files\dotnet\sdk\9.0.302\Sdks\Microsoft.NET.Sdk.Publish\targets\Microsoft.NET.Sdk.Publish.targets (81,5)
       C:\Program Files\dotnet\sdk\9.0.302\Sdks\Microsoft.NET.Sdk.Publish\targets\Microsoft.NET.Sdk.Publish.targets(87,5): message : Property reassignment: $(BaseIntermediateOutputPath)="C:\Users\MBEYAZBULUT\Documents\GitHub\EnvanteriX\Presentation\EnvanteriX.WebUI\obj\" (previous value: "obj\") at C:\Program Files\dotnet\sdk\9.0.302\Sdks\Microsoft.NET.Sdk.Publish\targets\Microsoft.NET.Sdk.Publish.targets (87,5)
       Overriding target "ResolveFrameworkReferences" in project "C:\Program Files\dotnet\sdk\9.0.302\Microsoft.Common.CurrentVersion.targets" with target "ResolveFrameworkReferences" from project "C:\Program Files\dotnet\sdk\9.0.302\Sdks\Microsoft.NET.Sdk\targets\Microsoft.NET.Sdk.FrameworkReferenceResolution.targets".
       Overriding target "Run" in project "C:\Program Files\dotnet\sdk\9.0.302\Microsoft.Common.CurrentVersion.targets" with target "Run" from project "C:\Program Files\dotnet\sdk\9.0.302\Sdks\Microsoft.NET.Sdk\targets\Microsoft.NET.Sdk.targets".
       Overriding target "GenerateSupportedTargetFrameworkAlias" in project "C:\Program Files\dotnet\sdk\9.0.302\Microsoft.Common.CurrentVersion.targets" with target "GenerateSupportedTargetFrameworkAlias" from project "C:\Program Files\dotnet\sdk\9.0.302\Sdks\Microsoft.NET.Sdk\targets\Microsoft.NET.Sdk.targets".
       Overriding target "GetReferenceAssemblyPaths" in project "C:\Program Files\dotnet\sdk\9.0.302\Microsoft.Common.CurrentVersion.targets" with target "GetReferenceAssemblyPaths" from project "C:\Program Files\dotnet\sdk\9.0.302\Sdks\Microsoft.NET.Sdk\targets\Microsoft.NET.DisableStandardFrameworkResolution.targets".
       Overriding target "GetFrameworkPaths" in project "C:\Program Files\dotnet\sdk\9.0.302\Microsoft.Common.CurrentVersion.targets" with target "GetFrameworkPaths" from project "C:\Program Files\dotnet\sdk\9.0.302\Sdks\Microsoft.NET.Sdk\targets\Microsoft.NET.DisableStandardFrameworkResolution.targets".
       Overriding target "DesignerRuntimeImplementationProjectOutputGroup" in project "C:\Program Files\dotnet\sdk\9.0.302\Microsoft.Common.CurrentVersion.targets" with target "DesignerRuntimeImplementationProjectOutputGroup" from project "C:\Program Files\dotnet\sdk\9.0.302\Sdks\Microsoft.NET.Sdk\targets\Microsoft.NET.DesignerSupport.targets".
       Overriding target "Publish" in project "C:\Program Files\dotnet\sdk\9.0.302\Microsoft.Common.CurrentVersion.targets" with target "Publish" from project "C:\Program Files\dotnet\sdk\9.0.302\Sdks\Microsoft.NET.Sdk\targets\Microsoft.NET.Publish.targets".
       Overriding target "ResolveReadyToRunCompilers" in project "C:\Program Files\dotnet\sdk\9.0.302\Sdks\Microsoft.NET.Sdk\targets\Microsoft.NET.CrossGen.targets" with target "ResolveReadyToRunCompilers" from project "C:\Program Files\dotnet\sdk\9.0.302\Sdks\Microsoft.NET.Sdk\targets\Microsoft.NET.Publish.targets".
       Overriding target "GetCopyToPublishDirectoryItems" in project "C:\Program Files\dotnet\sdk\9.0.302\Microsoft.Common.CurrentVersion.targets" with target "GetCopyToPublishDirectoryItems" from project "C:\Program Files\dotnet\sdk\9.0.302\Sdks\Microsoft.NET.Sdk\targets\Microsoft.NET.Publish.targets".
       Overriding target "BeforePublish" in project "C:\Program Files\dotnet\sdk\9.0.302\Microsoft.Common.CurrentVersion.targets" with target "BeforePublish" from project "C:\Program Files\dotnet\sdk\9.0.302\Sdks\Microsoft.NET.Sdk.Publish\targets\Microsoft.NET.Sdk.Publish.targets".
       Overriding target "AfterPublish" in project "C:\Program Files\dotnet\sdk\9.0.302\Microsoft.Common.CurrentVersion.targets" with target "AfterPublish" from project "C:\Program Files\dotnet\sdk\9.0.302\Sdks\Microsoft.NET.Sdk.Publish\targets\Microsoft.NET.Sdk.Publish.targets".
       The target "CollectUpToDateCheckInputDesignTime" listed in a BeforeTargets attribute at "C:\Program Files\dotnet\sdk\9.0.302\Sdks\Microsoft.NET.Sdk.StaticWebAssets\targets\Microsoft.NET.Sdk.StaticWebAssets.ScopedCss.targets (171,5)" does not exist in the project, and will be ignored.
       The target "CollectUpToDateCheckBuiltDesignTime" listed in a BeforeTargets attribute at "C:\Program Files\dotnet\sdk\9.0.302\Sdks\Microsoft.NET.Sdk.StaticWebAssets\targets\Microsoft.NET.Sdk.StaticWebAssets.ScopedCss.targets (171,5)" does not exist in the project, and will be ignored.
       The target "RazorGenerateComponentDeclaration" listed in an AfterTargets attribute at "C:\Program Files\dotnet\sdk\9.0.302\Sdks\Microsoft.NET.Sdk.Razor\targets\Microsoft.NET.Sdk.Razor.DesignTime.targets (55,53)" does not exist in the project, and will be ignored.
     1>Project "C:\Users\MBEYAZBULUT\Documents\GitHub\EnvanteriX\Presentation\EnvanteriX.WebUI\EnvanteriX.WebUI.csproj" (1) is building "C:\Users\MBEYAZBULUT\Documents\GitHub\EnvanteriX\Presentation\EnvanteriX.WebUI\EnvanteriX.WebUI.csproj" (1:2) on node 1 (_IsProjectRestoreSupported target(s)).
   1:2>Target "_IsProjectRestoreSupported" in file "C:\Program Files\dotnet\sdk\9.0.302\NuGet.targets" from project "C:\Users\MBEYAZBULUT\Documents\GitHub\EnvanteriX\Presentation\EnvanteriX.WebUI\EnvanteriX.WebUI.csproj" (entry point):
   1:2>Done building target "_IsProjectRestoreSupported" in project "EnvanteriX.WebUI.csproj".
   1:2>Done Building Project "C:\Users\MBEYAZBULUT\Documents\GitHub\EnvanteriX\Presentation\EnvanteriX.WebUI\EnvanteriX.WebUI.csproj" (_IsProjectRestoreSupported target(s)).
     1>Done executing task "MSBuild".
       Task "MSBuild" skipped, due to false condition; ( '$(RestoreUseSkipNonexistentTargets)' != 'true' ) was evaluated as ( 'true' != 'true' ).
       Assembly loaded during TaskRun: NuGet.Build.Tasks, Version=6.14.0.116, Culture=neutral, PublicKeyToken=31bf3856ad364e35 (location: C:\Program Files\dotnet\sdk\9.0.302\NuGet.Build.Tasks.dll, MVID: c545d64d-0cbb-4fc0-971c-b5c1c1e75cf3, AssemblyLoadContext: MSBuild plugin C:\Program Files\dotnet\sdk\9.0.302\NuGet.Build.Tasks.dll)
       Assembly loaded during TaskRun: NuGet.Common, Version=6.14.0.116, Culture=neutral, PublicKeyToken=31bf3856ad364e35 (location: C:\Program Files\dotnet\sdk\9.0.302\NuGet.Common.dll, MVID: 0fbb79ae-e358-4591-bc91-e34371a3d05b, AssemblyLoadContext: MSBuild plugin C:\Program Files\dotnet\sdk\9.0.302\NuGet.Build.Tasks.dll)
       Assembly loaded during TaskRun: NuGet.Commands, Version=6.14.0.116, Culture=neutral, PublicKeyToken=31bf3856ad364e35 (location: C:\Program Files\dotnet\sdk\9.0.302\NuGet.Commands.dll, MVID: e743f127-1013-45a0-a669-058903e72acf, AssemblyLoadContext: MSBuild plugin C:\Program Files\dotnet\sdk\9.0.302\NuGet.Build.Tasks.dll)
       Assembly loaded during TaskRun: NuGet.ProjectModel, Version=6.14.0.116, Culture=neutral, PublicKeyToken=31bf3856ad364e35 (location: C:\Program Files\dotnet\sdk\9.0.302\NuGet.ProjectModel.dll, MVID: 08d0df58-191b-4580-9b46-c281ab5b9b36, AssemblyLoadContext: MSBuild plugin C:\Program Files\dotnet\sdk\9.0.302\NuGet.Build.Tasks.dll)
       Using "WarnForInvalidProjectsTask" task from assembly "C:\Program Files\dotnet\sdk\9.0.302\NuGet.Build.Tasks.dll".
       Task "WarnForInvalidProjectsTask"
       Done executing task "WarnForInvalidProjectsTask".
     1>Done building target "_FilterRestoreGraphProjectInputItems" in project "EnvanteriX.WebUI.csproj".
       Target "_FilterRestoreGraphProjectInputItems" skipped. Previously built successfully.
     1>Target "_GetAllRestoreProjectPathItems" in file "C:\Program Files\dotnet\sdk\9.0.302\NuGet.targets" from project "C:\Users\MBEYAZBULUT\Documents\GitHub\EnvanteriX\Presentation\EnvanteriX.WebUI\EnvanteriX.WebUI.csproj" (target "_GenerateRestoreGraph" depends on it):
       Using "NuGetMessageTask" task from assembly "C:\Program Files\dotnet\sdk\9.0.302\NuGet.Build.Tasks.dll".
       Task "NuGetMessageTask"
         Determining projects to restore...
       Done executing task "NuGetMessageTask".
       Task "MSBuild"
         Global Properties:
           ExcludeRestorePackageImports=true
     1>Project "C:\Users\MBEYAZBULUT\Documents\GitHub\EnvanteriX\Presentation\EnvanteriX.WebUI\EnvanteriX.WebUI.csproj" (1) is building "C:\Users\MBEYAZBULUT\Documents\GitHub\EnvanteriX\Presentation\EnvanteriX.WebUI\EnvanteriX.WebUI.csproj" (1:3) on node 1 (_GenerateRestoreProjectPathWalk target(s)).
   1:3>Target "_GenerateRestoreProjectPathItemsAllFrameworks" skipped, due to false condition; ( '$(TargetFrameworks)' != '' ) was evaluated as ( '' != '' ).
   1:3>Target "_GenerateRestoreProjectPathItemsPerFramework" in file "C:\Program Files\dotnet\sdk\9.0.302\NuGet.targets" from project "C:\Users\MBEYAZBULUT\Documents\GitHub\EnvanteriX\Presentation\EnvanteriX.WebUI\EnvanteriX.WebUI.csproj" (target "_GenerateRestoreProjectPathItemsCurrentProject" depends on it):
       Using "ConvertToAbsolutePath" task from assembly "Microsoft.Build.Tasks.Core, Version=15.1.0.0, Culture=neutral, PublicKeyToken=b03f5f7f11d50a3a".
       Task "ConvertToAbsolutePath"
       Done executing task "ConvertToAbsolutePath".
   1:3>Done building target "_GenerateRestoreProjectPathItemsPerFramework" in project "EnvanteriX.WebUI.csproj".
   1:3>Target "_GenerateRestoreProjectPathItemsCurrentProject" in file "C:\Program Files\dotnet\sdk\9.0.302\NuGet.targets" from project "C:\Users\MBEYAZBULUT\Documents\GitHub\EnvanteriX\Presentation\EnvanteriX.WebUI\EnvanteriX.WebUI.csproj" (target "_GenerateRestoreProjectPathItems" depends on it):
   1:3>Done building target "_GenerateRestoreProjectPathItemsCurrentProject" in project "EnvanteriX.WebUI.csproj".
   1:3>Target "_GenerateRestoreProjectPathItems" in file "C:\Program Files\dotnet\sdk\9.0.302\NuGet.targets" from project "C:\Users\MBEYAZBULUT\Documents\GitHub\EnvanteriX\Presentation\EnvanteriX.WebUI\EnvanteriX.WebUI.csproj" (target "_GenerateRestoreProjectPathWalk" depends on it):
       Task "RemoveDuplicates"
       Done executing task "RemoveDuplicates".
   1:3>Done building target "_GenerateRestoreProjectPathItems" in project "EnvanteriX.WebUI.csproj".
   1:3>Target "_GenerateRestoreProjectPathWalk" in file "C:\Program Files\dotnet\sdk\9.0.302\NuGet.targets" from project "C:\Users\MBEYAZBULUT\Documents\GitHub\EnvanteriX\Presentation\EnvanteriX.WebUI\EnvanteriX.WebUI.csproj" (entry point):
       Task "MSBuild"
       Done executing task "MSBuild".
       Task "MSBuild" skipped, due to false condition; ( '$(RestoreUseSkipNonexistentTargets)' != 'true' ) was evaluated as ( 'true' != 'true' ).
       Task "RemoveDuplicates"
       Done executing task "RemoveDuplicates".
   1:3>Done building target "_GenerateRestoreProjectPathWalk" in project "EnvanteriX.WebUI.csproj".
   1:3>Done Building Project "C:\Users\MBEYAZBULUT\Documents\GitHub\EnvanteriX\Presentation\EnvanteriX.WebUI\EnvanteriX.WebUI.csproj" (_GenerateRestoreProjectPathWalk target(s)).
     1>Done executing task "MSBuild".
       Task "MSBuild" skipped, due to false condition; ( '$(RestoreUseSkipNonexistentTargets)' != 'true' ) was evaluated as ( 'true' != 'true' ).
       Task "RemoveDuplicates"
       Done executing task "RemoveDuplicates".
       Task "MSBuild"
         Global Properties:
           ExcludeRestorePackageImports=true
     1>Project "C:\Users\MBEYAZBULUT\Documents\GitHub\EnvanteriX\Presentation\EnvanteriX.WebUI\EnvanteriX.WebUI.csproj" (1) is building "C:\Users\MBEYAZBULUT\Documents\GitHub\EnvanteriX\Presentation\EnvanteriX.WebUI\EnvanteriX.WebUI.csproj" (1:4) on node 1 (_IsProjectRestoreSupported target(s)).
   1:4>Target "_IsProjectRestoreSupported" skipped. Previously built successfully.
   1:4>Done Building Project "C:\Users\MBEYAZBULUT\Documents\GitHub\EnvanteriX\Presentation\EnvanteriX.WebUI\EnvanteriX.WebUI.csproj" (_IsProjectRestoreSupported target(s)).
     1>Done executing task "MSBuild".
       Task "MSBuild" skipped, due to false condition; ( '$(RestoreUseSkipNonexistentTargets)' != 'true' ) was evaluated as ( 'true' != 'true' ).
     1>Done building target "_GetAllRestoreProjectPathItems" in project "EnvanteriX.WebUI.csproj".
     1>Target "_GenerateRestoreGraph" in file "C:\Program Files\dotnet\sdk\9.0.302\NuGet.targets" from project "C:\Users\MBEYAZBULUT\Documents\GitHub\EnvanteriX\Presentation\EnvanteriX.WebUI\EnvanteriX.WebUI.csproj" (target "Restore" depends on it):
       Using "Message" task from assembly "Microsoft.Build.Tasks.Core, Version=15.1.0.0, Culture=neutral, PublicKeyToken=b03f5f7f11d50a3a".
       Task "Message"
         Generating dg file
       Done executing task "Message".
       Task "Message"
         C:\Users\MBEYAZBULUT\Documents\GitHub\EnvanteriX\Presentation\EnvanteriX.WebUI\EnvanteriX.WebUI.csproj
       Done executing task "Message".
       Task "MSBuild"
         Global Properties:
           ExcludeRestorePackageImports=true
     1>Project "C:\Users\MBEYAZBULUT\Documents\GitHub\EnvanteriX\Presentation\EnvanteriX.WebUI\EnvanteriX.WebUI.csproj" (1) is building "C:\Users\MBEYAZBULUT\Documents\GitHub\EnvanteriX\Presentation\EnvanteriX.WebUI\EnvanteriX.WebUI.csproj" (1:5) on node 1 (_GenerateRestoreGraphProjectEntry target(s)).
   1:5>Target "_GetProjectJsonPath" in file "C:\Program Files\dotnet\sdk\9.0.302\NuGet.targets" from project "C:\Users\MBEYAZBULUT\Documents\GitHub\EnvanteriX\Presentation\EnvanteriX.WebUI\EnvanteriX.WebUI.csproj" (target "_GetRestoreProjectStyle" depends on it):
   1:5>Task "GetRestoreProjectJsonPathTask" skipped, due to false condition; ( '$(RestoreProjectStyle)' == 'ProjectJson' OR '$(RestoreProjectStyle)' == '' ) was evaluated as ( 'PackageReference' == 'ProjectJson' OR 'PackageReference' == '' ).
   1:5>Done building target "_GetProjectJsonPath" in project "EnvanteriX.WebUI.csproj".
       Target "_CheckForUnsupportedTargetPlatformIdentifier" skipped, due to false condition; ('$(TargetPlatformIdentifier)' != '' and '$(TargetFrameworkIdentifier)' == '.NETCoreApp' and $([MSBuild]::VersionGreaterThanOrEquals($(TargetFrameworkVersion), 5.0)) And ('$(DesignTimeBuild)' != 'true' Or '@(MissingWorkloadPack)' == '')) was evaluated as ('' != '' and '.NETCoreApp' == '.NETCoreApp' and True And ('' != 'true' Or '' == '')).
       Target "_CheckForMissingWorkload" skipped, due to false condition; ('@(MissingWorkloadPack)' != '' And '$(DesignTimeBuild)' != 'true') was evaluated as ('' != '' And '' != 'true').
   1:5>Target "_CheckForUnsupportedNETCoreVersion" in file "C:\Program Files\dotnet\sdk\9.0.302\Sdks\Microsoft.NET.Sdk\targets\Microsoft.NET.TargetFrameworkInference.targets" from project "C:\Users\MBEYAZBULUT\Documents\GitHub\EnvanteriX\Presentation\EnvanteriX.WebUI\EnvanteriX.WebUI.csproj" (target "CollectPackageReferences" depends on it):
       Task "NETSdkError" skipped, due to false condition; ('$(_TargetFrameworkVersionWithoutV)' > '$(NETCoreAppMaximumVersion)' and '$(DisplayVSMessage)' != 'true') was evaluated as ('9.0' > '9.0' and '' != 'true').
       Task "NETSdkError" skipped, due to false condition; ('$(DisplayVSMessage)' == 'true') was evaluated as ('' == 'true').
   1:5>Done building target "_CheckForUnsupportedNETCoreVersion" in project "EnvanteriX.WebUI.csproj".
       Target "_CheckForEolTargetFrameworks" skipped, due to false condition; ('@(_EolNetCoreTargetFrameworkVersions->AnyHaveMetadataValue('Identity', '$(_TargetFrameworkVersionWithoutV)'))' and '$(TargetFrameworkIdentifier)' == '.NETCoreApp' and '$(CheckEolTargetFramework)' == 'true') was evaluated as ('false' and '.NETCoreApp' == '.NETCoreApp' and 'true' == 'true').
       Target "_CheckForEolWorkloads" skipped, due to false condition; ('@(EolWorkload)' != '' and '$(CheckEolWorkloads)' == 'true') was evaluated as ('' != '' and 'true' == 'true').
       Target "_CheckForNotRecommendedNETStandardVersion" skipped, due to false condition; ('$(TargetFrameworkIdentifier)' == '.NETStandard' and $([MSBuild]::VersionLessThan($(TargetFrameworkVersion), '2.0'))) was evaluated as ('.NETCoreApp' == '.NETStandard' and False).
   1:5>Target "_CheckForUnsupportedCppNETCoreVersion" in file "C:\Program Files\dotnet\sdk\9.0.302\Sdks\Microsoft.NET.Sdk\targets\Microsoft.NET.TargetFrameworkInference.targets" from project "C:\Users\MBEYAZBULUT\Documents\GitHub\EnvanteriX\Presentation\EnvanteriX.WebUI\EnvanteriX.WebUI.csproj" (target "CollectPackageReferences" depends on it):
       Task "NETSdkError" skipped, due to false condition; ('$(TargetFrameworkIdentifier)' == '.NETCoreApp' and '$(_TargetFrameworkVersionWithoutV)' < '3.1' and ('$(Language)' == 'C++' and '$(_EnablePackageReferencesInVCProjects)' != 'true')) was evaluated as ('.NETCoreApp' == '.NETCoreApp' and '9.0' < '3.1' and ('C#' == 'C++' and '' != 'true')).
   1:5>Done building target "_CheckForUnsupportedCppNETCoreVersion" in project "EnvanteriX.WebUI.csproj".
       Target "_CheckForUnsupportedNETStandardVersion" skipped, due to false condition; ('$(TargetFrameworkIdentifier)' == '.NETStandard' And '$(NETStandardMaximumVersion)' != '') was evaluated as ('.NETCoreApp' == '.NETStandard' And '' != '').
       Target "_CheckForUnsupportedTargetFrameworkAndFeatureCombination" skipped, due to false condition; ('$(TargetFrameworkIdentifier)' == '.NETFramework') was evaluated as ('.NETCoreApp' == '.NETFramework').
   1:5>Target "UpdateAspNetToFrameworkReference" in file "C:\Program Files\dotnet\sdk\9.0.302\Sdks\Microsoft.NET.Sdk\targets\Microsoft.NET.Sdk.DefaultItems.Shared.targets" from project "C:\Users\MBEYAZBULUT\Documents\GitHub\EnvanteriX\Presentation\EnvanteriX.WebUI\EnvanteriX.WebUI.csproj" (target "ApplyImplicitVersions" depends on it):
       Using "CheckIfPackageReferenceShouldBeFrameworkReference" task from assembly "C:\Program Files\dotnet\sdk\9.0.302\Sdks\Microsoft.NET.Sdk\targets\..\tools\net9.0\Microsoft.NET.Build.Tasks.dll".
       Task "CheckIfPackageReferenceShouldBeFrameworkReference"
       Done executing task "CheckIfPackageReferenceShouldBeFrameworkReference".
       Task "NETSdkError" skipped, due to false condition; ('$(_ShouldRemoveAspNetCoreAll)' == 'true') was evaluated as ('False' == 'true').
       Task "CheckIfPackageReferenceShouldBeFrameworkReference"
       Done executing task "CheckIfPackageReferenceShouldBeFrameworkReference".
       Task "NETSdkWarning" skipped, due to false condition; ('$(_ShouldRemoveAspNetCoreApp)' == 'true') was evaluated as ('False' == 'true').
   1:5>Done building target "UpdateAspNetToFrameworkReference" in project "EnvanteriX.WebUI.csproj".
       Target "IncludeTargetingPackReference" skipped, due to false condition; ('$(TargetFrameworkMoniker)' != '' and '$(TargetFrameworkIdentifier)' == '.NETFramework' and '$(AutomaticallyUseReferenceAssemblyPackages)' == 'true') was evaluated as ('.NETCoreApp,Version=v9.0' != '' and '.NETCoreApp' == '.NETFramework' and 'true' == 'true').
   1:5>Target "CheckForImplicitPackageReferenceOverrides" in file "C:\Program Files\dotnet\sdk\9.0.302\Sdks\Microsoft.NET.Sdk\targets\Microsoft.NET.Sdk.DefaultItems.Shared.targets" from project "C:\Users\MBEYAZBULUT\Documents\GitHub\EnvanteriX\Presentation\EnvanteriX.WebUI\EnvanteriX.WebUI.csproj" (target "ApplyImplicitVersions" depends on it):
       Using "CheckForImplicitPackageReferenceOverrides" task from assembly "C:\Program Files\dotnet\sdk\9.0.302\Sdks\Microsoft.NET.Sdk\targets\..\tools\net9.0\Microsoft.NET.Build.Tasks.dll".
       Task "CheckForImplicitPackageReferenceOverrides"
       Done executing task "CheckForImplicitPackageReferenceOverrides".
   1:5>Done building target "CheckForImplicitPackageReferenceOverrides" in project "EnvanteriX.WebUI.csproj".
   1:5>Target "ApplyImplicitVersions" in file "C:\Program Files\dotnet\sdk\9.0.302\Sdks\Microsoft.NET.Sdk\targets\Microsoft.NET.Sdk.DefaultItems.Shared.targets" from project "C:\Users\MBEYAZBULUT\Documents\GitHub\EnvanteriX\Presentation\EnvanteriX.WebUI\EnvanteriX.WebUI.csproj" (target "CollectPackageReferences" depends on it):
       Using "ApplyImplicitVersions" task from assembly "C:\Program Files\dotnet\sdk\9.0.302\Sdks\Microsoft.NET.Sdk\targets\..\tools\net9.0\Microsoft.NET.Build.Tasks.dll".
       Task "ApplyImplicitVersions"
       Done executing task "ApplyImplicitVersions".
   1:5>Done building target "ApplyImplicitVersions" in project "EnvanteriX.WebUI.csproj".
       Target "CheckForImplicitPackageReferenceOverrides" skipped. Previously built successfully.
       Target "AddWindowsSdkKnownFrameworkReferences" skipped, due to false condition; ('$(TargetFrameworkIdentifier)' == '.NETCoreApp' And '$(TargetPlatformIdentifier)' == 'Windows'
                            And ('$(Language)' != 'C++' Or '$(IncludeWindowsSDKRefFrameworkReferences)' == 'true')) was evaluated as ('.NETCoreApp' == '.NETCoreApp' And '' == 'Windows'
                            And ('C#' != 'C++' Or '' == 'true')).
       Target "_NormalizeTargetPlatformVersion" skipped, due to false condition; ('$(TargetPlatformVersion)' != '' and '$(TargetFrameworkIdentifier)' == '.NETCoreApp' and $([MSBuild]::VersionGreaterThanOrEquals($(TargetFrameworkVersion), 5.0)) and ('$(Language)' != 'C++' or '$(_EnablePackageReferencesInVCProjects)' == 'true')) was evaluated as ('' != '' and '.NETCoreApp' == '.NETCoreApp' and True and ('C#' != 'C++' or '' == 'true')).
   1:5>Target "_CheckForLanguageAndFeatureCombinationSupport" in file "C:\Program Files\dotnet\sdk\9.0.302\Sdks\Microsoft.NET.Sdk\targets\Microsoft.NET.RuntimeIdentifierInference.targets" from project "C:\Users\MBEYAZBULUT\Documents\GitHub\EnvanteriX\Presentation\EnvanteriX.WebUI\EnvanteriX.WebUI.csproj" (target "ProcessFrameworkReferences" depends on it):
       Task "NETSdkError" skipped, due to false condition; (('$(Language)' == 'C++' and '$(_EnablePackageReferencesInVCProjects)' != 'true') and $(OutputType) != 'library' and '$(TargetFrameworkIdentifier)' == '.NETCoreApp') was evaluated as (('C#' == 'C++' and '' != 'true') and Exe != 'library' and '.NETCoreApp' == '.NETCoreApp').
       Task "NETSdkError" skipped, due to false condition; (('$(Language)' == 'C++' and '$(_EnablePackageReferencesInVCProjects)' != 'true') and $(EnableComHosting) == 'true') was evaluated as (('C#' == 'C++' and '' != 'true') and  == 'true').
       Task "NETSdkError" skipped, due to false condition; (('$(Language)' == 'C++' and '$(_EnablePackageReferencesInVCProjects)' != 'true') and $(SelfContained) == 'true') was evaluated as (('C#' == 'C++' and '' != 'true') and false == 'true').
   1:5>Done building target "_CheckForLanguageAndFeatureCombinationSupport" in project "EnvanteriX.WebUI.csproj".
   1:5>Target "_ComputeToolPackInputsToProcessFrameworkReferences" in file "C:\Program Files\dotnet\sdk\9.0.302\Sdks\Microsoft.NET.Sdk\targets\Microsoft.NET.Publish.targets" from project "C:\Users\MBEYAZBULUT\Documents\GitHub\EnvanteriX\Presentation\EnvanteriX.WebUI\EnvanteriX.WebUI.csproj" (target "ProcessFrameworkReferences" depends on it):
   1:5>Done building target "_ComputeToolPackInputsToProcessFrameworkReferences" in project "EnvanteriX.WebUI.csproj".
   1:5>Target "ProcessFrameworkReferences" in file "C:\Program Files\dotnet\sdk\9.0.302\Sdks\Microsoft.NET.Sdk\targets\Microsoft.NET.Sdk.FrameworkReferenceResolution.targets" from project "C:\Users\MBEYAZBULUT\Documents\GitHub\EnvanteriX\Presentation\EnvanteriX.WebUI\EnvanteriX.WebUI.csproj" (target "CollectPackageReferences" depends on it):
       Using "CheckForDuplicateFrameworkReferences" task from assembly "C:\Program Files\dotnet\sdk\9.0.302\Sdks\Microsoft.NET.Sdk\targets\..\tools\net9.0\Microsoft.NET.Build.Tasks.dll".
       Task "CheckForDuplicateFrameworkReferences"
       Done executing task "CheckForDuplicateFrameworkReferences".
       Using "ProcessFrameworkReferences" task from assembly "C:\Program Files\dotnet\sdk\9.0.302\Sdks\Microsoft.NET.Sdk\targets\..\tools\net9.0\Microsoft.NET.Build.Tasks.dll".
       Task "ProcessFrameworkReferences"
       Done executing task "ProcessFrameworkReferences".
       Using "ResolveAppHosts" task from assembly "C:\Program Files\dotnet\sdk\9.0.302\Sdks\Microsoft.NET.Sdk\targets\..\tools\net9.0\Microsoft.NET.Build.Tasks.dll".
       Task "ResolveAppHosts"
       Done executing task "ResolveAppHosts".
   1:5>Done building target "ProcessFrameworkReferences" in project "EnvanteriX.WebUI.csproj".
       Target "IncludeTargetingPackReference" skipped, due to false condition; ('$(TargetFrameworkMoniker)' != '' and '$(TargetFrameworkIdentifier)' == '.NETFramework' and '$(AutomaticallyUseReferenceAssemblyPackages)' == 'true') was evaluated as ('.NETCoreApp,Version=v9.0' != '' and '.NETCoreApp' == '.NETFramework' and 'true' == 'true').
       Target "_CheckMicrosoftNetCompilersToolsetFrameworkPackageReference" skipped, due to false condition; ('$(MSBuildRuntimeType)' == 'Full') was evaluated as ('Core' == 'Full').
   1:5>Target "_CheckForObsoleteDotNetCliToolReferences" in file "C:\Program Files\dotnet\sdk\9.0.302\Sdks\Microsoft.NET.Sdk\targets\Microsoft.NET.ObsoleteReferences.targets" from project "C:\Users\MBEYAZBULUT\Documents\GitHub\EnvanteriX\Presentation\EnvanteriX.WebUI\EnvanteriX.WebUI.csproj" (target "CollectPackageReferences" depends on it):
       Task "NETSdkWarning" skipped, due to false condition; ( '%(_ReferenceToObsoleteDotNetCliTool.Identity)' != '' ) was evaluated as ( '' != '' ).
   1:5>Done building target "_CheckForObsoleteDotNetCliToolReferences" in project "EnvanteriX.WebUI.csproj".
   1:5>Target "CollectPackageReferences" in file "C:\Program Files\dotnet\sdk\9.0.302\NuGet.targets" from project "C:\Users\MBEYAZBULUT\Documents\GitHub\EnvanteriX\Presentation\EnvanteriX.WebUI\EnvanteriX.WebUI.csproj" (target "_GetRestoreProjectStyle" depends on it):
       Using "CheckForDuplicateNuGetItemsTask" task from assembly "C:\Program Files\dotnet\sdk\9.0.302\NuGet.Build.Tasks.dll".
       Task "CheckForDuplicateNuGetItemsTask"
       Done executing task "CheckForDuplicateNuGetItemsTask".
   1:5>Done building target "CollectPackageReferences" in project "EnvanteriX.WebUI.csproj".
   1:5>Target "_GetRestoreProjectStyle" in file "C:\Program Files\dotnet\sdk\9.0.302\NuGet.targets" from project "C:\Users\MBEYAZBULUT\Documents\GitHub\EnvanteriX\Presentation\EnvanteriX.WebUI\EnvanteriX.WebUI.csproj" (target "_GenerateRestoreSpecs" depends on it):
       Using "GetRestoreProjectStyleTask" task from assembly "C:\Program Files\dotnet\sdk\9.0.302\NuGet.Build.Tasks.dll".
       Task "GetRestoreProjectStyleTask"
       Done executing task "GetRestoreProjectStyleTask".
   1:5>Done building target "_GetRestoreProjectStyle" in project "EnvanteriX.WebUI.csproj".
   1:5>Target "_GenerateRestoreSpecs" in file "C:\Program Files\dotnet\sdk\9.0.302\NuGet.targets" from project "C:\Users\MBEYAZBULUT\Documents\GitHub\EnvanteriX\Presentation\EnvanteriX.WebUI\EnvanteriX.WebUI.csproj" (target "_GenerateRestoreGraphProjectEntry" depends on it):
       Task "Message"
         Restore entry point C:\Users\MBEYAZBULUT\Documents\GitHub\EnvanteriX\Presentation\EnvanteriX.WebUI\EnvanteriX.WebUI.csproj
       Done executing task "Message".
   1:5>Done building target "_GenerateRestoreSpecs" in project "EnvanteriX.WebUI.csproj".
   1:5>Target "_GetRestoreSettingsOverrides" in file "C:\Program Files\dotnet\sdk\9.0.302\NuGet.targets" from project "C:\Users\MBEYAZBULUT\Documents\GitHub\EnvanteriX\Presentation\EnvanteriX.WebUI\EnvanteriX.WebUI.csproj" (target "_GetRestoreSettings" depends on it):
       Task "MSBuild" skipped, due to false condition; ( '$(RestorePackagesPath)' != '' ) was evaluated as ( '' != '' ).
       Task "MSBuild" skipped, due to false condition; ( '$(RestoreRepositoryPathOverride)' != '' ) was evaluated as ( '' != '' ).
       Task "MSBuild" skipped, due to false condition; ( '$(RestoreSources)' != '' ) was evaluated as ( '' != '' ).
       Task "MSBuild" skipped, due to false condition; ( '$(RestoreFallbackFolders)' != '' ) was evaluated as ( '' != '' ).
   1:5>Done building target "_GetRestoreSettingsOverrides" in project "EnvanteriX.WebUI.csproj".
   1:5>Target "_GetRestoreSettingsPerFramework" in file "C:\Program Files\dotnet\sdk\9.0.302\NuGet.targets" from project "C:\Users\MBEYAZBULUT\Documents\GitHub\EnvanteriX\Presentation\EnvanteriX.WebUI\EnvanteriX.WebUI.csproj" (target "_GetRestoreSettingsCurrentProject" depends on it):
   1:5>Done building target "_GetRestoreSettingsPerFramework" in project "EnvanteriX.WebUI.csproj".
   1:5>Target "_GetRestoreSettingsCurrentProject" in file "C:\Program Files\dotnet\sdk\9.0.302\NuGet.targets" from project "C:\Users\MBEYAZBULUT\Documents\GitHub\EnvanteriX\Presentation\EnvanteriX.WebUI\EnvanteriX.WebUI.csproj" (target "_GetRestoreSettings" depends on it):
   1:5>Done building target "_GetRestoreSettingsCurrentProject" in project "EnvanteriX.WebUI.csproj".
       Target "_GetRestoreSettingsAllFrameworks" skipped, due to false condition; ( '$(TargetFrameworks)' != '' AND '$(PackageReferenceCompatibleProjectStyle)' == 'true' ) was evaluated as ( '' != '' AND 'True' == 'true' ).
   1:5>Target "_GetRestoreSettings" in file "C:\Program Files\dotnet\sdk\9.0.302\NuGet.targets" from project "C:\Users\MBEYAZBULUT\Documents\GitHub\EnvanteriX\Presentation\EnvanteriX.WebUI\EnvanteriX.WebUI.csproj" (target "_GenerateDotnetCliToolReferenceSpecs" depends on it):
       Using "GetRestoreSettingsTask" task from assembly "C:\Program Files\dotnet\sdk\9.0.302\NuGet.Build.Tasks.dll".
       Task "GetRestoreSettingsTask"
         Assembly loaded during TaskRun (NuGet.Build.Tasks.GetRestoreSettingsTask): NuGet.Configuration, Version=6.14.0.116, Culture=neutral, PublicKeyToken=31bf3856ad364e35 (location: C:\Program Files\dotnet\sdk\9.0.302\NuGet.Configuration.dll, MVID: b0f2e3cc-b478-45a0-a863-e83c6e00406f, AssemblyLoadContext: MSBuild plugin C:\Program Files\dotnet\sdk\9.0.302\NuGet.Build.Tasks.dll)
       Done executing task "GetRestoreSettingsTask".
   1:5>Done building target "_GetRestoreSettings" in project "EnvanteriX.WebUI.csproj".
   1:5>Target "_GenerateDotnetCliToolReferenceSpecs" in file "C:\Program Files\dotnet\sdk\9.0.302\NuGet.targets" from project "C:\Users\MBEYAZBULUT\Documents\GitHub\EnvanteriX\Presentation\EnvanteriX.WebUI\EnvanteriX.WebUI.csproj" (target "_GenerateRestoreGraphProjectEntry" depends on it):
       Using "GetRestoreDotnetCliToolsTask" task from assembly "C:\Program Files\dotnet\sdk\9.0.302\NuGet.Build.Tasks.dll".
       Task "GetRestoreDotnetCliToolsTask"
       Done executing task "GetRestoreDotnetCliToolsTask".
   1:5>Done building target "_GenerateDotnetCliToolReferenceSpecs" in project "EnvanteriX.WebUI.csproj".
   1:5>Target "_GenerateRestoreGraphProjectEntry" in file "C:\Program Files\dotnet\sdk\9.0.302\NuGet.targets" from project "C:\Users\MBEYAZBULUT\Documents\GitHub\EnvanteriX\Presentation\EnvanteriX.WebUI\EnvanteriX.WebUI.csproj" (entry point):
   1:5>Done building target "_GenerateRestoreGraphProjectEntry" in project "EnvanteriX.WebUI.csproj".
   1:5>Done Building Project "C:\Users\MBEYAZBULUT\Documents\GitHub\EnvanteriX\Presentation\EnvanteriX.WebUI\EnvanteriX.WebUI.csproj" (_GenerateRestoreGraphProjectEntry target(s)).
     1>Done executing task "MSBuild".
       Task "MSBuild"
         Global Properties:
           ExcludeRestorePackageImports=true
     1>Project "C:\Users\MBEYAZBULUT\Documents\GitHub\EnvanteriX\Presentation\EnvanteriX.WebUI\EnvanteriX.WebUI.csproj" (1) is building "C:\Users\MBEYAZBULUT\Documents\GitHub\EnvanteriX\Presentation\EnvanteriX.WebUI\EnvanteriX.WebUI.csproj" (1:6) on node 1 (_GenerateProjectRestoreGraph target(s)).
   1:6>Target "_GetRestoreProjectStyle" skipped. Previously built successfully.
       Target "_GetRestoreProjectStyle" skipped. Previously built successfully.
       Target "_GetRestoreProjectStyle" skipped. Previously built successfully.
   1:6>Target "_GetRestoreTargetFrameworkOverride" in file "C:\Program Files\dotnet\sdk\9.0.302\NuGet.targets" from project "C:\Users\MBEYAZBULUT\Documents\GitHub\EnvanteriX\Presentation\EnvanteriX.WebUI\EnvanteriX.WebUI.csproj" (target "_GetRestoreTargetFrameworksOutput" depends on it):
       Task "GetGlobalPropertyValueTask" skipped, due to false condition; ( '$(TargetFrameworks)' != '' ) was evaluated as ( '' != '' ).
   1:6>Done building target "_GetRestoreTargetFrameworkOverride" in project "EnvanteriX.WebUI.csproj".
   1:6>Target "_GetRestoreTargetFrameworksOutput" in file "C:\Program Files\dotnet\sdk\9.0.302\NuGet.targets" from project "C:\Users\MBEYAZBULUT\Documents\GitHub\EnvanteriX\Presentation\EnvanteriX.WebUI\EnvanteriX.WebUI.csproj" (target "_GenerateRestoreProjectSpec" depends on it):
       Using "GetProjectTargetFrameworksTask" task from assembly "C:\Program Files\dotnet\sdk\9.0.302\NuGet.Build.Tasks.dll".
       Task "GetProjectTargetFrameworksTask"
       Done executing task "GetProjectTargetFrameworksTask".
   1:6>Done building target "_GetRestoreTargetFrameworksOutput" in project "EnvanteriX.WebUI.csproj".
       Target "_GetRestoreSettings" skipped. Previously built successfully.
   1:6>Target "_GenerateRestoreProjectSpec" in file "C:\Program Files\dotnet\sdk\9.0.302\NuGet.targets" from project "C:\Users\MBEYAZBULUT\Documents\GitHub\EnvanteriX\Presentation\EnvanteriX.WebUI\EnvanteriX.WebUI.csproj" (target "_GenerateProjectRestoreGraph" depends on it):
       Task "ConvertToAbsolutePath"
       Done executing task "ConvertToAbsolutePath".
   1:6>Done building target "_GenerateRestoreProjectSpec" in project "EnvanteriX.WebUI.csproj".
       Target "_GenerateProjectRestoreGraphAllFrameworks" skipped, due to false condition; ( '$(TargetFrameworks)' != '' ) was evaluated as ( '' != '' ).
       Target "_GetRestoreProjectStyle" skipped. Previously built successfully.
       Target "CollectPackageReferences" skipped. Previously built successfully.
   1:6>Target "CollectPackageDownloads" in file "C:\Program Files\dotnet\sdk\9.0.302\NuGet.targets" from project "C:\Users\MBEYAZBULUT\Documents\GitHub\EnvanteriX\Presentation\EnvanteriX.WebUI\EnvanteriX.WebUI.csproj" (target "_CollectRestoreInputs" depends on it):
       Task "CheckForDuplicateNuGetItemsTask"
       Done executing task "CheckForDuplicateNuGetItemsTask".
   1:6>Done building target "CollectPackageDownloads" in project "EnvanteriX.WebUI.csproj".
   1:6>Target "CollectFrameworkReferences" in file "C:\Program Files\dotnet\sdk\9.0.302\NuGet.targets" from project "C:\Users\MBEYAZBULUT\Documents\GitHub\EnvanteriX\Presentation\EnvanteriX.WebUI\EnvanteriX.WebUI.csproj" (target "_CollectRestoreInputs" depends on it):
   1:6>Done building target "CollectFrameworkReferences" in project "EnvanteriX.WebUI.csproj".
   1:6>Target "CollectCentralPackageVersions" in file "C:\Program Files\dotnet\sdk\9.0.302\NuGet.targets" from project "C:\Users\MBEYAZBULUT\Documents\GitHub\EnvanteriX\Presentation\EnvanteriX.WebUI\EnvanteriX.WebUI.csproj" (target "_CollectRestoreInputs" depends on it):
       Task "CheckForDuplicateNuGetItemsTask"
       Done executing task "CheckForDuplicateNuGetItemsTask".
   1:6>Done building target "CollectCentralPackageVersions" in project "EnvanteriX.WebUI.csproj".
   1:6>Target "CollectNuGetAuditSuppressions" in file "C:\Program Files\dotnet\sdk\9.0.302\NuGet.targets" from project "C:\Users\MBEYAZBULUT\Documents\GitHub\EnvanteriX\Presentation\EnvanteriX.WebUI\EnvanteriX.WebUI.csproj" (target "_CollectRestoreInputs" depends on it):
       Task "CheckForDuplicateNuGetItemsTask"
       Done executing task "CheckForDuplicateNuGetItemsTask".
   1:6>Done building target "CollectNuGetAuditSuppressions" in project "EnvanteriX.WebUI.csproj".
       Target "AddPrunePackageReferences" skipped, due to false condition; ('$(RestoreEnablePackagePruning)' == 'true') was evaluated as ('false' == 'true').
   1:6>Target "CollectPrunePackageReferences" in file "C:\Program Files\dotnet\sdk\9.0.302\NuGet.targets" from project "C:\Users\MBEYAZBULUT\Documents\GitHub\EnvanteriX\Presentation\EnvanteriX.WebUI\EnvanteriX.WebUI.csproj" (target "_CollectRestoreInputs" depends on it):
       Task "CheckForDuplicateNuGetItemsTask"
       Done executing task "CheckForDuplicateNuGetItemsTask".
   1:6>Done building target "CollectPrunePackageReferences" in project "EnvanteriX.WebUI.csproj".
   1:6>Target "_CollectRestoreInputs" in file "C:\Program Files\dotnet\sdk\9.0.302\NuGet.targets" from project "C:\Users\MBEYAZBULUT\Documents\GitHub\EnvanteriX\Presentation\EnvanteriX.WebUI\EnvanteriX.WebUI.csproj" (target "_GenerateProjectRestoreGraphPerFramework" depends on it):
   1:6>Done building target "_CollectRestoreInputs" in project "EnvanteriX.WebUI.csproj".
       Target "PrepRestoreForStoreProjects" skipped, due to false condition; ('$(StorePackageName)' != '') was evaluated as ('' != '').
   1:6>Target "_GenerateProjectRestoreGraphPerFramework" in file "C:\Program Files\dotnet\sdk\9.0.302\NuGet.targets" from project "C:\Users\MBEYAZBULUT\Documents\GitHub\EnvanteriX\Presentation\EnvanteriX.WebUI\EnvanteriX.WebUI.csproj" (target "_GenerateProjectRestoreGraphCurrentProject" depends on it):
       Using "GetRestoreProjectReferencesTask" task from assembly "C:\Program Files\dotnet\sdk\9.0.302\NuGet.Build.Tasks.dll".
       Task "GetRestoreProjectReferencesTask"
       Done executing task "GetRestoreProjectReferencesTask".
       Using "GetRestorePackageReferencesTask" task from assembly "C:\Program Files\dotnet\sdk\9.0.302\NuGet.Build.Tasks.dll".
       Task "GetRestorePackageReferencesTask"
       Done executing task "GetRestorePackageReferencesTask".
       Task "GetCentralPackageVersionsTask" skipped, due to false condition; ( '$(PackageReferenceCompatibleProjectStyle)' == 'true' AND '$(_CentralPackageVersionsEnabled)' == 'true' ) was evaluated as ( 'True' == 'true' AND '' == 'true' ).
       Using "GetRestorePackageDownloadsTask" task from assembly "C:\Program Files\dotnet\sdk\9.0.302\NuGet.Build.Tasks.dll".
       Task "GetRestorePackageDownloadsTask"
       Done executing task "GetRestorePackageDownloadsTask".
       Using "GetRestoreFrameworkReferencesTask" task from assembly "C:\Program Files\dotnet\sdk\9.0.302\NuGet.Build.Tasks.dll".
       Task "GetRestoreFrameworkReferencesTask"
       Done executing task "GetRestoreFrameworkReferencesTask".
       Using "GetRestoreNuGetAuditSuppressionsTask" task from assembly "C:\Program Files\dotnet\sdk\9.0.302\NuGet.Build.Tasks.dll".
       Task "GetRestoreNuGetAuditSuppressionsTask"
       Done executing task "GetRestoreNuGetAuditSuppressionsTask".
       Using "GetRestorePrunePackageReferencesTask" task from assembly "C:\Program Files\dotnet\sdk\9.0.302\NuGet.Build.Tasks.dll".
       Task "GetRestorePrunePackageReferencesTask"
       Done executing task "GetRestorePrunePackageReferencesTask".
   1:6>Done building target "_GenerateProjectRestoreGraphPerFramework" in project "EnvanteriX.WebUI.csproj".
   1:6>Target "_GenerateProjectRestoreGraphCurrentProject" in file "C:\Program Files\dotnet\sdk\9.0.302\NuGet.targets" from project "C:\Users\MBEYAZBULUT\Documents\GitHub\EnvanteriX\Presentation\EnvanteriX.WebUI\EnvanteriX.WebUI.csproj" (target "_GenerateRestoreDependencies" depends on it):
   1:6>Done building target "_GenerateProjectRestoreGraphCurrentProject" in project "EnvanteriX.WebUI.csproj".
   1:6>Target "_GenerateRestoreDependencies" in file "C:\Program Files\dotnet\sdk\9.0.302\NuGet.targets" from project "C:\Users\MBEYAZBULUT\Documents\GitHub\EnvanteriX\Presentation\EnvanteriX.WebUI\EnvanteriX.WebUI.csproj" (target "_GenerateProjectRestoreGraph" depends on it):
   1:6>Done building target "_GenerateRestoreDependencies" in project "EnvanteriX.WebUI.csproj".
   1:6>Target "_GenerateProjectRestoreGraph" in file "C:\Program Files\dotnet\sdk\9.0.302\NuGet.targets" from project "C:\Users\MBEYAZBULUT\Documents\GitHub\EnvanteriX\Presentation\EnvanteriX.WebUI\EnvanteriX.WebUI.csproj" (entry point):
   1:6>Done building target "_GenerateProjectRestoreGraph" in project "EnvanteriX.WebUI.csproj".
   1:6>Done Building Project "C:\Users\MBEYAZBULUT\Documents\GitHub\EnvanteriX\Presentation\EnvanteriX.WebUI\EnvanteriX.WebUI.csproj" (_GenerateProjectRestoreGraph target(s)).
     1>Done executing task "MSBuild".
     1>Done building target "_GenerateRestoreGraph" in project "EnvanteriX.WebUI.csproj".
       Target "_CheckForUnsupportedTargetFramework" skipped, due to false condition; ('$(_UnsupportedTargetFrameworkError)' == 'true') was evaluated as ('' == 'true').
     1>Target "_CollectTargetFrameworkForTelemetry" in file "C:\Program Files\dotnet\sdk\9.0.302\Sdks\Microsoft.NET.Sdk\targets\Microsoft.NET.TargetFrameworkInference.targets" from project "C:\Users\MBEYAZBULUT\Documents\GitHub\EnvanteriX\Presentation\EnvanteriX.WebUI\EnvanteriX.WebUI.csproj" (target "Restore" depends on it):
       Using "AllowEmptyTelemetry" task from assembly "C:\Program Files\dotnet\sdk\9.0.302\Sdks\Microsoft.NET.Sdk\targets\..\tools\net9.0\Microsoft.NET.Build.Tasks.dll".
       Task "AllowEmptyTelemetry"
       Done executing task "AllowEmptyTelemetry".
     1>Done building target "_CollectTargetFrameworkForTelemetry" in project "EnvanteriX.WebUI.csproj".
     1>Target "_CheckForUnsupportedNETCoreVersion" in file "C:\Program Files\dotnet\sdk\9.0.302\Sdks\Microsoft.NET.Sdk\targets\Microsoft.NET.TargetFrameworkInference.targets" from project "C:\Users\MBEYAZBULUT\Documents\GitHub\EnvanteriX\Presentation\EnvanteriX.WebUI\EnvanteriX.WebUI.csproj" (target "Restore" depends on it):
       Task "NETSdkError" skipped, due to false condition; ('$(_TargetFrameworkVersionWithoutV)' > '$(NETCoreAppMaximumVersion)' and '$(DisplayVSMessage)' != 'true') was evaluated as ('9.0' > '9.0' and '' != 'true').
       Task "NETSdkError" skipped, due to false condition; ('$(DisplayVSMessage)' == 'true') was evaluated as ('' == 'true').
     1>Done building target "_CheckForUnsupportedNETCoreVersion" in project "EnvanteriX.WebUI.csproj".
       Target "_CheckForEolTargetFrameworks" skipped, due to false condition; ('@(_EolNetCoreTargetFrameworkVersions->AnyHaveMetadataValue('Identity', '$(_TargetFrameworkVersionWithoutV)'))' and '$(TargetFrameworkIdentifier)' == '.NETCoreApp' and '$(CheckEolTargetFramework)' == 'true') was evaluated as ('false' and '.NETCoreApp' == '.NETCoreApp' and 'true' == 'true').
       Target "_CheckForEolWorkloads" skipped, due to false condition; ('@(EolWorkload)' != '' and '$(CheckEolWorkloads)' == 'true') was evaluated as ('' != '' and 'true' == 'true').
       Target "_CheckForNotRecommendedNETStandardVersion" skipped, due to false condition; ('$(TargetFrameworkIdentifier)' == '.NETStandard' and $([MSBuild]::VersionLessThan($(TargetFrameworkVersion), '2.0'))) was evaluated as ('.NETCoreApp' == '.NETStandard' and False).
     1>Target "_CheckForUnsupportedCppNETCoreVersion" in file "C:\Program Files\dotnet\sdk\9.0.302\Sdks\Microsoft.NET.Sdk\targets\Microsoft.NET.TargetFrameworkInference.targets" from project "C:\Users\MBEYAZBULUT\Documents\GitHub\EnvanteriX\Presentation\EnvanteriX.WebUI\EnvanteriX.WebUI.csproj" (target "Restore" depends on it):
       Task "NETSdkError" skipped, due to false condition; ('$(TargetFrameworkIdentifier)' == '.NETCoreApp' and '$(_TargetFrameworkVersionWithoutV)' < '3.1' and ('$(Language)' == 'C++' and '$(_EnablePackageReferencesInVCProjects)' != 'true')) was evaluated as ('.NETCoreApp' == '.NETCoreApp' and '9.0' < '3.1' and ('C#' == 'C++' and '' != 'true')).
     1>Done building target "_CheckForUnsupportedCppNETCoreVersion" in project "EnvanteriX.WebUI.csproj".
       Target "_CheckForUnsupportedNETStandardVersion" skipped, due to false condition; ('$(TargetFrameworkIdentifier)' == '.NETStandard' And '$(NETStandardMaximumVersion)' != '') was evaluated as ('.NETCoreApp' == '.NETStandard' And '' != '').
       Target "_CheckForUnsupportedTargetFrameworkAndFeatureCombination" skipped, due to false condition; ('$(TargetFrameworkIdentifier)' == '.NETFramework') was evaluated as ('.NETCoreApp' == '.NETFramework').
     1>Target "Restore" in file "C:\Program Files\dotnet\sdk\9.0.302\NuGet.targets" from project "C:\Users\MBEYAZBULUT\Documents\GitHub\EnvanteriX\Presentation\EnvanteriX.WebUI\EnvanteriX.WebUI.csproj" (entry point):
       Task "RemoveDuplicates"
       Done executing task "RemoveDuplicates".
       Using "RestoreTask" task from assembly "C:\Program Files\dotnet\sdk\9.0.302\NuGet.Build.Tasks.dll".
       Task "RestoreTask"
         Assembly loaded during TaskRun (NuGet.Build.Tasks.RestoreTask): NuGet.Packaging, Version=6.14.0.116, Culture=neutral, PublicKeyToken=31bf3856ad364e35 (location: C:\Program Files\dotnet\sdk\9.0.302\NuGet.Packaging.dll, MVID: cdc50a13-9777-4bbf-997e-763beae18a61, AssemblyLoadContext: MSBuild plugin C:\Program Files\dotnet\sdk\9.0.302\NuGet.Build.Tasks.dll)
         Assembly loaded during TaskRun (NuGet.Build.Tasks.RestoreTask): NuGet.LibraryModel, Version=6.14.0.116, Culture=neutral, PublicKeyToken=31bf3856ad364e35 (location: C:\Program Files\dotnet\sdk\9.0.302\NuGet.LibraryModel.dll, MVID: e00b38b3-9e45-44a2-8023-8c8ae09208b7, AssemblyLoadContext: MSBuild plugin C:\Program Files\dotnet\sdk\9.0.302\NuGet.Build.Tasks.dll)
         Assembly loaded during TaskRun (NuGet.Build.Tasks.RestoreTask): NuGet.Versioning, Version=6.14.0.116, Culture=neutral, PublicKeyToken=31bf3856ad364e35 (location: C:\Program Files\dotnet\sdk\9.0.302\NuGet.Versioning.dll, MVID: ecae64d3-0ef8-4164-9110-1e65ba08bca4, AssemblyLoadContext: MSBuild plugin C:\Program Files\dotnet\sdk\9.0.302\NuGet.Build.Tasks.dll)
         Assembly loaded during TaskRun (NuGet.Build.Tasks.RestoreTask): NuGet.Frameworks, Version=6.14.0.116, Culture=neutral, PublicKeyToken=31bf3856ad364e35 (location: C:\Program Files\dotnet\sdk\9.0.302\NuGet.Frameworks.dll, MVID: 6b5909cd-5145-46c4-9595-25461e82c126, AssemblyLoadContext: MSBuild plugin C:\Program Files\dotnet\sdk\9.0.302\NuGet.Build.Tasks.dll)
         Assembly loaded during TaskRun (NuGet.Build.Tasks.RestoreTask): System.Buffers, Version=9.0.0.0, Culture=neutral, PublicKeyToken=cc7b13ffcd2ddd51 (location: C:\Program Files\dotnet\shared\Microsoft.NETCore.App\9.0.7\System.Buffers.dll, MVID: 75218568-4740-4dea-a12e-341922b87ddf, AssemblyLoadContext: Default)
         Assembly loaded during TaskRun (NuGet.Build.Tasks.RestoreTask): NuGet.Protocol, Version=6.14.0.116, Culture=neutral, PublicKeyToken=31bf3856ad364e35 (location: C:\Program Files\dotnet\sdk\9.0.302\NuGet.Protocol.dll, MVID: f8777b05-1686-441b-9cec-a9710c5aa900, AssemblyLoadContext: MSBuild plugin C:\Program Files\dotnet\sdk\9.0.302\NuGet.Build.Tasks.dll)
         Assembly loaded during TaskRun (NuGet.Build.Tasks.RestoreTask): NuGet.Credentials, Version=6.14.0.116, Culture=neutral, PublicKeyToken=31bf3856ad364e35 (location: C:\Program Files\dotnet\sdk\9.0.302\NuGet.Credentials.dll, MVID: bd6612c0-8432-48ef-9aa9-96a29d2c500a, AssemblyLoadContext: MSBuild plugin C:\Program Files\dotnet\sdk\9.0.302\NuGet.Build.Tasks.dll)
         X.509 certificate chain validation will use the default trust store selected by .NET for code signing.
         X.509 certificate chain validation will use the default trust store selected by .NET for timestamping.
         Assembly loaded during TaskRun (NuGet.Build.Tasks.RestoreTask): NuGet.DependencyResolver.Core, Version=6.14.0.116, Culture=neutral, PublicKeyToken=31bf3856ad364e35 (location: C:\Program Files\dotnet\sdk\9.0.302\NuGet.DependencyResolver.Core.dll, MVID: 6b197cc7-1c4a-4e48-895c-328987fdea28, AssemblyLoadContext: MSBuild plugin C:\Program Files\dotnet\sdk\9.0.302\NuGet.Build.Tasks.dll)
         Running restore with 8 concurrent jobs.
         Reading project file C:\Users\MBEYAZBULUT\Documents\GitHub\EnvanteriX\Presentation\EnvanteriX.WebUI\EnvanteriX.WebUI.csproj.
         Assembly loaded during TaskRun (NuGet.Build.Tasks.RestoreTask): Newtonsoft.Json, Version=13.0.0.0, Culture=neutral, PublicKeyToken=30ad4fe6b2a6aeed (location: C:\Program Files\dotnet\sdk\9.0.302\Newtonsoft.Json.dll, MVID: 7e62198b-eab2-4380-bbac-29171862d1d8, AssemblyLoadContext: MSBuild plugin C:\Program Files\dotnet\sdk\9.0.302\NuGet.Build.Tasks.dll)
         Assembly loaded during TaskRun (NuGet.Build.Tasks.RestoreTask): System.Runtime.Serialization.Primitives, Version=9.0.0.0, Culture=neutral, PublicKeyToken=b03f5f7f11d50a3a (location: C:\Program Files\dotnet\shared\Microsoft.NETCore.App\9.0.7\System.Runtime.Serialization.Primitives.dll, MVID: 55ab6106-6a46-4e62-a99c-16e7410f07f1, AssemblyLoadContext: Default)
         Assembly loaded during TaskRun (NuGet.Build.Tasks.RestoreTask): System.Runtime.Numerics, Version=9.0.0.0, Culture=neutral, PublicKeyToken=b03f5f7f11d50a3a (location: C:\Program Files\dotnet\shared\Microsoft.NETCore.App\9.0.7\System.Runtime.Numerics.dll, MVID: 5f1f83ee-024d-416c-b8e1-e4eb970d35ee, AssemblyLoadContext: Default)
         Assembly loaded during TaskRun (NuGet.Build.Tasks.RestoreTask): System.Text.Encodings.Web, Version=9.0.0.0, Culture=neutral, PublicKeyToken=cc7b13ffcd2ddd51 (location: C:\Program Files\dotnet\shared\Microsoft.NETCore.App\9.0.7\System.Text.Encodings.Web.dll, MVID: 1414a2fe-4288-4350-97f4-f96dcc9a21db, AssemblyLoadContext: Default)
         Assembly loaded during TaskRun (NuGet.Build.Tasks.RestoreTask): System.Reflection.Emit.Lightweight, Version=9.0.0.0, Culture=neutral, PublicKeyToken=b03f5f7f11d50a3a (location: C:\Program Files\dotnet\shared\Microsoft.NETCore.App\9.0.7\System.Reflection.Emit.Lightweight.dll, MVID: 0e95ea75-a53f-4915-8c97-885c5efa7426, AssemblyLoadContext: Default)
         Assembly loaded during TaskRun (NuGet.Build.Tasks.RestoreTask): System.Reflection.Primitives, Version=9.0.0.0, Culture=neutral, PublicKeyToken=b03f5f7f11d50a3a (location: C:\Program Files\dotnet\shared\Microsoft.NETCore.App\9.0.7\System.Reflection.Primitives.dll, MVID: aa25e39b-c808-4e9e-a99e-8f095e23ef8c, AssemblyLoadContext: Default)
         Assembly loaded during TaskRun (NuGet.Build.Tasks.RestoreTask): System.Reflection.Emit.ILGeneration, Version=9.0.0.0, Culture=neutral, PublicKeyToken=b03f5f7f11d50a3a (location: C:\Program Files\dotnet\shared\Microsoft.NETCore.App\9.0.7\System.Reflection.Emit.ILGeneration.dll, MVID: 2ee6a906-8e62-46f6-828a-5ea6fe641973, AssemblyLoadContext: Default)
         The restore inputs for 'EnvanteriX.WebUI' have not changed. No further actions are required to complete the restore.
         Committing restore...
         Assets file has not changed. Skipping assets file writing. Path: C:\Users\MBEYAZBULUT\Documents\GitHub\EnvanteriX\Presentation\EnvanteriX.WebUI\obj\project.assets.json
         No-Op restore. The cache will not be updated. Path: C:\Users\MBEYAZBULUT\Documents\GitHub\EnvanteriX\Presentation\EnvanteriX.WebUI\obj\project.nuget.cache
         Restored C:\Users\MBEYAZBULUT\Documents\GitHub\EnvanteriX\Presentation\EnvanteriX.WebUI\EnvanteriX.WebUI.csproj (in 194 ms).
         
         NuGet Config files used:
             C:\Users\MBEYAZBULUT\AppData\Roaming\NuGet\NuGet.Config
             C:\Program Files (x86)\NuGet\Config\DevExpress 21.2.config
             C:\Program Files (x86)\NuGet\Config\Microsoft.VisualStudio.FallbackLocation.config
             C:\Program Files (x86)\NuGet\Config\Microsoft.VisualStudio.Offline.config
             C:\Program Files (x86)\NuGet\Config\Xamarin.Offline.config
         
         Feeds used:
             https://api.nuget.org/v3/index.json
             C:\Program Files (x86)\DevExpress 21.2\Components\System\Components\Packages
             C:\Program Files (x86)\Microsoft SDKs\NuGetPackages\
             C:\Program Files\dotnet\library-packs
         All projects are up-to-date for restore.
       Done executing task "RestoreTask".
     1>Done building target "Restore" in project "EnvanteriX.WebUI.csproj".
     1>Done Building Project "C:\Users\MBEYAZBULUT\Documents\GitHub\EnvanteriX\Presentation\EnvanteriX.WebUI\EnvanteriX.WebUI.csproj" (Restore target(s)).
     0>The SDK "Microsoft.NET.Sdk.Web" was successfully resolved by the "DefaultSdkResolver" resolver to location "C:\Program Files\dotnet\sdk\9.0.302\Sdks\Microsoft.NET.Sdk.Web\Sdk" and version "".
       The SDK "Microsoft.NET.Sdk" was successfully resolved by the "DefaultSdkResolver" resolver to location "C:\Program Files\dotnet\sdk\9.0.302\Sdks\Microsoft.NET.Sdk\Sdk" and version "".
       C:\Program Files\dotnet\sdk\9.0.302\Sdks\Microsoft.NET.Sdk\Sdk\Sdk.props(49,11): message : Property 'MSBuildExtensionsPath' with value 'C:\Program Files\dotnet\sdk\9.0.302\' expanded from the environment.
       C:\Program Files\dotnet\sdk\9.0.302\Current\Microsoft.Common.props(60,5): message : Property reassignment: $(MSBuildProjectExtensionsPath)="C:\Users\MBEYAZBULUT\Documents\GitHub\EnvanteriX\Presentation\EnvanteriX.WebUI\obj\" (previous value: "obj\") at C:\Program Files\dotnet\sdk\9.0.302\Current\Microsoft.Common.props (60,5)
       C:\Users\MBEYAZBULUT\Documents\GitHub\EnvanteriX\Presentation\EnvanteriX.WebUI\obj\EnvanteriX.WebUI.csproj.nuget.g.props(7,5): message : Property 'USERPROFILE' with value 'C:\Users\MBEYAZBULUT' expanded from the environment.
       C:\Program Files\dotnet\sdk\9.0.302\Current\Microsoft.Common.props(84,119): message : Property 'MSBuildUserExtensionsPath' with value 'C:\Users\MBEYAZBULUT\AppData\Local\Microsoft\MSBuild' expanded from the environment.
       C:\Program Files\dotnet\sdk\9.0.302\Sdks\Microsoft.NET.Sdk\targets\Microsoft.NET.Sdk.props(90,5): message : Property reassignment: $(AssemblySearchPaths)="{CandidateAssemblyFiles};{HintPathFromItem}" (previous value: "{CandidateAssemblyFiles}") at C:\Program Files\dotnet\sdk\9.0.302\Sdks\Microsoft.NET.Sdk\targets\Microsoft.NET.Sdk.props (90,5)
       C:\Program Files\dotnet\sdk\9.0.302\Sdks\Microsoft.NET.Sdk\targets\Microsoft.NET.Sdk.props(91,5): message : Property reassignment: $(AssemblySearchPaths)="{CandidateAssemblyFiles};{HintPathFromItem};{TargetFrameworkDirectory}" (previous value: "{CandidateAssemblyFiles};{HintPathFromItem}") at C:\Program Files\dotnet\sdk\9.0.302\Sdks\Microsoft.NET.Sdk\targets\Microsoft.NET.Sdk.props (91,5)
       C:\Program Files\dotnet\sdk\9.0.302\Sdks\Microsoft.NET.Sdk\targets\Microsoft.NET.Sdk.props(92,5): message : Property reassignment: $(AssemblySearchPaths)="{CandidateAssemblyFiles};{HintPathFromItem};{TargetFrameworkDirectory};{RawFileName}" (previous value: "{CandidateAssemblyFiles};{HintPathFromItem};{TargetFrameworkDirectory}") at C:\Program Files\dotnet\sdk\9.0.302\Sdks\Microsoft.NET.Sdk\targets\Microsoft.NET.Sdk.props (92,5)
       The "DefaultSdkResolver" resolver attempted to resolve the SDK "Microsoft.NET.SDK.WorkloadAutoImportPropsLocator".
       Warnings: null
       Errors: MSB4276: The default SDK resolver failed to resolve SDK "Microsoft.NET.SDK.WorkloadAutoImportPropsLocator" because directory "C:\Program Files\dotnet\sdk\9.0.302\Sdks\Microsoft.NET.SDK.WorkloadAutoImportPropsLocator\Sdk" did not exist.
       The SDK "Microsoft.NET.SDK.WorkloadAutoImportPropsLocator" was successfully resolved by the "Microsoft.DotNet.MSBuildWorkloadSdkResolver" resolver to location "C:\Program Files\dotnet\packs\Microsoft.Android.Sdk.Windows\35.0.105\Sdk" and version "null".
       C:\Program Files\dotnet\sdk\9.0.302\Sdks\Microsoft.NET.Sdk\targets\Microsoft.NET.PackProjectTool.props(15,5): message : Property reassignment: $(TargetsForTfmSpecificContentInPackage)=";PackTool;_PackProjectToolValidation" (previous value: ";PackTool") at C:\Program Files\dotnet\sdk\9.0.302\Sdks\Microsoft.NET.Sdk\targets\Microsoft.NET.PackProjectTool.props (15,5)
       The SDK "Microsoft.NET.Sdk.Razor" was successfully resolved by the "DefaultSdkResolver" resolver to location "C:\Program Files\dotnet\sdk\9.0.302\Sdks\Microsoft.NET.Sdk.Razor\Sdk" and version "".
       The SDK "Microsoft.NET.Sdk.StaticWebAssets" was successfully resolved by the "DefaultSdkResolver" resolver to location "C:\Program Files\dotnet\sdk\9.0.302\Sdks\Microsoft.NET.Sdk.StaticWebAssets\Sdk" and version "".
       C:\Program Files\dotnet\sdk\9.0.302\Sdks\Microsoft.NET.Sdk.StaticWebAssets\Sdk\Sdk.StaticWebAssets.StaticAssets.ProjectSystem.props(23,5): message : Property reassignment: $(DefaultItemExcludes)=";**\node_modules\**;node_modules\**;**\jspm_packages\**;jspm_packages\**" (previous value: ";**\node_modules\**;node_modules\**") at C:\Program Files\dotnet\sdk\9.0.302\Sdks\Microsoft.NET.Sdk.StaticWebAssets\Sdk\Sdk.StaticWebAssets.StaticAssets.ProjectSystem.props (23,5)
       C:\Program Files\dotnet\sdk\9.0.302\Sdks\Microsoft.NET.Sdk.StaticWebAssets\Sdk\Sdk.StaticWebAssets.StaticAssets.ProjectSystem.props(24,5): message : Property reassignment: $(DefaultItemExcludes)=";**\node_modules\**;node_modules\**;**\jspm_packages\**;jspm_packages\**;**\bower_components\**;bower_components\**" (previous value: ";**\node_modules\**;node_modules\**;**\jspm_packages\**;jspm_packages\**") at C:\Program Files\dotnet\sdk\9.0.302\Sdks\Microsoft.NET.Sdk.StaticWebAssets\Sdk\Sdk.StaticWebAssets.StaticAssets.ProjectSystem.props (24,5)
       C:\Program Files\dotnet\sdk\9.0.302\Sdks\Microsoft.NET.Sdk.StaticWebAssets\Sdk\Sdk.StaticWebAssets.StaticAssets.ProjectSystem.props(25,5): message : Property reassignment: $(DefaultItemExcludes)=";**\node_modules\**;node_modules\**;**\jspm_packages\**;jspm_packages\**;**\bower_components\**;bower_components\**;**\packages.lock.json" (previous value: ";**\node_modules\**;node_modules\**;**\jspm_packages\**;jspm_packages\**;**\bower_components\**;bower_components\**") at C:\Program Files\dotnet\sdk\9.0.302\Sdks\Microsoft.NET.Sdk.StaticWebAssets\Sdk\Sdk.StaticWebAssets.StaticAssets.ProjectSystem.props (25,5)
       The SDK "Microsoft.NET.Sdk.Web.ProjectSystem" was successfully resolved by the "DefaultSdkResolver" resolver to location "C:\Program Files\dotnet\sdk\9.0.302\Sdks\Microsoft.NET.Sdk.Web.ProjectSystem\Sdk" and version "".
       C:\Program Files\dotnet\sdk\9.0.302\Sdks\Microsoft.NET.Sdk.Web.ProjectSystem\targets\Microsoft.NET.Sdk.Web.ProjectSystem.props(16,5): message : Property reassignment: $(OutputType)="Exe" (previous value: "Library") at C:\Program Files\dotnet\sdk\9.0.302\Sdks\Microsoft.NET.Sdk.Web.ProjectSystem\targets\Microsoft.NET.Sdk.Web.ProjectSystem.props (16,5)
       The SDK "Microsoft.NET.Sdk.Publish" was successfully resolved by the "DefaultSdkResolver" resolver to location "C:\Program Files\dotnet\sdk\9.0.302\Sdks\Microsoft.NET.Sdk.Publish\Sdk" and version "".
       C:\Program Files\dotnet\sdk\9.0.302\Sdks\Microsoft.NET.Sdk\targets\Microsoft.NET.Sdk.ImportPublishProfile.targets(28,5): message : Property reassignment: $(PublishProfileImported)="false" (previous value: "true") at C:\Program Files\dotnet\sdk\9.0.302\Sdks\Microsoft.NET.Sdk\targets\Microsoft.NET.Sdk.ImportPublishProfile.targets (28,5)
       C:\Program Files\dotnet\sdk\9.0.302\Sdks\Microsoft.NET.Sdk\targets\Microsoft.NET.TargetFrameworkInference.targets(69,5): message : Property reassignment: $(TargetPlatformVersion)="" (previous value: "0.0") at C:\Program Files\dotnet\sdk\9.0.302\Sdks\Microsoft.NET.Sdk\targets\Microsoft.NET.TargetFrameworkInference.targets (69,5)
       C:\Program Files\dotnet\sdk\9.0.302\Sdks\Microsoft.NET.Sdk\targets\Microsoft.NET.DefaultOutputPaths.targets(121,5): message : Property reassignment: $(DefaultItemExcludes)=";**\node_modules\**;node_modules\**;**\jspm_packages\**;jspm_packages\**;**\bower_components\**;bower_components\**;**\packages.lock.json;bin\Debug\/**" (previous value: ";**\node_modules\**;node_modules\**;**\jspm_packages\**;jspm_packages\**;**\bower_components\**;bower_components\**;**\packages.lock.json") at C:\Program Files\dotnet\sdk\9.0.302\Sdks\Microsoft.NET.Sdk\targets\Microsoft.NET.DefaultOutputPaths.targets (121,5)
       C:\Program Files\dotnet\sdk\9.0.302\Sdks\Microsoft.NET.Sdk\targets\Microsoft.NET.DefaultOutputPaths.targets(122,5): message : Property reassignment: $(DefaultItemExcludes)=";**\node_modules\**;node_modules\**;**\jspm_packages\**;jspm_packages\**;**\bower_components\**;bower_components\**;**\packages.lock.json;bin\Debug\/**;obj\Debug\/**" (previous value: ";**\node_modules\**;node_modules\**;**\jspm_packages\**;jspm_packages\**;**\bower_components\**;bower_components\**;**\packages.lock.json;bin\Debug\/**") at C:\Program Files\dotnet\sdk\9.0.302\Sdks\Microsoft.NET.Sdk\targets\Microsoft.NET.DefaultOutputPaths.targets (122,5)
       C:\Program Files\dotnet\sdk\9.0.302\Sdks\Microsoft.NET.Sdk\targets\Microsoft.NET.DefaultOutputPaths.targets(137,5): message : Property reassignment: $(OutputPath)="bin\Debug\net9.0\" (previous value: "bin\Debug\") at C:\Program Files\dotnet\sdk\9.0.302\Sdks\Microsoft.NET.Sdk\targets\Microsoft.NET.DefaultOutputPaths.targets (137,5)
       C:\Program Files\dotnet\sdk\9.0.302\Sdks\Microsoft.NET.Sdk\targets\Microsoft.NET.DefaultOutputPaths.targets(142,5): message : Property reassignment: $(IntermediateOutputPath)="obj\Debug\net9.0\" (previous value: "obj\Debug\") at C:\Program Files\dotnet\sdk\9.0.302\Sdks\Microsoft.NET.Sdk\targets\Microsoft.NET.DefaultOutputPaths.targets (142,5)
       The "DefaultSdkResolver" resolver attempted to resolve the SDK "Microsoft.NET.SDK.WorkloadManifestTargetsLocator".
       Warnings: null
       Errors: MSB4276: The default SDK resolver failed to resolve SDK "Microsoft.NET.SDK.WorkloadManifestTargetsLocator" because directory "C:\Program Files\dotnet\sdk\9.0.302\Sdks\Microsoft.NET.SDK.WorkloadManifestTargetsLocator\Sdk" did not exist.
       The SDK "Microsoft.NET.SDK.WorkloadManifestTargetsLocator" was successfully resolved by the "Microsoft.DotNet.MSBuildWorkloadSdkResolver" resolver to location "C:\Program Files\dotnet\sdk-manifests\9.0.100\microsoft.net.sdk.android\35.0.105" and version "null".
       C:\Program Files\dotnet\sdk\9.0.302\Sdks\Microsoft.NET.Sdk\targets\Microsoft.NET.Sdk.BeforeCommon.targets(187,5): message : Property reassignment: $(_FrameworkIdentifierForImplicitDefine)="NET" (previous value: "NETCOREAPP") at C:\Program Files\dotnet\sdk\9.0.302\Sdks\Microsoft.NET.Sdk\targets\Microsoft.NET.Sdk.BeforeCommon.targets (187,5)
       C:\Program Files\dotnet\sdk\9.0.302\Sdks\Microsoft.NET.Sdk\targets\Microsoft.NET.Sdk.BeforeCommon.targets(192,5): message : Property reassignment: $(_FrameworkVersionForImplicitDefine)="9_0" (previous value: "9.0") at C:\Program Files\dotnet\sdk\9.0.302\Sdks\Microsoft.NET.Sdk\targets\Microsoft.NET.Sdk.BeforeCommon.targets (192,5)
       C:\Program Files\dotnet\sdk\9.0.302\Roslyn\Microsoft.CSharp.Core.targets(200,5): message : Property reassignment: $(CommandLineArgsForDesignTimeEvaluation)="-langversion:13.0 -define:TRACE" (previous value: "-langversion:13.0") at C:\Program Files\dotnet\sdk\9.0.302\Roslyn\Microsoft.CSharp.Core.targets (200,5)
       C:\Program Files\dotnet\sdk\9.0.302\Microsoft.Common.CurrentVersion.targets(175,5): message : Property reassignment: $(_DebugSymbolsProduced)="true" (previous value: "false") at C:\Program Files\dotnet\sdk\9.0.302\Microsoft.Common.CurrentVersion.targets (175,5)
       C:\Program Files\dotnet\sdk\9.0.302\Microsoft.Common.CurrentVersion.targets(185,5): message : Property reassignment: $(_DocumentationFileProduced)="false" (previous value: "true") at C:\Program Files\dotnet\sdk\9.0.302\Microsoft.Common.CurrentVersion.targets (185,5)
       C:\Program Files\dotnet\sdk\9.0.302\Microsoft.Common.CurrentVersion.targets(392,5): message : Property reassignment: $(MSBuildCopyMarkerName)="Envanter.E28C732A" (previous value: "EnvanteriX.WebUI.csproj") at C:\Program Files\dotnet\sdk\9.0.302\Microsoft.Common.CurrentVersion.targets (392,5)
       C:\Program Files\dotnet\sdk\9.0.302\Microsoft.Common.CurrentVersion.targets(393,5): message : Property reassignment: $(MSBuildCopyMarkerName)="Envanter.E28C732A.Up2Date" (previous value: "Envanter.E28C732A") at C:\Program Files\dotnet\sdk\9.0.302\Microsoft.Common.CurrentVersion.targets (393,5)
       C:\Program Files\dotnet\sdk\9.0.302\Microsoft.Common.CurrentVersion.targets(541,5): message : Property reassignment: $(ProcessorArchitecture)="msil" (previous value: "") at C:\Program Files\dotnet\sdk\9.0.302\Microsoft.Common.CurrentVersion.targets (541,5)
       C:\Program Files\dotnet\sdk\9.0.302\Microsoft.Common.CurrentVersion.targets(580,5): message : Property reassignment: $(DelaySign)="" (previous value: "false") at C:\Program Files\dotnet\sdk\9.0.302\Microsoft.Common.CurrentVersion.targets (580,5)
       C:\Program Files\dotnet\sdk\9.0.302\Microsoft.Common.CurrentVersion.targets(1188,5): message : Property reassignment: $(PrepareForBuildDependsOn)="BundleMinify;;GetFrameworkPaths;GetReferenceAssemblyPaths;AssignLinkMetadata" (previous value: "BundleMinify;") at C:\Program Files\dotnet\sdk\9.0.302\Microsoft.Common.CurrentVersion.targets (1188,5)
       C:\Program Files\dotnet\sdk\9.0.302\Microsoft.Common.CurrentVersion.targets(2620,5): message : Property 'LOCALAPPDATA' with value 'C:\Users\MBEYAZBULUT\AppData\Local' expanded from the environment.
       C:\Program Files\dotnet\sdk\9.0.302\Microsoft.Common.CurrentVersion.targets(3948,5): message : Property reassignment: $(_SGenGenerateSerializationAssembliesConfig)="Auto" (previous value: "") at C:\Program Files\dotnet\sdk\9.0.302\Microsoft.Common.CurrentVersion.targets (3948,5)
       C:\Program Files\dotnet\sdk\9.0.302\Microsoft.Common.CurrentVersion.targets(3949,5): message : Property reassignment: $(_SGenGenerateSerializationAssembliesConfig)="Off" (previous value: "Auto") at C:\Program Files\dotnet\sdk\9.0.302\Microsoft.Common.CurrentVersion.targets (3949,5)
       C:\Program Files\dotnet\sdk\9.0.302\Microsoft.Common.CurrentVersion.targets(5160,5): message : Property reassignment: $(_TargetsThatPrepareProjectReferences)="
       C:\Program Files\dotnet\sdk\9.0.302\Microsoft.Common.CurrentVersion.targets(5160,5): message :       AssignProjectConfiguration;
       C:\Program Files\dotnet\sdk\9.0.302\Microsoft.Common.CurrentVersion.targets(5160,5): message :       _SplitProjectReferencesByFileExistence
       C:\Program Files\dotnet\sdk\9.0.302\Microsoft.Common.CurrentVersion.targets(5160,5): message :     " (previous value: "_SplitProjectReferencesByFileExistence") at C:\Program Files\dotnet\sdk\9.0.302\Microsoft.Common.CurrentVersion.targets (5160,5)
       C:\Program Files\dotnet\sdk\9.0.302\Microsoft.Common.CurrentVersion.targets(6955,5): message : Property 'MSBuildExtensionsPath32' with value 'C:\Program Files\dotnet\sdk\9.0.302' expanded from the environment.
       C:\Program Files\dotnet\sdk\9.0.302\Sdks\Microsoft.NET.Sdk\targets\Microsoft.PackageDependencyResolution.targets(29,5): message : Property reassignment: $(ProjectAssetsCacheFile)="C:\Users\MBEYAZBULUT\Documents\GitHub\EnvanteriX\Presentation\EnvanteriX.WebUI\obj\Debug\net9.0\EnvanteriX.WebUI.assets.cache" (previous value: "obj\Debug\net9.0\EnvanteriX.WebUI.assets.cache") at C:\Program Files\dotnet\sdk\9.0.302\Sdks\Microsoft.NET.Sdk\targets\Microsoft.PackageDependencyResolution.targets (29,5)
       C:\Program Files\dotnet\sdk\9.0.302\Sdks\Microsoft.NET.Sdk\targets\Microsoft.PackageDependencyResolution.targets(80,5): message : Property reassignment: $(ResolveAssemblyReferencesDependsOn)="
       C:\Program Files\dotnet\sdk\9.0.302\Sdks\Microsoft.NET.Sdk\targets\Microsoft.PackageDependencyResolution.targets(80,5): message :       
       C:\Program Files\dotnet\sdk\9.0.302\Sdks\Microsoft.NET.Sdk\targets\Microsoft.PackageDependencyResolution.targets(80,5): message :       ResolveProjectReferences;
       C:\Program Files\dotnet\sdk\9.0.302\Sdks\Microsoft.NET.Sdk\targets\Microsoft.PackageDependencyResolution.targets(80,5): message :       FindInvalidProjectReferences;
       C:\Program Files\dotnet\sdk\9.0.302\Sdks\Microsoft.NET.Sdk\targets\Microsoft.PackageDependencyResolution.targets(80,5): message :       GetFrameworkPaths;
       C:\Program Files\dotnet\sdk\9.0.302\Sdks\Microsoft.NET.Sdk\targets\Microsoft.PackageDependencyResolution.targets(80,5): message :       GetReferenceAssemblyPaths;
       C:\Program Files\dotnet\sdk\9.0.302\Sdks\Microsoft.NET.Sdk\targets\Microsoft.PackageDependencyResolution.targets(80,5): message :       PrepareForBuild;
       C:\Program Files\dotnet\sdk\9.0.302\Sdks\Microsoft.NET.Sdk\targets\Microsoft.PackageDependencyResolution.targets(80,5): message :       ResolveSDKReferences;
       C:\Program Files\dotnet\sdk\9.0.302\Sdks\Microsoft.NET.Sdk\targets\Microsoft.PackageDependencyResolution.targets(80,5): message :       ExpandSDKReferences;
       C:\Program Files\dotnet\sdk\9.0.302\Sdks\Microsoft.NET.Sdk\targets\Microsoft.PackageDependencyResolution.targets(80,5): message :     ;
       C:\Program Files\dotnet\sdk\9.0.302\Sdks\Microsoft.NET.Sdk\targets\Microsoft.PackageDependencyResolution.targets(80,5): message :       ResolvePackageDependenciesForBuild;
       C:\Program Files\dotnet\sdk\9.0.302\Sdks\Microsoft.NET.Sdk\targets\Microsoft.PackageDependencyResolution.targets(80,5): message :       _HandlePackageFileConflicts;
       C:\Program Files\dotnet\sdk\9.0.302\Sdks\Microsoft.NET.Sdk\targets\Microsoft.PackageDependencyResolution.targets(80,5): message :     " (previous value: "
       C:\Program Files\dotnet\sdk\9.0.302\Sdks\Microsoft.NET.Sdk\targets\Microsoft.PackageDependencyResolution.targets(80,5): message :       ResolveProjectReferences;
       C:\Program Files\dotnet\sdk\9.0.302\Sdks\Microsoft.NET.Sdk\targets\Microsoft.PackageDependencyResolution.targets(80,5): message :       FindInvalidProjectReferences;
       C:\Program Files\dotnet\sdk\9.0.302\Sdks\Microsoft.NET.Sdk\targets\Microsoft.PackageDependencyResolution.targets(80,5): message :       GetFrameworkPaths;
       C:\Program Files\dotnet\sdk\9.0.302\Sdks\Microsoft.NET.Sdk\targets\Microsoft.PackageDependencyResolution.targets(80,5): message :       GetReferenceAssemblyPaths;
       C:\Program Files\dotnet\sdk\9.0.302\Sdks\Microsoft.NET.Sdk\targets\Microsoft.PackageDependencyResolution.targets(80,5): message :       PrepareForBuild;
       C:\Program Files\dotnet\sdk\9.0.302\Sdks\Microsoft.NET.Sdk\targets\Microsoft.PackageDependencyResolution.targets(80,5): message :       ResolveSDKReferences;
       C:\Program Files\dotnet\sdk\9.0.302\Sdks\Microsoft.NET.Sdk\targets\Microsoft.PackageDependencyResolution.targets(80,5): message :       ExpandSDKReferences;
       C:\Program Files\dotnet\sdk\9.0.302\Sdks\Microsoft.NET.Sdk\targets\Microsoft.PackageDependencyResolution.targets(80,5): message :     ") at C:\Program Files\dotnet\sdk\9.0.302\Sdks\Microsoft.NET.Sdk\targets\Microsoft.PackageDependencyResolution.targets (80,5)
       C:\Program Files\dotnet\sdk\9.0.302\Sdks\Microsoft.NET.Sdk\targets\Microsoft.PackageDependencyResolution.targets(86,5): message : Property reassignment: $(PrepareResourcesDependsOn)="
       C:\Program Files\dotnet\sdk\9.0.302\Sdks\Microsoft.NET.Sdk\targets\Microsoft.PackageDependencyResolution.targets(86,5): message :       ResolvePackageDependenciesForBuild;
       C:\Program Files\dotnet\sdk\9.0.302\Sdks\Microsoft.NET.Sdk\targets\Microsoft.PackageDependencyResolution.targets(86,5): message :       _HandlePackageFileConflicts;
       C:\Program Files\dotnet\sdk\9.0.302\Sdks\Microsoft.NET.Sdk\targets\Microsoft.PackageDependencyResolution.targets(86,5): message :       
       C:\Program Files\dotnet\sdk\9.0.302\Sdks\Microsoft.NET.Sdk\targets\Microsoft.PackageDependencyResolution.targets(86,5): message :       ;
       C:\Program Files\dotnet\sdk\9.0.302\Sdks\Microsoft.NET.Sdk\targets\Microsoft.PackageDependencyResolution.targets(86,5): message :       PrepareResourceNames;
       C:\Program Files\dotnet\sdk\9.0.302\Sdks\Microsoft.NET.Sdk\targets\Microsoft.PackageDependencyResolution.targets(86,5): message :       ResGen;
       C:\Program Files\dotnet\sdk\9.0.302\Sdks\Microsoft.NET.Sdk\targets\Microsoft.PackageDependencyResolution.targets(86,5): message :       CompileLicxFiles
       C:\Program Files\dotnet\sdk\9.0.302\Sdks\Microsoft.NET.Sdk\targets\Microsoft.PackageDependencyResolution.targets(86,5): message :     
       C:\Program Files\dotnet\sdk\9.0.302\Sdks\Microsoft.NET.Sdk\targets\Microsoft.PackageDependencyResolution.targets(86,5): message :     " (previous value: "
       C:\Program Files\dotnet\sdk\9.0.302\Sdks\Microsoft.NET.Sdk\targets\Microsoft.PackageDependencyResolution.targets(86,5): message :       ;
       C:\Program Files\dotnet\sdk\9.0.302\Sdks\Microsoft.NET.Sdk\targets\Microsoft.PackageDependencyResolution.targets(86,5): message :       PrepareResourceNames;
       C:\Program Files\dotnet\sdk\9.0.302\Sdks\Microsoft.NET.Sdk\targets\Microsoft.PackageDependencyResolution.targets(86,5): message :       ResGen;
       C:\Program Files\dotnet\sdk\9.0.302\Sdks\Microsoft.NET.Sdk\targets\Microsoft.PackageDependencyResolution.targets(86,5): message :       CompileLicxFiles
       C:\Program Files\dotnet\sdk\9.0.302\Sdks\Microsoft.NET.Sdk\targets\Microsoft.PackageDependencyResolution.targets(86,5): message :     ") at C:\Program Files\dotnet\sdk\9.0.302\Sdks\Microsoft.NET.Sdk\targets\Microsoft.PackageDependencyResolution.targets (86,5)
       C:\Program Files\dotnet\sdk\9.0.302\Sdks\Microsoft.NET.Sdk\targets\Microsoft.NET.Sdk.DefaultItems.targets(27,5): message : Property reassignment: $(DefaultItemExcludes)=";**\node_modules\**;node_modules\**;**\jspm_packages\**;jspm_packages\**;**\bower_components\**;bower_components\**;**\packages.lock.json;bin\Debug\/**;obj\Debug\/**;bin\/**" (previous value: ";**\node_modules\**;node_modules\**;**\jspm_packages\**;jspm_packages\**;**\bower_components\**;bower_components\**;**\packages.lock.json;bin\Debug\/**;obj\Debug\/**") at C:\Program Files\dotnet\sdk\9.0.302\Sdks\Microsoft.NET.Sdk\targets\Microsoft.NET.Sdk.DefaultItems.targets (27,5)
       C:\Program Files\dotnet\sdk\9.0.302\Sdks\Microsoft.NET.Sdk\targets\Microsoft.NET.Sdk.DefaultItems.targets(29,5): message : Property reassignment: $(DefaultItemExcludes)=";**\node_modules\**;node_modules\**;**\jspm_packages\**;jspm_packages\**;**\bower_components\**;bower_components\**;**\packages.lock.json;bin\Debug\/**;obj\Debug\/**;bin\/**;obj\/**" (previous value: ";**\node_modules\**;node_modules\**;**\jspm_packages\**;jspm_packages\**;**\bower_components\**;bower_components\**;**\packages.lock.json;bin\Debug\/**;obj\Debug\/**;bin\/**") at C:\Program Files\dotnet\sdk\9.0.302\Sdks\Microsoft.NET.Sdk\targets\Microsoft.NET.Sdk.DefaultItems.targets (29,5)
       C:\Program Files\dotnet\sdk\9.0.302\Sdks\Microsoft.NET.Sdk\targets\Microsoft.NET.Sdk.DefaultItems.targets(32,5): message : Property reassignment: $(DefaultItemExcludes)=";**\node_modules\**;node_modules\**;**\jspm_packages\**;jspm_packages\**;**\bower_components\**;bower_components\**;**\packages.lock.json;bin\Debug\/**;obj\Debug\/**;bin\/**;obj\/**;**/*.user" (previous value: ";**\node_modules\**;node_modules\**;**\jspm_packages\**;jspm_packages\**;**\bower_components\**;bower_components\**;**\packages.lock.json;bin\Debug\/**;obj\Debug\/**;bin\/**;obj\/**") at C:\Program Files\dotnet\sdk\9.0.302\Sdks\Microsoft.NET.Sdk\targets\Microsoft.NET.Sdk.DefaultItems.targets (32,5)
       C:\Program Files\dotnet\sdk\9.0.302\Sdks\Microsoft.NET.Sdk\targets\Microsoft.NET.Sdk.DefaultItems.targets(33,5): message : Property reassignment: $(DefaultItemExcludes)=";**\node_modules\**;node_modules\**;**\jspm_packages\**;jspm_packages\**;**\bower_components\**;bower_components\**;**\packages.lock.json;bin\Debug\/**;obj\Debug\/**;bin\/**;obj\/**;**/*.user;**/*.*proj" (previous value: ";**\node_modules\**;node_modules\**;**\jspm_packages\**;jspm_packages\**;**\bower_components\**;bower_components\**;**\packages.lock.json;bin\Debug\/**;obj\Debug\/**;bin\/**;obj\/**;**/*.user") at C:\Program Files\dotnet\sdk\9.0.302\Sdks\Microsoft.NET.Sdk\targets\Microsoft.NET.Sdk.DefaultItems.targets (33,5)
       C:\Program Files\dotnet\sdk\9.0.302\Sdks\Microsoft.NET.Sdk\targets\Microsoft.NET.Sdk.DefaultItems.targets(34,5): message : Property reassignment: $(DefaultItemExcludes)=";**\node_modules\**;node_modules\**;**\jspm_packages\**;jspm_packages\**;**\bower_components\**;bower_components\**;**\packages.lock.json;bin\Debug\/**;obj\Debug\/**;bin\/**;obj\/**;**/*.user;**/*.*proj;**/*.sln" (previous value: ";**\node_modules\**;node_modules\**;**\jspm_packages\**;jspm_packages\**;**\bower_components\**;bower_components\**;**\packages.lock.json;bin\Debug\/**;obj\Debug\/**;bin\/**;obj\/**;**/*.user;**/*.*proj") at C:\Program Files\dotnet\sdk\9.0.302\Sdks\Microsoft.NET.Sdk\targets\Microsoft.NET.Sdk.DefaultItems.targets (34,5)
       C:\Program Files\dotnet\sdk\9.0.302\Sdks\Microsoft.NET.Sdk\targets\Microsoft.NET.Sdk.DefaultItems.targets(35,5): message : Property reassignment: $(DefaultItemExcludes)=";**\node_modules\**;node_modules\**;**\jspm_packages\**;jspm_packages\**;**\bower_components\**;bower_components\**;**\packages.lock.json;bin\Debug\/**;obj\Debug\/**;bin\/**;obj\/**;**/*.user;**/*.*proj;**/*.sln;**/*.slnx" (previous value: ";**\node_modules\**;node_modules\**;**\jspm_packages\**;jspm_packages\**;**\bower_components\**;bower_components\**;**\packages.lock.json;bin\Debug\/**;obj\Debug\/**;bin\/**;obj\/**;**/*.user;**/*.*proj;**/*.sln") at C:\Program Files\dotnet\sdk\9.0.302\Sdks\Microsoft.NET.Sdk\targets\Microsoft.NET.Sdk.DefaultItems.targets (35,5)
       C:\Program Files\dotnet\sdk\9.0.302\Sdks\Microsoft.NET.Sdk\targets\Microsoft.NET.Sdk.DefaultItems.targets(36,5): message : Property reassignment: $(DefaultItemExcludes)=";**\node_modules\**;node_modules\**;**\jspm_packages\**;jspm_packages\**;**\bower_components\**;bower_components\**;**\packages.lock.json;bin\Debug\/**;obj\Debug\/**;bin\/**;obj\/**;**/*.user;**/*.*proj;**/*.sln;**/*.slnx;**/*.vssscc" (previous value: ";**\node_modules\**;node_modules\**;**\jspm_packages\**;jspm_packages\**;**\bower_components\**;bower_components\**;**\packages.lock.json;bin\Debug\/**;obj\Debug\/**;bin\/**;obj\/**;**/*.user;**/*.*proj;**/*.sln;**/*.slnx") at C:\Program Files\dotnet\sdk\9.0.302\Sdks\Microsoft.NET.Sdk\targets\Microsoft.NET.Sdk.DefaultItems.targets (36,5)
       C:\Program Files\dotnet\sdk\9.0.302\Sdks\Microsoft.NET.Sdk\targets\Microsoft.NET.Sdk.DefaultItems.targets(37,5): message : Property reassignment: $(DefaultItemExcludes)=";**\node_modules\**;node_modules\**;**\jspm_packages\**;jspm_packages\**;**\bower_components\**;bower_components\**;**\packages.lock.json;bin\Debug\/**;obj\Debug\/**;bin\/**;obj\/**;**/*.user;**/*.*proj;**/*.sln;**/*.slnx;**/*.vssscc;**/.DS_Store" (previous value: ";**\node_modules\**;node_modules\**;**\jspm_packages\**;jspm_packages\**;**\bower_components\**;bower_components\**;**\packages.lock.json;bin\Debug\/**;obj\Debug\/**;bin\/**;obj\/**;**/*.user;**/*.*proj;**/*.sln;**/*.slnx;**/*.vssscc") at C:\Program Files\dotnet\sdk\9.0.302\Sdks\Microsoft.NET.Sdk\targets\Microsoft.NET.Sdk.DefaultItems.targets (37,5)
       C:\Program Files\dotnet\sdk\9.0.302\Sdks\Microsoft.NET.Sdk\targets\Microsoft.NET.Sdk.FrameworkReferenceResolution.targets(14,5): message : Property reassignment: $(ResolveAssemblyReferencesDependsOn)="
       C:\Program Files\dotnet\sdk\9.0.302\Sdks\Microsoft.NET.Sdk\targets\Microsoft.NET.Sdk.FrameworkReferenceResolution.targets(14,5): message :       
       C:\Program Files\dotnet\sdk\9.0.302\Sdks\Microsoft.NET.Sdk\targets\Microsoft.NET.Sdk.FrameworkReferenceResolution.targets(14,5): message :       
       C:\Program Files\dotnet\sdk\9.0.302\Sdks\Microsoft.NET.Sdk\targets\Microsoft.NET.Sdk.FrameworkReferenceResolution.targets(14,5): message :       ResolveProjectReferences;
       C:\Program Files\dotnet\sdk\9.0.302\Sdks\Microsoft.NET.Sdk\targets\Microsoft.NET.Sdk.FrameworkReferenceResolution.targets(14,5): message :       FindInvalidProjectReferences;
       C:\Program Files\dotnet\sdk\9.0.302\Sdks\Microsoft.NET.Sdk\targets\Microsoft.NET.Sdk.FrameworkReferenceResolution.targets(14,5): message :       GetFrameworkPaths;
       C:\Program Files\dotnet\sdk\9.0.302\Sdks\Microsoft.NET.Sdk\targets\Microsoft.NET.Sdk.FrameworkReferenceResolution.targets(14,5): message :       GetReferenceAssemblyPaths;
       C:\Program Files\dotnet\sdk\9.0.302\Sdks\Microsoft.NET.Sdk\targets\Microsoft.NET.Sdk.FrameworkReferenceResolution.targets(14,5): message :       PrepareForBuild;
       C:\Program Files\dotnet\sdk\9.0.302\Sdks\Microsoft.NET.Sdk\targets\Microsoft.NET.Sdk.FrameworkReferenceResolution.targets(14,5): message :       ResolveSDKReferences;
       C:\Program Files\dotnet\sdk\9.0.302\Sdks\Microsoft.NET.Sdk\targets\Microsoft.NET.Sdk.FrameworkReferenceResolution.targets(14,5): message :       ExpandSDKReferences;
       C:\Program Files\dotnet\sdk\9.0.302\Sdks\Microsoft.NET.Sdk\targets\Microsoft.NET.Sdk.FrameworkReferenceResolution.targets(14,5): message :     ;
       C:\Program Files\dotnet\sdk\9.0.302\Sdks\Microsoft.NET.Sdk\targets\Microsoft.NET.Sdk.FrameworkReferenceResolution.targets(14,5): message :       ResolvePackageDependenciesForBuild;
       C:\Program Files\dotnet\sdk\9.0.302\Sdks\Microsoft.NET.Sdk\targets\Microsoft.NET.Sdk.FrameworkReferenceResolution.targets(14,5): message :       _HandlePackageFileConflicts;
       C:\Program Files\dotnet\sdk\9.0.302\Sdks\Microsoft.NET.Sdk\targets\Microsoft.NET.Sdk.FrameworkReferenceResolution.targets(14,5): message :     ;
       C:\Program Files\dotnet\sdk\9.0.302\Sdks\Microsoft.NET.Sdk\targets\Microsoft.NET.Sdk.FrameworkReferenceResolution.targets(14,5): message :       ResolveTargetingPackAssets;
       C:\Program Files\dotnet\sdk\9.0.302\Sdks\Microsoft.NET.Sdk\targets\Microsoft.NET.Sdk.FrameworkReferenceResolution.targets(14,5): message :     " (previous value: "
       C:\Program Files\dotnet\sdk\9.0.302\Sdks\Microsoft.NET.Sdk\targets\Microsoft.NET.Sdk.FrameworkReferenceResolution.targets(14,5): message :       
       C:\Program Files\dotnet\sdk\9.0.302\Sdks\Microsoft.NET.Sdk\targets\Microsoft.NET.Sdk.FrameworkReferenceResolution.targets(14,5): message :       ResolveProjectReferences;
       C:\Program Files\dotnet\sdk\9.0.302\Sdks\Microsoft.NET.Sdk\targets\Microsoft.NET.Sdk.FrameworkReferenceResolution.targets(14,5): message :       FindInvalidProjectReferences;
       C:\Program Files\dotnet\sdk\9.0.302\Sdks\Microsoft.NET.Sdk\targets\Microsoft.NET.Sdk.FrameworkReferenceResolution.targets(14,5): message :       GetFrameworkPaths;
       C:\Program Files\dotnet\sdk\9.0.302\Sdks\Microsoft.NET.Sdk\targets\Microsoft.NET.Sdk.FrameworkReferenceResolution.targets(14,5): message :       GetReferenceAssemblyPaths;
       C:\Program Files\dotnet\sdk\9.0.302\Sdks\Microsoft.NET.Sdk\targets\Microsoft.NET.Sdk.FrameworkReferenceResolution.targets(14,5): message :       PrepareForBuild;
       C:\Program Files\dotnet\sdk\9.0.302\Sdks\Microsoft.NET.Sdk\targets\Microsoft.NET.Sdk.FrameworkReferenceResolution.targets(14,5): message :       ResolveSDKReferences;
       C:\Program Files\dotnet\sdk\9.0.302\Sdks\Microsoft.NET.Sdk\targets\Microsoft.NET.Sdk.FrameworkReferenceResolution.targets(14,5): message :       ExpandSDKReferences;
       C:\Program Files\dotnet\sdk\9.0.302\Sdks\Microsoft.NET.Sdk\targets\Microsoft.NET.Sdk.FrameworkReferenceResolution.targets(14,5): message :     ;
       C:\Program Files\dotnet\sdk\9.0.302\Sdks\Microsoft.NET.Sdk\targets\Microsoft.NET.Sdk.FrameworkReferenceResolution.targets(14,5): message :       ResolvePackageDependenciesForBuild;
       C:\Program Files\dotnet\sdk\9.0.302\Sdks\Microsoft.NET.Sdk\targets\Microsoft.NET.Sdk.FrameworkReferenceResolution.targets(14,5): message :       _HandlePackageFileConflicts;
       C:\Program Files\dotnet\sdk\9.0.302\Sdks\Microsoft.NET.Sdk\targets\Microsoft.NET.Sdk.FrameworkReferenceResolution.targets(14,5): message :     ") at C:\Program Files\dotnet\sdk\9.0.302\Sdks\Microsoft.NET.Sdk\targets\Microsoft.NET.Sdk.FrameworkReferenceResolution.targets (14,5)
       C:\Program Files\dotnet\sdk\9.0.302\Sdks\Microsoft.NET.Sdk\targets\Microsoft.NET.Sdk.targets(44,5): message : Property reassignment: $(_GenerateRuntimeConfigurationPropertyInputsCache)="C:\Users\MBEYAZBULUT\Documents\GitHub\EnvanteriX\Presentation\EnvanteriX.WebUI\obj\Debug\net9.0\EnvanteriX.WebUI.genruntimeconfig.cache" (previous value: "obj\Debug\net9.0\EnvanteriX.WebUI.genruntimeconfig.cache") at C:\Program Files\dotnet\sdk\9.0.302\Sdks\Microsoft.NET.Sdk\targets\Microsoft.NET.Sdk.targets (44,5)
       C:\Program Files\dotnet\sdk\9.0.302\Sdks\Microsoft.NET.Sdk\targets\Microsoft.NET.Sdk.targets(46,5): message : Property reassignment: $(_GeneratePublishDependencyFilePropertyInputsCache)="C:\Users\MBEYAZBULUT\Documents\GitHub\EnvanteriX\Presentation\EnvanteriX.WebUI\obj\Debug\net9.0\EnvanteriX.WebUI.genpublishdeps.cache" (previous value: "obj\Debug\net9.0\EnvanteriX.WebUI.genpublishdeps.cache") at C:\Program Files\dotnet\sdk\9.0.302\Sdks\Microsoft.NET.Sdk\targets\Microsoft.NET.Sdk.targets (46,5)
       C:\Program Files\dotnet\sdk\9.0.302\Sdks\Microsoft.NET.Sdk\targets\Microsoft.NET.Sdk.targets(48,5): message : Property reassignment: $(_GenerateSingleFileBundlePropertyInputsCache)="C:\Users\MBEYAZBULUT\Documents\GitHub\EnvanteriX\Presentation\EnvanteriX.WebUI\obj\Debug\net9.0\EnvanteriX.WebUI.genbundle.cache" (previous value: "obj\Debug\net9.0\EnvanteriX.WebUI.genbundle.cache") at C:\Program Files\dotnet\sdk\9.0.302\Sdks\Microsoft.NET.Sdk\targets\Microsoft.NET.Sdk.targets (48,5)
       C:\Program Files\dotnet\sdk\9.0.302\Sdks\Microsoft.NET.Sdk\targets\Microsoft.NET.Sdk.targets(81,5): message : Property reassignment: $(GenerateRuntimeConfigDevFile)="false" (previous value: "true") at C:\Program Files\dotnet\sdk\9.0.302\Sdks\Microsoft.NET.Sdk\targets\Microsoft.NET.Sdk.targets (81,5)
       C:\Program Files\dotnet\sdk\9.0.302\Sdks\Microsoft.NET.Sdk\targets\Microsoft.NET.Sdk.targets(97,5): message : Property reassignment: $(_DefaultUserProfileRuntimeStorePath)="C:\Users\MBEYAZBULUT" (previous value: "") at C:\Program Files\dotnet\sdk\9.0.302\Sdks\Microsoft.NET.Sdk\targets\Microsoft.NET.Sdk.targets (97,5)
       C:\Program Files\dotnet\sdk\9.0.302\Sdks\Microsoft.NET.Sdk\targets\Microsoft.NET.Sdk.targets(98,5): message : Property reassignment: $(_DefaultUserProfileRuntimeStorePath)="C:\Users\MBEYAZBULUT\.dotnet\store" (previous value: "C:\Users\MBEYAZBULUT") at C:\Program Files\dotnet\sdk\9.0.302\Sdks\Microsoft.NET.Sdk\targets\Microsoft.NET.Sdk.targets (98,5)
       C:\Program Files\dotnet\sdk\9.0.302\Sdks\Microsoft.NET.Sdk\targets\Microsoft.NET.Sdk.targets(140,5): message : Property reassignment: $(AvailablePlatforms)="Any CPU,x86,x64,ARM32" (previous value: "Any CPU,x86,x64") at C:\Program Files\dotnet\sdk\9.0.302\Sdks\Microsoft.NET.Sdk\targets\Microsoft.NET.Sdk.targets (140,5)
       C:\Program Files\dotnet\sdk\9.0.302\Sdks\Microsoft.NET.Sdk\targets\Microsoft.NET.Sdk.targets(144,5): message : Property reassignment: $(AvailablePlatforms)="Any CPU,x86,x64,ARM32,ARM64" (previous value: "Any CPU,x86,x64,ARM32") at C:\Program Files\dotnet\sdk\9.0.302\Sdks\Microsoft.NET.Sdk\targets\Microsoft.NET.Sdk.targets (144,5)
       C:\Program Files\dotnet\sdk\9.0.302\Sdks\Microsoft.NET.Sdk\targets\Microsoft.NET.Sdk.targets(201,5): message : Property reassignment: $(CoreBuildDependsOn)="
       C:\Program Files\dotnet\sdk\9.0.302\Sdks\Microsoft.NET.Sdk\targets\Microsoft.NET.Sdk.targets(201,5): message :       _CheckForBuildWithNoBuild;
       C:\Program Files\dotnet\sdk\9.0.302\Sdks\Microsoft.NET.Sdk\targets\Microsoft.NET.Sdk.targets(201,5): message :       
       C:\Program Files\dotnet\sdk\9.0.302\Sdks\Microsoft.NET.Sdk\targets\Microsoft.NET.Sdk.targets(201,5): message :       BuildOnlySettings;
       C:\Program Files\dotnet\sdk\9.0.302\Sdks\Microsoft.NET.Sdk\targets\Microsoft.NET.Sdk.targets(201,5): message :       PrepareForBuild;
       C:\Program Files\dotnet\sdk\9.0.302\Sdks\Microsoft.NET.Sdk\targets\Microsoft.NET.Sdk.targets(201,5): message :       PreBuildEvent;
       C:\Program Files\dotnet\sdk\9.0.302\Sdks\Microsoft.NET.Sdk\targets\Microsoft.NET.Sdk.targets(201,5): message :       ResolveReferences;
       C:\Program Files\dotnet\sdk\9.0.302\Sdks\Microsoft.NET.Sdk\targets\Microsoft.NET.Sdk.targets(201,5): message :       PrepareResources;
       C:\Program Files\dotnet\sdk\9.0.302\Sdks\Microsoft.NET.Sdk\targets\Microsoft.NET.Sdk.targets(201,5): message :       ResolveKeySource;
       C:\Program Files\dotnet\sdk\9.0.302\Sdks\Microsoft.NET.Sdk\targets\Microsoft.NET.Sdk.targets(201,5): message :       Compile;
       C:\Program Files\dotnet\sdk\9.0.302\Sdks\Microsoft.NET.Sdk\targets\Microsoft.NET.Sdk.targets(201,5): message :       ExportWindowsMDFile;
       C:\Program Files\dotnet\sdk\9.0.302\Sdks\Microsoft.NET.Sdk\targets\Microsoft.NET.Sdk.targets(201,5): message :       UnmanagedUnregistration;
       C:\Program Files\dotnet\sdk\9.0.302\Sdks\Microsoft.NET.Sdk\targets\Microsoft.NET.Sdk.targets(201,5): message :       GenerateSerializationAssemblies;
       C:\Program Files\dotnet\sdk\9.0.302\Sdks\Microsoft.NET.Sdk\targets\Microsoft.NET.Sdk.targets(201,5): message :       CreateSatelliteAssemblies;
       C:\Program Files\dotnet\sdk\9.0.302\Sdks\Microsoft.NET.Sdk\targets\Microsoft.NET.Sdk.targets(201,5): message :       GenerateManifests;
       C:\Program Files\dotnet\sdk\9.0.302\Sdks\Microsoft.NET.Sdk\targets\Microsoft.NET.Sdk.targets(201,5): message :       GetTargetPath;
       C:\Program Files\dotnet\sdk\9.0.302\Sdks\Microsoft.NET.Sdk\targets\Microsoft.NET.Sdk.targets(201,5): message :       PrepareForRun;
       C:\Program Files\dotnet\sdk\9.0.302\Sdks\Microsoft.NET.Sdk\targets\Microsoft.NET.Sdk.targets(201,5): message :       UnmanagedRegistration;
       C:\Program Files\dotnet\sdk\9.0.302\Sdks\Microsoft.NET.Sdk\targets\Microsoft.NET.Sdk.targets(201,5): message :       IncrementalClean;
       C:\Program Files\dotnet\sdk\9.0.302\Sdks\Microsoft.NET.Sdk\targets\Microsoft.NET.Sdk.targets(201,5): message :       PostBuildEvent
       C:\Program Files\dotnet\sdk\9.0.302\Sdks\Microsoft.NET.Sdk\targets\Microsoft.NET.Sdk.targets(201,5): message :     ;
       C:\Program Files\dotnet\sdk\9.0.302\Sdks\Microsoft.NET.Sdk\targets\Microsoft.NET.Sdk.targets(201,5): message :       GenerateBuildDependencyFile;
       C:\Program Files\dotnet\sdk\9.0.302\Sdks\Microsoft.NET.Sdk\targets\Microsoft.NET.Sdk.targets(201,5): message :       GenerateBuildRuntimeConfigurationFiles
       C:\Program Files\dotnet\sdk\9.0.302\Sdks\Microsoft.NET.Sdk\targets\Microsoft.NET.Sdk.targets(201,5): message :     " (previous value: "
       C:\Program Files\dotnet\sdk\9.0.302\Sdks\Microsoft.NET.Sdk\targets\Microsoft.NET.Sdk.targets(201,5): message :       BuildOnlySettings;
       C:\Program Files\dotnet\sdk\9.0.302\Sdks\Microsoft.NET.Sdk\targets\Microsoft.NET.Sdk.targets(201,5): message :       PrepareForBuild;
       C:\Program Files\dotnet\sdk\9.0.302\Sdks\Microsoft.NET.Sdk\targets\Microsoft.NET.Sdk.targets(201,5): message :       PreBuildEvent;
       C:\Program Files\dotnet\sdk\9.0.302\Sdks\Microsoft.NET.Sdk\targets\Microsoft.NET.Sdk.targets(201,5): message :       ResolveReferences;
       C:\Program Files\dotnet\sdk\9.0.302\Sdks\Microsoft.NET.Sdk\targets\Microsoft.NET.Sdk.targets(201,5): message :       PrepareResources;
       C:\Program Files\dotnet\sdk\9.0.302\Sdks\Microsoft.NET.Sdk\targets\Microsoft.NET.Sdk.targets(201,5): message :       ResolveKeySource;
       C:\Program Files\dotnet\sdk\9.0.302\Sdks\Microsoft.NET.Sdk\targets\Microsoft.NET.Sdk.targets(201,5): message :       Compile;
       C:\Program Files\dotnet\sdk\9.0.302\Sdks\Microsoft.NET.Sdk\targets\Microsoft.NET.Sdk.targets(201,5): message :       ExportWindowsMDFile;
       C:\Program Files\dotnet\sdk\9.0.302\Sdks\Microsoft.NET.Sdk\targets\Microsoft.NET.Sdk.targets(201,5): message :       UnmanagedUnregistration;
       C:\Program Files\dotnet\sdk\9.0.302\Sdks\Microsoft.NET.Sdk\targets\Microsoft.NET.Sdk.targets(201,5): message :       GenerateSerializationAssemblies;
       C:\Program Files\dotnet\sdk\9.0.302\Sdks\Microsoft.NET.Sdk\targets\Microsoft.NET.Sdk.targets(201,5): message :       CreateSatelliteAssemblies;
       C:\Program Files\dotnet\sdk\9.0.302\Sdks\Microsoft.NET.Sdk\targets\Microsoft.NET.Sdk.targets(201,5): message :       GenerateManifests;
       C:\Program Files\dotnet\sdk\9.0.302\Sdks\Microsoft.NET.Sdk\targets\Microsoft.NET.Sdk.targets(201,5): message :       GetTargetPath;
       C:\Program Files\dotnet\sdk\9.0.302\Sdks\Microsoft.NET.Sdk\targets\Microsoft.NET.Sdk.targets(201,5): message :       PrepareForRun;
       C:\Program Files\dotnet\sdk\9.0.302\Sdks\Microsoft.NET.Sdk\targets\Microsoft.NET.Sdk.targets(201,5): message :       UnmanagedRegistration;
       C:\Program Files\dotnet\sdk\9.0.302\Sdks\Microsoft.NET.Sdk\targets\Microsoft.NET.Sdk.targets(201,5): message :       IncrementalClean;
       C:\Program Files\dotnet\sdk\9.0.302\Sdks\Microsoft.NET.Sdk\targets\Microsoft.NET.Sdk.targets(201,5): message :       PostBuildEvent
       C:\Program Files\dotnet\sdk\9.0.302\Sdks\Microsoft.NET.Sdk\targets\Microsoft.NET.Sdk.targets(201,5): message :     ") at C:\Program Files\dotnet\sdk\9.0.302\Sdks\Microsoft.NET.Sdk\targets\Microsoft.NET.Sdk.targets (201,5)
       C:\Program Files\dotnet\sdk\9.0.302\Sdks\Microsoft.NET.Sdk\targets\Microsoft.NET.Sdk.targets(210,5): message : Property reassignment: $(CoreCleanDependsOn)="
       C:\Program Files\dotnet\sdk\9.0.302\Sdks\Microsoft.NET.Sdk\targets\Microsoft.NET.Sdk.targets(210,5): message :       _SdkBeforeClean;
       C:\Program Files\dotnet\sdk\9.0.302\Sdks\Microsoft.NET.Sdk\targets\Microsoft.NET.Sdk.targets(210,5): message :       
       C:\Program Files\dotnet\sdk\9.0.302\Sdks\Microsoft.NET.Sdk\targets\Microsoft.NET.Sdk.targets(210,5): message :     " (previous value: "") at C:\Program Files\dotnet\sdk\9.0.302\Sdks\Microsoft.NET.Sdk\targets\Microsoft.NET.Sdk.targets (210,5)
       C:\Program Files\dotnet\sdk\9.0.302\Sdks\Microsoft.NET.Sdk\targets\Microsoft.NET.Sdk.targets(217,5): message : Property reassignment: $(RebuildDependsOn)="
       C:\Program Files\dotnet\sdk\9.0.302\Sdks\Microsoft.NET.Sdk\targets\Microsoft.NET.Sdk.targets(217,5): message :       _SdkBeforeRebuild;
       C:\Program Files\dotnet\sdk\9.0.302\Sdks\Microsoft.NET.Sdk\targets\Microsoft.NET.Sdk.targets(217,5): message :       
       C:\Program Files\dotnet\sdk\9.0.302\Sdks\Microsoft.NET.Sdk\targets\Microsoft.NET.Sdk.targets(217,5): message :       BeforeRebuild;
       C:\Program Files\dotnet\sdk\9.0.302\Sdks\Microsoft.NET.Sdk\targets\Microsoft.NET.Sdk.targets(217,5): message :       Clean;
       C:\Program Files\dotnet\sdk\9.0.302\Sdks\Microsoft.NET.Sdk\targets\Microsoft.NET.Sdk.targets(217,5): message :       Build;
       C:\Program Files\dotnet\sdk\9.0.302\Sdks\Microsoft.NET.Sdk\targets\Microsoft.NET.Sdk.targets(217,5): message :       AfterRebuild;
       C:\Program Files\dotnet\sdk\9.0.302\Sdks\Microsoft.NET.Sdk\targets\Microsoft.NET.Sdk.targets(217,5): message :     
       C:\Program Files\dotnet\sdk\9.0.302\Sdks\Microsoft.NET.Sdk\targets\Microsoft.NET.Sdk.targets(217,5): message :     " (previous value: "
       C:\Program Files\dotnet\sdk\9.0.302\Sdks\Microsoft.NET.Sdk\targets\Microsoft.NET.Sdk.targets(217,5): message :       BeforeRebuild;
       C:\Program Files\dotnet\sdk\9.0.302\Sdks\Microsoft.NET.Sdk\targets\Microsoft.NET.Sdk.targets(217,5): message :       Clean;
       C:\Program Files\dotnet\sdk\9.0.302\Sdks\Microsoft.NET.Sdk\targets\Microsoft.NET.Sdk.targets(217,5): message :       Build;
       C:\Program Files\dotnet\sdk\9.0.302\Sdks\Microsoft.NET.Sdk\targets\Microsoft.NET.Sdk.targets(217,5): message :       AfterRebuild;
       C:\Program Files\dotnet\sdk\9.0.302\Sdks\Microsoft.NET.Sdk\targets\Microsoft.NET.Sdk.targets(217,5): message :     ") at C:\Program Files\dotnet\sdk\9.0.302\Sdks\Microsoft.NET.Sdk\targets\Microsoft.NET.Sdk.targets (217,5)
       C:\Program Files\dotnet\sdk\9.0.302\Sdks\Microsoft.NET.Sdk\targets\Microsoft.NET.Sdk.targets(784,5): message : Property reassignment: $(CompileDependsOn)="
       C:\Program Files\dotnet\sdk\9.0.302\Sdks\Microsoft.NET.Sdk\targets\Microsoft.NET.Sdk.targets(784,5): message :       
       C:\Program Files\dotnet\sdk\9.0.302\Sdks\Microsoft.NET.Sdk\targets\Microsoft.NET.Sdk.targets(784,5): message :       ResolveReferences;
       C:\Program Files\dotnet\sdk\9.0.302\Sdks\Microsoft.NET.Sdk\targets\Microsoft.NET.Sdk.targets(784,5): message :       ResolveKeySource;
       C:\Program Files\dotnet\sdk\9.0.302\Sdks\Microsoft.NET.Sdk\targets\Microsoft.NET.Sdk.targets(784,5): message :       SetWin32ManifestProperties;
       C:\Program Files\dotnet\sdk\9.0.302\Sdks\Microsoft.NET.Sdk\targets\Microsoft.NET.Sdk.targets(784,5): message :       _SetPreferNativeArm64Win32ManifestProperties;
       C:\Program Files\dotnet\sdk\9.0.302\Sdks\Microsoft.NET.Sdk\targets\Microsoft.NET.Sdk.targets(784,5): message :       FindReferenceAssembliesForReferences;
       C:\Program Files\dotnet\sdk\9.0.302\Sdks\Microsoft.NET.Sdk\targets\Microsoft.NET.Sdk.targets(784,5): message :       _GenerateCompileInputs;
       C:\Program Files\dotnet\sdk\9.0.302\Sdks\Microsoft.NET.Sdk\targets\Microsoft.NET.Sdk.targets(784,5): message :       BeforeCompile;
       C:\Program Files\dotnet\sdk\9.0.302\Sdks\Microsoft.NET.Sdk\targets\Microsoft.NET.Sdk.targets(784,5): message :       _TimeStampBeforeCompile;
       C:\Program Files\dotnet\sdk\9.0.302\Sdks\Microsoft.NET.Sdk\targets\Microsoft.NET.Sdk.targets(784,5): message :       _GenerateCompileDependencyCache;
       C:\Program Files\dotnet\sdk\9.0.302\Sdks\Microsoft.NET.Sdk\targets\Microsoft.NET.Sdk.targets(784,5): message :       CoreCompile;
       C:\Program Files\dotnet\sdk\9.0.302\Sdks\Microsoft.NET.Sdk\targets\Microsoft.NET.Sdk.targets(784,5): message :       _TimeStampAfterCompile;
       C:\Program Files\dotnet\sdk\9.0.302\Sdks\Microsoft.NET.Sdk\targets\Microsoft.NET.Sdk.targets(784,5): message :       AfterCompile;
       C:\Program Files\dotnet\sdk\9.0.302\Sdks\Microsoft.NET.Sdk\targets\Microsoft.NET.Sdk.targets(784,5): message :     ;
       C:\Program Files\dotnet\sdk\9.0.302\Sdks\Microsoft.NET.Sdk\targets\Microsoft.NET.Sdk.targets(784,5): message :       _CreateAppHost;
       C:\Program Files\dotnet\sdk\9.0.302\Sdks\Microsoft.NET.Sdk\targets\Microsoft.NET.Sdk.targets(784,5): message :       _CreateComHost;
       C:\Program Files\dotnet\sdk\9.0.302\Sdks\Microsoft.NET.Sdk\targets\Microsoft.NET.Sdk.targets(784,5): message :       _GetIjwHostPaths;
       C:\Program Files\dotnet\sdk\9.0.302\Sdks\Microsoft.NET.Sdk\targets\Microsoft.NET.Sdk.targets(784,5): message :     " (previous value: "
       C:\Program Files\dotnet\sdk\9.0.302\Sdks\Microsoft.NET.Sdk\targets\Microsoft.NET.Sdk.targets(784,5): message :       ResolveReferences;
       C:\Program Files\dotnet\sdk\9.0.302\Sdks\Microsoft.NET.Sdk\targets\Microsoft.NET.Sdk.targets(784,5): message :       ResolveKeySource;
       C:\Program Files\dotnet\sdk\9.0.302\Sdks\Microsoft.NET.Sdk\targets\Microsoft.NET.Sdk.targets(784,5): message :       SetWin32ManifestProperties;
       C:\Program Files\dotnet\sdk\9.0.302\Sdks\Microsoft.NET.Sdk\targets\Microsoft.NET.Sdk.targets(784,5): message :       _SetPreferNativeArm64Win32ManifestProperties;
       C:\Program Files\dotnet\sdk\9.0.302\Sdks\Microsoft.NET.Sdk\targets\Microsoft.NET.Sdk.targets(784,5): message :       FindReferenceAssembliesForReferences;
       C:\Program Files\dotnet\sdk\9.0.302\Sdks\Microsoft.NET.Sdk\targets\Microsoft.NET.Sdk.targets(784,5): message :       _GenerateCompileInputs;
       C:\Program Files\dotnet\sdk\9.0.302\Sdks\Microsoft.NET.Sdk\targets\Microsoft.NET.Sdk.targets(784,5): message :       BeforeCompile;
       C:\Program Files\dotnet\sdk\9.0.302\Sdks\Microsoft.NET.Sdk\targets\Microsoft.NET.Sdk.targets(784,5): message :       _TimeStampBeforeCompile;
       C:\Program Files\dotnet\sdk\9.0.302\Sdks\Microsoft.NET.Sdk\targets\Microsoft.NET.Sdk.targets(784,5): message :       _GenerateCompileDependencyCache;
       C:\Program Files\dotnet\sdk\9.0.302\Sdks\Microsoft.NET.Sdk\targets\Microsoft.NET.Sdk.targets(784,5): message :       CoreCompile;
       C:\Program Files\dotnet\sdk\9.0.302\Sdks\Microsoft.NET.Sdk\targets\Microsoft.NET.Sdk.targets(784,5): message :       _TimeStampAfterCompile;
       C:\Program Files\dotnet\sdk\9.0.302\Sdks\Microsoft.NET.Sdk\targets\Microsoft.NET.Sdk.targets(784,5): message :       AfterCompile;
       C:\Program Files\dotnet\sdk\9.0.302\Sdks\Microsoft.NET.Sdk\targets\Microsoft.NET.Sdk.targets(784,5): message :     ") at C:\Program Files\dotnet\sdk\9.0.302\Sdks\Microsoft.NET.Sdk\targets\Microsoft.NET.Sdk.targets (784,5)
       C:\Program Files\dotnet\sdk\9.0.302\Sdks\Microsoft.NET.Sdk\targets\Microsoft.NET.Sdk.targets(1184,5): message : Property reassignment: $(CreateSatelliteAssembliesDependsOn)="
       C:\Program Files\dotnet\sdk\9.0.302\Sdks\Microsoft.NET.Sdk\targets\Microsoft.NET.Sdk.targets(1184,5): message :       
       C:\Program Files\dotnet\sdk\9.0.302\Sdks\Microsoft.NET.Sdk\targets\Microsoft.NET.Sdk.targets(1184,5): message :       ;
       C:\Program Files\dotnet\sdk\9.0.302\Sdks\Microsoft.NET.Sdk\targets\Microsoft.NET.Sdk.targets(1184,5): message :       _GenerateSatelliteAssemblyInputs;
       C:\Program Files\dotnet\sdk\9.0.302\Sdks\Microsoft.NET.Sdk\targets\Microsoft.NET.Sdk.targets(1184,5): message :       ComputeIntermediateSatelliteAssemblies;
       C:\Program Files\dotnet\sdk\9.0.302\Sdks\Microsoft.NET.Sdk\targets\Microsoft.NET.Sdk.targets(1184,5): message :       GenerateSatelliteAssemblies
       C:\Program Files\dotnet\sdk\9.0.302\Sdks\Microsoft.NET.Sdk\targets\Microsoft.NET.Sdk.targets(1184,5): message :     ;
       C:\Program Files\dotnet\sdk\9.0.302\Sdks\Microsoft.NET.Sdk\targets\Microsoft.NET.Sdk.targets(1184,5): message :       CoreGenerateSatelliteAssemblies
       C:\Program Files\dotnet\sdk\9.0.302\Sdks\Microsoft.NET.Sdk\targets\Microsoft.NET.Sdk.targets(1184,5): message :     " (previous value: "
       C:\Program Files\dotnet\sdk\9.0.302\Sdks\Microsoft.NET.Sdk\targets\Microsoft.NET.Sdk.targets(1184,5): message :       ;
       C:\Program Files\dotnet\sdk\9.0.302\Sdks\Microsoft.NET.Sdk\targets\Microsoft.NET.Sdk.targets(1184,5): message :       _GenerateSatelliteAssemblyInputs;
       C:\Program Files\dotnet\sdk\9.0.302\Sdks\Microsoft.NET.Sdk\targets\Microsoft.NET.Sdk.targets(1184,5): message :       ComputeIntermediateSatelliteAssemblies;
       C:\Program Files\dotnet\sdk\9.0.302\Sdks\Microsoft.NET.Sdk\targets\Microsoft.NET.Sdk.targets(1184,5): message :       GenerateSatelliteAssemblies
       C:\Program Files\dotnet\sdk\9.0.302\Sdks\Microsoft.NET.Sdk\targets\Microsoft.NET.Sdk.targets(1184,5): message :     ") at C:\Program Files\dotnet\sdk\9.0.302\Sdks\Microsoft.NET.Sdk\targets\Microsoft.NET.Sdk.targets (1184,5)
       C:\Program Files\dotnet\sdk\9.0.302\Sdks\Microsoft.SourceLink.GitLab\build\Microsoft.SourceLink.GitLab.targets(12,5): message : Property reassignment: $(SourceLinkUrlInitializerTargets)=";_InitializeGitHubSourceLinkUrl;_InitializeGitLabSourceLinkUrl" (previous value: ";_InitializeGitHubSourceLinkUrl") at C:\Program Files\dotnet\sdk\9.0.302\Sdks\Microsoft.SourceLink.GitLab\build\Microsoft.SourceLink.GitLab.targets (12,5)
       C:\Program Files\dotnet\sdk\9.0.302\Sdks\Microsoft.SourceLink.GitLab\build\Microsoft.SourceLink.GitLab.targets(13,5): message : Property reassignment: $(SourceControlManagerUrlTranslationTargets)=";TranslateGitHubUrlsInSourceControlInformation;TranslateGitLabUrlsInSourceControlInformation" (previous value: ";TranslateGitHubUrlsInSourceControlInformation") at C:\Program Files\dotnet\sdk\9.0.302\Sdks\Microsoft.SourceLink.GitLab\build\Microsoft.SourceLink.GitLab.targets (13,5)
       C:\Program Files\dotnet\sdk\9.0.302\Sdks\Microsoft.SourceLink.AzureRepos.Git\build\Microsoft.SourceLink.AzureRepos.Git.targets(12,5): message : Property reassignment: $(SourceLinkUrlInitializerTargets)=";_InitializeGitHubSourceLinkUrl;_InitializeGitLabSourceLinkUrl;_InitializeAzureReposGitSourceLinkUrl" (previous value: ";_InitializeGitHubSourceLinkUrl;_InitializeGitLabSourceLinkUrl") at C:\Program Files\dotnet\sdk\9.0.302\Sdks\Microsoft.SourceLink.AzureRepos.Git\build\Microsoft.SourceLink.AzureRepos.Git.targets (12,5)
       C:\Program Files\dotnet\sdk\9.0.302\Sdks\Microsoft.SourceLink.AzureRepos.Git\build\Microsoft.SourceLink.AzureRepos.Git.targets(13,5): message : Property reassignment: $(SourceControlManagerUrlTranslationTargets)=";TranslateGitHubUrlsInSourceControlInformation;TranslateGitLabUrlsInSourceControlInformation;TranslateAzureReposGitUrlsInSourceControlInformation" (previous value: ";TranslateGitHubUrlsInSourceControlInformation;TranslateGitLabUrlsInSourceControlInformation") at C:\Program Files\dotnet\sdk\9.0.302\Sdks\Microsoft.SourceLink.AzureRepos.Git\build\Microsoft.SourceLink.AzureRepos.Git.targets (13,5)
       C:\Program Files\dotnet\sdk\9.0.302\Sdks\Microsoft.SourceLink.Bitbucket.Git\build\Microsoft.SourceLink.Bitbucket.Git.targets(12,5): message : Property reassignment: $(SourceLinkUrlInitializerTargets)=";_InitializeGitHubSourceLinkUrl;_InitializeGitLabSourceLinkUrl;_InitializeAzureReposGitSourceLinkUrl;_InitializeBitbucketGitSourceLinkUrl" (previous value: ";_InitializeGitHubSourceLinkUrl;_InitializeGitLabSourceLinkUrl;_InitializeAzureReposGitSourceLinkUrl") at C:\Program Files\dotnet\sdk\9.0.302\Sdks\Microsoft.SourceLink.Bitbucket.Git\build\Microsoft.SourceLink.Bitbucket.Git.targets (12,5)
       C:\Program Files\dotnet\sdk\9.0.302\Sdks\Microsoft.SourceLink.Bitbucket.Git\build\Microsoft.SourceLink.Bitbucket.Git.targets(13,5): message : Property reassignment: $(SourceControlManagerUrlTranslationTargets)=";TranslateGitHubUrlsInSourceControlInformation;TranslateGitLabUrlsInSourceControlInformation;TranslateAzureReposGitUrlsInSourceControlInformation;TranslateBitbucketGitUrlsInSourceControlInformation" (previous value: ";TranslateGitHubUrlsInSourceControlInformation;TranslateGitLabUrlsInSourceControlInformation;TranslateAzureReposGitUrlsInSourceControlInformation") at C:\Program Files\dotnet\sdk\9.0.302\Sdks\Microsoft.SourceLink.Bitbucket.Git\build\Microsoft.SourceLink.Bitbucket.Git.targets (13,5)
       C:\Program Files\dotnet\sdk\9.0.302\Sdks\Microsoft.NET.Sdk\targets\Microsoft.NET.DesignerSupport.targets(21,5): message : Property reassignment: $(DesignerRuntimeImplementationProjectOutputGroupDependsOn)="
       C:\Program Files\dotnet\sdk\9.0.302\Sdks\Microsoft.NET.Sdk\targets\Microsoft.NET.DesignerSupport.targets(21,5): message :       
       C:\Program Files\dotnet\sdk\9.0.302\Sdks\Microsoft.NET.Sdk\targets\Microsoft.NET.DesignerSupport.targets(21,5): message :       ;
       C:\Program Files\dotnet\sdk\9.0.302\Sdks\Microsoft.NET.Sdk\targets\Microsoft.NET.DesignerSupport.targets(21,5): message :       
       C:\Program Files\dotnet\sdk\9.0.302\Sdks\Microsoft.NET.Sdk\targets\Microsoft.NET.DesignerSupport.targets(21,5): message :       ;
       C:\Program Files\dotnet\sdk\9.0.302\Sdks\Microsoft.NET.Sdk\targets\Microsoft.NET.DesignerSupport.targets(21,5): message :       BuildOnlySettings;
       C:\Program Files\dotnet\sdk\9.0.302\Sdks\Microsoft.NET.Sdk\targets\Microsoft.NET.DesignerSupport.targets(21,5): message :       PrepareForBuild;
       C:\Program Files\dotnet\sdk\9.0.302\Sdks\Microsoft.NET.Sdk\targets\Microsoft.NET.DesignerSupport.targets(21,5): message :       AssignTargetPaths;
       C:\Program Files\dotnet\sdk\9.0.302\Sdks\Microsoft.NET.Sdk\targets\Microsoft.NET.DesignerSupport.targets(21,5): message :       ResolveReferences
       C:\Program Files\dotnet\sdk\9.0.302\Sdks\Microsoft.NET.Sdk\targets\Microsoft.NET.DesignerSupport.targets(21,5): message :     
       C:\Program Files\dotnet\sdk\9.0.302\Sdks\Microsoft.NET.Sdk\targets\Microsoft.NET.DesignerSupport.targets(21,5): message :     ;
       C:\Program Files\dotnet\sdk\9.0.302\Sdks\Microsoft.NET.Sdk\targets\Microsoft.NET.DesignerSupport.targets(21,5): message :       _GenerateDesignerDepsFile;
       C:\Program Files\dotnet\sdk\9.0.302\Sdks\Microsoft.NET.Sdk\targets\Microsoft.NET.DesignerSupport.targets(21,5): message :       _GenerateDesignerRuntimeConfigFile;
       C:\Program Files\dotnet\sdk\9.0.302\Sdks\Microsoft.NET.Sdk\targets\Microsoft.NET.DesignerSupport.targets(21,5): message :       GetCopyToOutputDirectoryItems;
       C:\Program Files\dotnet\sdk\9.0.302\Sdks\Microsoft.NET.Sdk\targets\Microsoft.NET.DesignerSupport.targets(21,5): message :       _GatherDesignerShadowCopyFiles;
       C:\Program Files\dotnet\sdk\9.0.302\Sdks\Microsoft.NET.Sdk\targets\Microsoft.NET.DesignerSupport.targets(21,5): message :     " (previous value: "
       C:\Program Files\dotnet\sdk\9.0.302\Sdks\Microsoft.NET.Sdk\targets\Microsoft.NET.DesignerSupport.targets(21,5): message :       ;
       C:\Program Files\dotnet\sdk\9.0.302\Sdks\Microsoft.NET.Sdk\targets\Microsoft.NET.DesignerSupport.targets(21,5): message :       
       C:\Program Files\dotnet\sdk\9.0.302\Sdks\Microsoft.NET.Sdk\targets\Microsoft.NET.DesignerSupport.targets(21,5): message :       ;
       C:\Program Files\dotnet\sdk\9.0.302\Sdks\Microsoft.NET.Sdk\targets\Microsoft.NET.DesignerSupport.targets(21,5): message :       BuildOnlySettings;
       C:\Program Files\dotnet\sdk\9.0.302\Sdks\Microsoft.NET.Sdk\targets\Microsoft.NET.DesignerSupport.targets(21,5): message :       PrepareForBuild;
       C:\Program Files\dotnet\sdk\9.0.302\Sdks\Microsoft.NET.Sdk\targets\Microsoft.NET.DesignerSupport.targets(21,5): message :       AssignTargetPaths;
       C:\Program Files\dotnet\sdk\9.0.302\Sdks\Microsoft.NET.Sdk\targets\Microsoft.NET.DesignerSupport.targets(21,5): message :       ResolveReferences
       C:\Program Files\dotnet\sdk\9.0.302\Sdks\Microsoft.NET.Sdk\targets\Microsoft.NET.DesignerSupport.targets(21,5): message :     
       C:\Program Files\dotnet\sdk\9.0.302\Sdks\Microsoft.NET.Sdk\targets\Microsoft.NET.DesignerSupport.targets(21,5): message :     ") at C:\Program Files\dotnet\sdk\9.0.302\Sdks\Microsoft.NET.Sdk\targets\Microsoft.NET.DesignerSupport.targets (21,5)
       C:\Program Files\dotnet\sdk\9.0.302\Sdks\Microsoft.NET.Sdk\targets\Microsoft.NET.PackTool.targets(68,5): message : Property reassignment: $(_GenerateToolsSettingsFileCacheFile)="C:\Users\MBEYAZBULUT\Documents\GitHub\EnvanteriX\Presentation\EnvanteriX.WebUI\obj\Debug\net9.0\EnvanteriX.WebUI.toolssettingsinput.cache" (previous value: "obj\Debug\net9.0\EnvanteriX.WebUI.toolssettingsinput.cache") at C:\Program Files\dotnet\sdk\9.0.302\Sdks\Microsoft.NET.Sdk\targets\Microsoft.NET.PackTool.targets (68,5)
       C:\Program Files\dotnet\sdk\9.0.302\Sdks\Microsoft.NET.Sdk\targets\Microsoft.NET.PackTool.targets(137,5): message : Property reassignment: $(_ShimInputCacheFile)="C:\Users\MBEYAZBULUT\Documents\GitHub\EnvanteriX\Presentation\EnvanteriX.WebUI\obj\Debug\net9.0\EnvanteriX.WebUI.shiminput.cache" (previous value: "obj\Debug\net9.0\EnvanteriX.WebUI.shiminput.cache") at C:\Program Files\dotnet\sdk\9.0.302\Sdks\Microsoft.NET.Sdk\targets\Microsoft.NET.PackTool.targets (137,5)
       C:\Program Files\dotnet\sdk\9.0.302\Sdks\Microsoft.NET.Sdk\targets\Microsoft.NET.PackTool.targets(139,5): message : Property reassignment: $(_ShimCreatedSentinelFile)="C:\Users\MBEYAZBULUT\Documents\GitHub\EnvanteriX\Presentation\EnvanteriX.WebUI\obj\Debug\net9.0\EnvanteriX.WebUI.shimcreated.sentinel" (previous value: "obj\Debug\net9.0\EnvanteriX.WebUI.shimcreated.sentinel") at C:\Program Files\dotnet\sdk\9.0.302\Sdks\Microsoft.NET.Sdk\targets\Microsoft.NET.PackTool.targets (139,5)
       C:\Program Files\dotnet\sdk\9.0.302\Sdks\Microsoft.NET.Sdk\targets\Microsoft.NET.Sdk.CSharp.targets(31,5): message : Property reassignment: $(DefineConstants)="TRACE;DEBUG" (previous value: "TRACE") at C:\Program Files\dotnet\sdk\9.0.302\Sdks\Microsoft.NET.Sdk\targets\Microsoft.NET.Sdk.CSharp.targets (31,5)
       C:\Program Files\dotnet\sdk\9.0.302\Sdks\Microsoft.NET.Sdk\targets\Microsoft.NET.Sdk.CSharp.targets(34,5): message : Property reassignment: $(DefineConstants)="TRACE;DEBUG;NET;NET9_0;NETCOREAPP" (previous value: "TRACE;DEBUG") at C:\Program Files\dotnet\sdk\9.0.302\Sdks\Microsoft.NET.Sdk\targets\Microsoft.NET.Sdk.CSharp.targets (34,5)
       C:\Program Files\dotnet\sdk\9.0.302\Sdks\Microsoft.NET.Sdk\targets\Microsoft.NET.Sdk.CSharp.targets(48,5): message : Property reassignment: $(WarningsAsErrors)=";NU1605;SYSLIB0011" (previous value: ";NU1605") at C:\Program Files\dotnet\sdk\9.0.302\Sdks\Microsoft.NET.Sdk\targets\Microsoft.NET.Sdk.CSharp.targets (48,5)
       C:\Program Files\dotnet\sdk\9.0.302\Sdks\NuGet.Build.Tasks.Pack\build\NuGet.Build.Tasks.Pack.targets(34,5): message : Property reassignment: $(PackageDescription)="Package Description" (previous value: "") at C:\Program Files\dotnet\sdk\9.0.302\Sdks\NuGet.Build.Tasks.Pack\build\NuGet.Build.Tasks.Pack.targets (34,5)
       C:\Program Files\dotnet\sdk\9.0.302\Sdks\NuGet.Build.Tasks.Pack\build\NuGet.Build.Tasks.Pack.targets(59,5): message : Property reassignment: $(GenerateNuspecDependsOn)="Build;_LoadPackInputItems; _GetTargetFrameworksOutput; _WalkEachTargetPerFramework; _GetPackageFiles; " (previous value: "_LoadPackInputItems; _GetTargetFrameworksOutput; _WalkEachTargetPerFramework; _GetPackageFiles; ") at C:\Program Files\dotnet\sdk\9.0.302\Sdks\NuGet.Build.Tasks.Pack\build\NuGet.Build.Tasks.Pack.targets (59,5)
       C:\Program Files\dotnet\sdk\9.0.302\Sdks\Microsoft.NET.Sdk\Sdk\Sdk.targets(60,5): message : Property reassignment: $(_IsNotSetContainersTargetsDir)="true" (previous value: "false") at C:\Program Files\dotnet\sdk\9.0.302\Sdks\Microsoft.NET.Sdk\Sdk\Sdk.targets (60,5)
       C:\Program Files\dotnet\sdk\9.0.302\Containers\build\Microsoft.NET.Build.Containers.targets(5,5): message : Property reassignment: $(_IsSDKContainerAllowedVersion)="true" (previous value: "false") at C:\Program Files\dotnet\sdk\9.0.302\Containers\build\Microsoft.NET.Build.Containers.targets (5,5)
       C:\Program Files\dotnet\sdk\9.0.302\Containers\build\Microsoft.NET.Build.Containers.targets(15,5): message : Property reassignment: $(_ContainerIsTargetingNet8TFM)="true" (previous value: "false") at C:\Program Files\dotnet\sdk\9.0.302\Containers\build\Microsoft.NET.Build.Containers.targets (15,5)
       C:\Program Files\dotnet\sdk\9.0.302\Sdks\Microsoft.NET.Sdk.StaticWebAssets\targets\Sdk.StaticWebAssets.CurrentVersion.targets(37,18): message : Property 'DOTNET_HOST_PATH' with value 'C:\Program Files\dotnet\dotnet.exe' expanded from the environment.
       C:\Program Files\dotnet\sdk\9.0.302\Sdks\Microsoft.NET.Sdk.StaticWebAssets\targets\Microsoft.NET.Sdk.StaticWebAssets.targets(286,5): message : Property reassignment: $(PrepareForRunDependsOn)="StaticWebAssetsPrepareForRun;
       C:\Program Files\dotnet\sdk\9.0.302\Sdks\Microsoft.NET.Sdk.StaticWebAssets\targets\Microsoft.NET.Sdk.StaticWebAssets.targets(286,5): message :       CopyFilesToOutputDirectory
       C:\Program Files\dotnet\sdk\9.0.302\Sdks\Microsoft.NET.Sdk.StaticWebAssets\targets\Microsoft.NET.Sdk.StaticWebAssets.targets(286,5): message :     " (previous value: "
       C:\Program Files\dotnet\sdk\9.0.302\Sdks\Microsoft.NET.Sdk.StaticWebAssets\targets\Microsoft.NET.Sdk.StaticWebAssets.targets(286,5): message :       CopyFilesToOutputDirectory
       C:\Program Files\dotnet\sdk\9.0.302\Sdks\Microsoft.NET.Sdk.StaticWebAssets\targets\Microsoft.NET.Sdk.StaticWebAssets.targets(286,5): message :     ") at C:\Program Files\dotnet\sdk\9.0.302\Sdks\Microsoft.NET.Sdk.StaticWebAssets\targets\Microsoft.NET.Sdk.StaticWebAssets.targets (286,5)
       C:\Program Files\dotnet\sdk\9.0.302\Sdks\Microsoft.NET.Sdk.StaticWebAssets\targets\Microsoft.NET.Sdk.StaticWebAssets.targets(323,5): message : Property reassignment: $(GetCopyToOutputDirectoryItemsDependsOn)="
       C:\Program Files\dotnet\sdk\9.0.302\Sdks\Microsoft.NET.Sdk.StaticWebAssets\targets\Microsoft.NET.Sdk.StaticWebAssets.targets(323,5): message :       AssignTargetPaths;
       C:\Program Files\dotnet\sdk\9.0.302\Sdks\Microsoft.NET.Sdk.StaticWebAssets\targets\Microsoft.NET.Sdk.StaticWebAssets.targets(323,5): message :       
       C:\Program Files\dotnet\sdk\9.0.302\Sdks\Microsoft.NET.Sdk.StaticWebAssets\targets\Microsoft.NET.Sdk.StaticWebAssets.targets(323,5): message :       AssignProjectConfiguration;
       C:\Program Files\dotnet\sdk\9.0.302\Sdks\Microsoft.NET.Sdk.StaticWebAssets\targets\Microsoft.NET.Sdk.StaticWebAssets.targets(323,5): message :       _SplitProjectReferencesByFileExistence
       C:\Program Files\dotnet\sdk\9.0.302\Sdks\Microsoft.NET.Sdk.StaticWebAssets\targets\Microsoft.NET.Sdk.StaticWebAssets.targets(323,5): message :     ;
       C:\Program Files\dotnet\sdk\9.0.302\Sdks\Microsoft.NET.Sdk.StaticWebAssets\targets\Microsoft.NET.Sdk.StaticWebAssets.targets(323,5): message :       _GetProjectReferenceTargetFrameworkProperties;
       C:\Program Files\dotnet\sdk\9.0.302\Sdks\Microsoft.NET.Sdk.StaticWebAssets\targets\Microsoft.NET.Sdk.StaticWebAssets.targets(323,5): message :       _PopulateCommonStateForGetCopyToOutputDirectoryItems
       C:\Program Files\dotnet\sdk\9.0.302\Sdks\Microsoft.NET.Sdk.StaticWebAssets\targets\Microsoft.NET.Sdk.StaticWebAssets.targets(323,5): message :     ;AddStaticWebAssetsManifest;AddStaticWebAssetEndpointsBuildManifest" (previous value: "
       C:\Program Files\dotnet\sdk\9.0.302\Sdks\Microsoft.NET.Sdk.StaticWebAssets\targets\Microsoft.NET.Sdk.StaticWebAssets.targets(323,5): message :       AssignTargetPaths;
       C:\Program Files\dotnet\sdk\9.0.302\Sdks\Microsoft.NET.Sdk.StaticWebAssets\targets\Microsoft.NET.Sdk.StaticWebAssets.targets(323,5): message :       
       C:\Program Files\dotnet\sdk\9.0.302\Sdks\Microsoft.NET.Sdk.StaticWebAssets\targets\Microsoft.NET.Sdk.StaticWebAssets.targets(323,5): message :       AssignProjectConfiguration;
       C:\Program Files\dotnet\sdk\9.0.302\Sdks\Microsoft.NET.Sdk.StaticWebAssets\targets\Microsoft.NET.Sdk.StaticWebAssets.targets(323,5): message :       _SplitProjectReferencesByFileExistence
       C:\Program Files\dotnet\sdk\9.0.302\Sdks\Microsoft.NET.Sdk.StaticWebAssets\targets\Microsoft.NET.Sdk.StaticWebAssets.targets(323,5): message :     ;
       C:\Program Files\dotnet\sdk\9.0.302\Sdks\Microsoft.NET.Sdk.StaticWebAssets\targets\Microsoft.NET.Sdk.StaticWebAssets.targets(323,5): message :       _GetProjectReferenceTargetFrameworkProperties;
       C:\Program Files\dotnet\sdk\9.0.302\Sdks\Microsoft.NET.Sdk.StaticWebAssets\targets\Microsoft.NET.Sdk.StaticWebAssets.targets(323,5): message :       _PopulateCommonStateForGetCopyToOutputDirectoryItems
       C:\Program Files\dotnet\sdk\9.0.302\Sdks\Microsoft.NET.Sdk.StaticWebAssets\targets\Microsoft.NET.Sdk.StaticWebAssets.targets(323,5): message :     ") at C:\Program Files\dotnet\sdk\9.0.302\Sdks\Microsoft.NET.Sdk.StaticWebAssets\targets\Microsoft.NET.Sdk.StaticWebAssets.targets (323,5)
       C:\Program Files\dotnet\sdk\9.0.302\Sdks\Microsoft.NET.Sdk.StaticWebAssets\targets\Microsoft.NET.Sdk.StaticWebAssets.Pack.targets(46,5): message : Property reassignment: $(GenerateNuspecDependsOn)="
       C:\Program Files\dotnet\sdk\9.0.302\Sdks\Microsoft.NET.Sdk.StaticWebAssets\targets\Microsoft.NET.Sdk.StaticWebAssets.Pack.targets(46,5): message :       IncludeStaticWebAssetsPackItems;
       C:\Program Files\dotnet\sdk\9.0.302\Sdks\Microsoft.NET.Sdk.StaticWebAssets\targets\Microsoft.NET.Sdk.StaticWebAssets.Pack.targets(46,5): message :       Build;_LoadPackInputItems; _GetTargetFrameworksOutput; _WalkEachTargetPerFramework; _GetPackageFiles; ;
       C:\Program Files\dotnet\sdk\9.0.302\Sdks\Microsoft.NET.Sdk.StaticWebAssets\targets\Microsoft.NET.Sdk.StaticWebAssets.Pack.targets(46,5): message :     " (previous value: "Build;_LoadPackInputItems; _GetTargetFrameworksOutput; _WalkEachTargetPerFramework; _GetPackageFiles; ") at C:\Program Files\dotnet\sdk\9.0.302\Sdks\Microsoft.NET.Sdk.StaticWebAssets\targets\Microsoft.NET.Sdk.StaticWebAssets.Pack.targets (46,5)
       C:\Program Files\dotnet\sdk\9.0.302\Sdks\Microsoft.NET.Sdk.StaticWebAssets\targets\Microsoft.NET.Sdk.StaticWebAssets.Pack.targets(55,5): message : Property reassignment: $(IncludeStaticWebAssetsPackItemsDependsOn)="
       C:\Program Files\dotnet\sdk\9.0.302\Sdks\Microsoft.NET.Sdk.StaticWebAssets\targets\Microsoft.NET.Sdk.StaticWebAssets.Pack.targets(55,5): message :       Build;
       C:\Program Files\dotnet\sdk\9.0.302\Sdks\Microsoft.NET.Sdk.StaticWebAssets\targets\Microsoft.NET.Sdk.StaticWebAssets.Pack.targets(55,5): message :       ResolveStaticWebAssetsConfiguration;LoadStaticWebAssetsBuildManifest
       C:\Program Files\dotnet\sdk\9.0.302\Sdks\Microsoft.NET.Sdk.StaticWebAssets\targets\Microsoft.NET.Sdk.StaticWebAssets.Pack.targets(55,5): message :     ;
       C:\Program Files\dotnet\sdk\9.0.302\Sdks\Microsoft.NET.Sdk.StaticWebAssets\targets\Microsoft.NET.Sdk.StaticWebAssets.Pack.targets(55,5): message :     " (previous value: "
       C:\Program Files\dotnet\sdk\9.0.302\Sdks\Microsoft.NET.Sdk.StaticWebAssets\targets\Microsoft.NET.Sdk.StaticWebAssets.Pack.targets(55,5): message :       ResolveStaticWebAssetsConfiguration;LoadStaticWebAssetsBuildManifest
       C:\Program Files\dotnet\sdk\9.0.302\Sdks\Microsoft.NET.Sdk.StaticWebAssets\targets\Microsoft.NET.Sdk.StaticWebAssets.Pack.targets(55,5): message :     ") at C:\Program Files\dotnet\sdk\9.0.302\Sdks\Microsoft.NET.Sdk.StaticWebAssets\targets\Microsoft.NET.Sdk.StaticWebAssets.Pack.targets (55,5)
       C:\Program Files\dotnet\sdk\9.0.302\Sdks\Microsoft.NET.Sdk.StaticWebAssets\targets\Microsoft.NET.Sdk.StaticWebAssets.ScopedCss.targets(55,3): message : Property reassignment: $(ResolveStaticWebAssetsInputsDependsOn)="
       C:\Program Files\dotnet\sdk\9.0.302\Sdks\Microsoft.NET.Sdk.StaticWebAssets\targets\Microsoft.NET.Sdk.StaticWebAssets.ScopedCss.targets(55,3): message :     
       C:\Program Files\dotnet\sdk\9.0.302\Sdks\Microsoft.NET.Sdk.StaticWebAssets\targets\Microsoft.NET.Sdk.StaticWebAssets.ScopedCss.targets(55,3): message :       ResolveCoreStaticWebAssets;
       C:\Program Files\dotnet\sdk\9.0.302\Sdks\Microsoft.NET.Sdk.StaticWebAssets\targets\Microsoft.NET.Sdk.StaticWebAssets.ScopedCss.targets(55,3): message :       GenerateComputedBuildStaticWebAssets;
       C:\Program Files\dotnet\sdk\9.0.302\Sdks\Microsoft.NET.Sdk.StaticWebAssets\targets\Microsoft.NET.Sdk.StaticWebAssets.ScopedCss.targets(55,3): message :       
       C:\Program Files\dotnet\sdk\9.0.302\Sdks\Microsoft.NET.Sdk.StaticWebAssets\targets\Microsoft.NET.Sdk.StaticWebAssets.ScopedCss.targets(55,3): message :     ;
       C:\Program Files\dotnet\sdk\9.0.302\Sdks\Microsoft.NET.Sdk.StaticWebAssets\targets\Microsoft.NET.Sdk.StaticWebAssets.ScopedCss.targets(55,3): message :     ResolveScopedCssAssets;
       C:\Program Files\dotnet\sdk\9.0.302\Sdks\Microsoft.NET.Sdk.StaticWebAssets\targets\Microsoft.NET.Sdk.StaticWebAssets.ScopedCss.targets(55,3): message :   " (previous value: "
       C:\Program Files\dotnet\sdk\9.0.302\Sdks\Microsoft.NET.Sdk.StaticWebAssets\targets\Microsoft.NET.Sdk.StaticWebAssets.ScopedCss.targets(55,3): message :       ResolveCoreStaticWebAssets;
       C:\Program Files\dotnet\sdk\9.0.302\Sdks\Microsoft.NET.Sdk.StaticWebAssets\targets\Microsoft.NET.Sdk.StaticWebAssets.ScopedCss.targets(55,3): message :       GenerateComputedBuildStaticWebAssets;
       C:\Program Files\dotnet\sdk\9.0.302\Sdks\Microsoft.NET.Sdk.StaticWebAssets\targets\Microsoft.NET.Sdk.StaticWebAssets.ScopedCss.targets(55,3): message :       
       C:\Program Files\dotnet\sdk\9.0.302\Sdks\Microsoft.NET.Sdk.StaticWebAssets\targets\Microsoft.NET.Sdk.StaticWebAssets.ScopedCss.targets(55,3): message :     ") at C:\Program Files\dotnet\sdk\9.0.302\Sdks\Microsoft.NET.Sdk.StaticWebAssets\targets\Microsoft.NET.Sdk.StaticWebAssets.ScopedCss.targets (55,3)
       C:\Program Files\dotnet\sdk\9.0.302\Sdks\Microsoft.NET.Sdk.StaticWebAssets\targets\Microsoft.NET.Sdk.StaticWebAssets.ScopedCss.targets(88,3): message : Property reassignment: $(GenerateComputedBuildStaticWebAssetsDependsOn)="
       C:\Program Files\dotnet\sdk\9.0.302\Sdks\Microsoft.NET.Sdk.StaticWebAssets\targets\Microsoft.NET.Sdk.StaticWebAssets.ScopedCss.targets(88,3): message :     ResolveCoreStaticWebAssets;;
       C:\Program Files\dotnet\sdk\9.0.302\Sdks\Microsoft.NET.Sdk.StaticWebAssets\targets\Microsoft.NET.Sdk.StaticWebAssets.ScopedCss.targets(88,3): message :     BundleScopedCssFiles;
       C:\Program Files\dotnet\sdk\9.0.302\Sdks\Microsoft.NET.Sdk.StaticWebAssets\targets\Microsoft.NET.Sdk.StaticWebAssets.ScopedCss.targets(88,3): message :   " (previous value: "ResolveCoreStaticWebAssets;") at C:\Program Files\dotnet\sdk\9.0.302\Sdks\Microsoft.NET.Sdk.StaticWebAssets\targets\Microsoft.NET.Sdk.StaticWebAssets.ScopedCss.targets (88,3)
       C:\Program Files\dotnet\sdk\9.0.302\Sdks\Microsoft.NET.Sdk.StaticWebAssets\targets\Microsoft.NET.Sdk.StaticWebAssets.JSModules.targets(37,5): message : Property reassignment: $(ResolveCoreStaticWebAssetsDependsOn)="
       C:\Program Files\dotnet\sdk\9.0.302\Sdks\Microsoft.NET.Sdk.StaticWebAssets\targets\Microsoft.NET.Sdk.StaticWebAssets.JSModules.targets(37,5): message :       
       C:\Program Files\dotnet\sdk\9.0.302\Sdks\Microsoft.NET.Sdk.StaticWebAssets\targets\Microsoft.NET.Sdk.StaticWebAssets.JSModules.targets(37,5): message :       UpdateExistingPackageStaticWebAssets;
       C:\Program Files\dotnet\sdk\9.0.302\Sdks\Microsoft.NET.Sdk.StaticWebAssets\targets\Microsoft.NET.Sdk.StaticWebAssets.JSModules.targets(37,5): message :       ResolveProjectStaticWebAssets;
       C:\Program Files\dotnet\sdk\9.0.302\Sdks\Microsoft.NET.Sdk.StaticWebAssets\targets\Microsoft.NET.Sdk.StaticWebAssets.JSModules.targets(37,5): message :       ResolveEmbeddedProjectsStaticWebAssets;
       C:\Program Files\dotnet\sdk\9.0.302\Sdks\Microsoft.NET.Sdk.StaticWebAssets\targets\Microsoft.NET.Sdk.StaticWebAssets.JSModules.targets(37,5): message :       ResolveReferencedProjectsStaticWebAssets;
       C:\Program Files\dotnet\sdk\9.0.302\Sdks\Microsoft.NET.Sdk.StaticWebAssets\targets\Microsoft.NET.Sdk.StaticWebAssets.JSModules.targets(37,5): message :       ;
       C:\Program Files\dotnet\sdk\9.0.302\Sdks\Microsoft.NET.Sdk.StaticWebAssets\targets\Microsoft.NET.Sdk.StaticWebAssets.JSModules.targets(37,5): message :     ;
       C:\Program Files\dotnet\sdk\9.0.302\Sdks\Microsoft.NET.Sdk.StaticWebAssets\targets\Microsoft.NET.Sdk.StaticWebAssets.JSModules.targets(37,5): message :       ResolveJsInitializerModuleStaticWebAssets;
       C:\Program Files\dotnet\sdk\9.0.302\Sdks\Microsoft.NET.Sdk.StaticWebAssets\targets\Microsoft.NET.Sdk.StaticWebAssets.JSModules.targets(37,5): message :     " (previous value: "
       C:\Program Files\dotnet\sdk\9.0.302\Sdks\Microsoft.NET.Sdk.StaticWebAssets\targets\Microsoft.NET.Sdk.StaticWebAssets.JSModules.targets(37,5): message :       UpdateExistingPackageStaticWebAssets;
       C:\Program Files\dotnet\sdk\9.0.302\Sdks\Microsoft.NET.Sdk.StaticWebAssets\targets\Microsoft.NET.Sdk.StaticWebAssets.JSModules.targets(37,5): message :       ResolveProjectStaticWebAssets;
       C:\Program Files\dotnet\sdk\9.0.302\Sdks\Microsoft.NET.Sdk.StaticWebAssets\targets\Microsoft.NET.Sdk.StaticWebAssets.JSModules.targets(37,5): message :       ResolveEmbeddedProjectsStaticWebAssets;
       C:\Program Files\dotnet\sdk\9.0.302\Sdks\Microsoft.NET.Sdk.StaticWebAssets\targets\Microsoft.NET.Sdk.StaticWebAssets.JSModules.targets(37,5): message :       ResolveReferencedProjectsStaticWebAssets;
       C:\Program Files\dotnet\sdk\9.0.302\Sdks\Microsoft.NET.Sdk.StaticWebAssets\targets\Microsoft.NET.Sdk.StaticWebAssets.JSModules.targets(37,5): message :       ;
       C:\Program Files\dotnet\sdk\9.0.302\Sdks\Microsoft.NET.Sdk.StaticWebAssets\targets\Microsoft.NET.Sdk.StaticWebAssets.JSModules.targets(37,5): message :     ") at C:\Program Files\dotnet\sdk\9.0.302\Sdks\Microsoft.NET.Sdk.StaticWebAssets\targets\Microsoft.NET.Sdk.StaticWebAssets.JSModules.targets (37,5)
       C:\Program Files\dotnet\sdk\9.0.302\Sdks\Microsoft.NET.Sdk.StaticWebAssets\targets\Microsoft.NET.Sdk.StaticWebAssets.JSModules.targets(42,5): message : Property reassignment: $(ResolveCoreStaticWebAssetsDependsOn)="
       C:\Program Files\dotnet\sdk\9.0.302\Sdks\Microsoft.NET.Sdk.StaticWebAssets\targets\Microsoft.NET.Sdk.StaticWebAssets.JSModules.targets(42,5): message :       
       C:\Program Files\dotnet\sdk\9.0.302\Sdks\Microsoft.NET.Sdk.StaticWebAssets\targets\Microsoft.NET.Sdk.StaticWebAssets.JSModules.targets(42,5): message :       
       C:\Program Files\dotnet\sdk\9.0.302\Sdks\Microsoft.NET.Sdk.StaticWebAssets\targets\Microsoft.NET.Sdk.StaticWebAssets.JSModules.targets(42,5): message :       UpdateExistingPackageStaticWebAssets;
       C:\Program Files\dotnet\sdk\9.0.302\Sdks\Microsoft.NET.Sdk.StaticWebAssets\targets\Microsoft.NET.Sdk.StaticWebAssets.JSModules.targets(42,5): message :       ResolveProjectStaticWebAssets;
       C:\Program Files\dotnet\sdk\9.0.302\Sdks\Microsoft.NET.Sdk.StaticWebAssets\targets\Microsoft.NET.Sdk.StaticWebAssets.JSModules.targets(42,5): message :       ResolveEmbeddedProjectsStaticWebAssets;
       C:\Program Files\dotnet\sdk\9.0.302\Sdks\Microsoft.NET.Sdk.StaticWebAssets\targets\Microsoft.NET.Sdk.StaticWebAssets.JSModules.targets(42,5): message :       ResolveReferencedProjectsStaticWebAssets;
       C:\Program Files\dotnet\sdk\9.0.302\Sdks\Microsoft.NET.Sdk.StaticWebAssets\targets\Microsoft.NET.Sdk.StaticWebAssets.JSModules.targets(42,5): message :       ;
       C:\Program Files\dotnet\sdk\9.0.302\Sdks\Microsoft.NET.Sdk.StaticWebAssets\targets\Microsoft.NET.Sdk.StaticWebAssets.JSModules.targets(42,5): message :     ;
       C:\Program Files\dotnet\sdk\9.0.302\Sdks\Microsoft.NET.Sdk.StaticWebAssets\targets\Microsoft.NET.Sdk.StaticWebAssets.JSModules.targets(42,5): message :       ResolveJsInitializerModuleStaticWebAssets;
       C:\Program Files\dotnet\sdk\9.0.302\Sdks\Microsoft.NET.Sdk.StaticWebAssets\targets\Microsoft.NET.Sdk.StaticWebAssets.JSModules.targets(42,5): message :     ;
       C:\Program Files\dotnet\sdk\9.0.302\Sdks\Microsoft.NET.Sdk.StaticWebAssets\targets\Microsoft.NET.Sdk.StaticWebAssets.JSModules.targets(42,5): message :       ResolveJSModuleStaticWebAssets;
       C:\Program Files\dotnet\sdk\9.0.302\Sdks\Microsoft.NET.Sdk.StaticWebAssets\targets\Microsoft.NET.Sdk.StaticWebAssets.JSModules.targets(42,5): message :     " (previous value: "
       C:\Program Files\dotnet\sdk\9.0.302\Sdks\Microsoft.NET.Sdk.StaticWebAssets\targets\Microsoft.NET.Sdk.StaticWebAssets.JSModules.targets(42,5): message :       
       C:\Program Files\dotnet\sdk\9.0.302\Sdks\Microsoft.NET.Sdk.StaticWebAssets\targets\Microsoft.NET.Sdk.StaticWebAssets.JSModules.targets(42,5): message :       UpdateExistingPackageStaticWebAssets;
       C:\Program Files\dotnet\sdk\9.0.302\Sdks\Microsoft.NET.Sdk.StaticWebAssets\targets\Microsoft.NET.Sdk.StaticWebAssets.JSModules.targets(42,5): message :       ResolveProjectStaticWebAssets;
       C:\Program Files\dotnet\sdk\9.0.302\Sdks\Microsoft.NET.Sdk.StaticWebAssets\targets\Microsoft.NET.Sdk.StaticWebAssets.JSModules.targets(42,5): message :       ResolveEmbeddedProjectsStaticWebAssets;
       C:\Program Files\dotnet\sdk\9.0.302\Sdks\Microsoft.NET.Sdk.StaticWebAssets\targets\Microsoft.NET.Sdk.StaticWebAssets.JSModules.targets(42,5): message :       ResolveReferencedProjectsStaticWebAssets;
       C:\Program Files\dotnet\sdk\9.0.302\Sdks\Microsoft.NET.Sdk.StaticWebAssets\targets\Microsoft.NET.Sdk.StaticWebAssets.JSModules.targets(42,5): message :       ;
       C:\Program Files\dotnet\sdk\9.0.302\Sdks\Microsoft.NET.Sdk.StaticWebAssets\targets\Microsoft.NET.Sdk.StaticWebAssets.JSModules.targets(42,5): message :     ;
       C:\Program Files\dotnet\sdk\9.0.302\Sdks\Microsoft.NET.Sdk.StaticWebAssets\targets\Microsoft.NET.Sdk.StaticWebAssets.JSModules.targets(42,5): message :       ResolveJsInitializerModuleStaticWebAssets;
       C:\Program Files\dotnet\sdk\9.0.302\Sdks\Microsoft.NET.Sdk.StaticWebAssets\targets\Microsoft.NET.Sdk.StaticWebAssets.JSModules.targets(42,5): message :     ") at C:\Program Files\dotnet\sdk\9.0.302\Sdks\Microsoft.NET.Sdk.StaticWebAssets\targets\Microsoft.NET.Sdk.StaticWebAssets.JSModules.targets (42,5)
       C:\Program Files\dotnet\sdk\9.0.302\Sdks\Microsoft.NET.Sdk.StaticWebAssets\targets\Microsoft.NET.Sdk.StaticWebAssets.JSModules.targets(57,5): message : Property reassignment: $(ResolveStaticWebAssetsInputsDependsOn)="
       C:\Program Files\dotnet\sdk\9.0.302\Sdks\Microsoft.NET.Sdk.StaticWebAssets\targets\Microsoft.NET.Sdk.StaticWebAssets.JSModules.targets(57,5): message :       ResolveJSModuleManifestBuildStaticWebAssets;
       C:\Program Files\dotnet\sdk\9.0.302\Sdks\Microsoft.NET.Sdk.StaticWebAssets\targets\Microsoft.NET.Sdk.StaticWebAssets.JSModules.targets(57,5): message :       
       C:\Program Files\dotnet\sdk\9.0.302\Sdks\Microsoft.NET.Sdk.StaticWebAssets\targets\Microsoft.NET.Sdk.StaticWebAssets.JSModules.targets(57,5): message :     
       C:\Program Files\dotnet\sdk\9.0.302\Sdks\Microsoft.NET.Sdk.StaticWebAssets\targets\Microsoft.NET.Sdk.StaticWebAssets.JSModules.targets(57,5): message :       ResolveCoreStaticWebAssets;
       C:\Program Files\dotnet\sdk\9.0.302\Sdks\Microsoft.NET.Sdk.StaticWebAssets\targets\Microsoft.NET.Sdk.StaticWebAssets.JSModules.targets(57,5): message :       GenerateComputedBuildStaticWebAssets;
       C:\Program Files\dotnet\sdk\9.0.302\Sdks\Microsoft.NET.Sdk.StaticWebAssets\targets\Microsoft.NET.Sdk.StaticWebAssets.JSModules.targets(57,5): message :       
       C:\Program Files\dotnet\sdk\9.0.302\Sdks\Microsoft.NET.Sdk.StaticWebAssets\targets\Microsoft.NET.Sdk.StaticWebAssets.JSModules.targets(57,5): message :     ;
       C:\Program Files\dotnet\sdk\9.0.302\Sdks\Microsoft.NET.Sdk.StaticWebAssets\targets\Microsoft.NET.Sdk.StaticWebAssets.JSModules.targets(57,5): message :     ResolveScopedCssAssets;
       C:\Program Files\dotnet\sdk\9.0.302\Sdks\Microsoft.NET.Sdk.StaticWebAssets\targets\Microsoft.NET.Sdk.StaticWebAssets.JSModules.targets(57,5): message :   
       C:\Program Files\dotnet\sdk\9.0.302\Sdks\Microsoft.NET.Sdk.StaticWebAssets\targets\Microsoft.NET.Sdk.StaticWebAssets.JSModules.targets(57,5): message :     " (previous value: "
       C:\Program Files\dotnet\sdk\9.0.302\Sdks\Microsoft.NET.Sdk.StaticWebAssets\targets\Microsoft.NET.Sdk.StaticWebAssets.JSModules.targets(57,5): message :     
       C:\Program Files\dotnet\sdk\9.0.302\Sdks\Microsoft.NET.Sdk.StaticWebAssets\targets\Microsoft.NET.Sdk.StaticWebAssets.JSModules.targets(57,5): message :       ResolveCoreStaticWebAssets;
       C:\Program Files\dotnet\sdk\9.0.302\Sdks\Microsoft.NET.Sdk.StaticWebAssets\targets\Microsoft.NET.Sdk.StaticWebAssets.JSModules.targets(57,5): message :       GenerateComputedBuildStaticWebAssets;
       C:\Program Files\dotnet\sdk\9.0.302\Sdks\Microsoft.NET.Sdk.StaticWebAssets\targets\Microsoft.NET.Sdk.StaticWebAssets.JSModules.targets(57,5): message :       
       C:\Program Files\dotnet\sdk\9.0.302\Sdks\Microsoft.NET.Sdk.StaticWebAssets\targets\Microsoft.NET.Sdk.StaticWebAssets.JSModules.targets(57,5): message :     ;
       C:\Program Files\dotnet\sdk\9.0.302\Sdks\Microsoft.NET.Sdk.StaticWebAssets\targets\Microsoft.NET.Sdk.StaticWebAssets.JSModules.targets(57,5): message :     ResolveScopedCssAssets;
       C:\Program Files\dotnet\sdk\9.0.302\Sdks\Microsoft.NET.Sdk.StaticWebAssets\targets\Microsoft.NET.Sdk.StaticWebAssets.JSModules.targets(57,5): message :   ") at C:\Program Files\dotnet\sdk\9.0.302\Sdks\Microsoft.NET.Sdk.StaticWebAssets\targets\Microsoft.NET.Sdk.StaticWebAssets.JSModules.targets (57,5)
       C:\Program Files\dotnet\sdk\9.0.302\Sdks\Microsoft.NET.Sdk.StaticWebAssets\targets\Microsoft.NET.Sdk.StaticWebAssets.JSModules.targets(76,5): message : Property reassignment: $(ResolvePublishStaticWebAssetsDependsOn)="
       C:\Program Files\dotnet\sdk\9.0.302\Sdks\Microsoft.NET.Sdk.StaticWebAssets\targets\Microsoft.NET.Sdk.StaticWebAssets.JSModules.targets(76,5): message :       ResolveJSModuleManifestPublishStaticWebAssets;
       C:\Program Files\dotnet\sdk\9.0.302\Sdks\Microsoft.NET.Sdk.StaticWebAssets\targets\Microsoft.NET.Sdk.StaticWebAssets.JSModules.targets(76,5): message :       
       C:\Program Files\dotnet\sdk\9.0.302\Sdks\Microsoft.NET.Sdk.StaticWebAssets\targets\Microsoft.NET.Sdk.StaticWebAssets.JSModules.targets(76,5): message :       ResolveCorePublishStaticWebAssets;
       C:\Program Files\dotnet\sdk\9.0.302\Sdks\Microsoft.NET.Sdk.StaticWebAssets\targets\Microsoft.NET.Sdk.StaticWebAssets.JSModules.targets(76,5): message :       GenerateComputedPublishStaticWebAssets;
       C:\Program Files\dotnet\sdk\9.0.302\Sdks\Microsoft.NET.Sdk.StaticWebAssets\targets\Microsoft.NET.Sdk.StaticWebAssets.JSModules.targets(76,5): message :       ;
       C:\Program Files\dotnet\sdk\9.0.302\Sdks\Microsoft.NET.Sdk.StaticWebAssets\targets\Microsoft.NET.Sdk.StaticWebAssets.JSModules.targets(76,5): message :     
       C:\Program Files\dotnet\sdk\9.0.302\Sdks\Microsoft.NET.Sdk.StaticWebAssets\targets\Microsoft.NET.Sdk.StaticWebAssets.JSModules.targets(76,5): message :     " (previous value: "
       C:\Program Files\dotnet\sdk\9.0.302\Sdks\Microsoft.NET.Sdk.StaticWebAssets\targets\Microsoft.NET.Sdk.StaticWebAssets.JSModules.targets(76,5): message :       ResolveCorePublishStaticWebAssets;
       C:\Program Files\dotnet\sdk\9.0.302\Sdks\Microsoft.NET.Sdk.StaticWebAssets\targets\Microsoft.NET.Sdk.StaticWebAssets.JSModules.targets(76,5): message :       GenerateComputedPublishStaticWebAssets;
       C:\Program Files\dotnet\sdk\9.0.302\Sdks\Microsoft.NET.Sdk.StaticWebAssets\targets\Microsoft.NET.Sdk.StaticWebAssets.JSModules.targets(76,5): message :       ;
       C:\Program Files\dotnet\sdk\9.0.302\Sdks\Microsoft.NET.Sdk.StaticWebAssets\targets\Microsoft.NET.Sdk.StaticWebAssets.JSModules.targets(76,5): message :     ") at C:\Program Files\dotnet\sdk\9.0.302\Sdks\Microsoft.NET.Sdk.StaticWebAssets\targets\Microsoft.NET.Sdk.StaticWebAssets.JSModules.targets (76,5)
       C:\Program Files\dotnet\sdk\9.0.302\Sdks\Microsoft.NET.Sdk.StaticWebAssets\targets\Microsoft.NET.Sdk.StaticWebAssets.Compression.targets(179,5): message : Property reassignment: $(ResolveBuildRelatedStaticWebAssetsDependsOn)="
       C:\Program Files\dotnet\sdk\9.0.302\Sdks\Microsoft.NET.Sdk.StaticWebAssets\targets\Microsoft.NET.Sdk.StaticWebAssets.Compression.targets(179,5): message :       ResolveBuildCompressedStaticWebAssets;
       C:\Program Files\dotnet\sdk\9.0.302\Sdks\Microsoft.NET.Sdk.StaticWebAssets\targets\Microsoft.NET.Sdk.StaticWebAssets.Compression.targets(179,5): message :       
       C:\Program Files\dotnet\sdk\9.0.302\Sdks\Microsoft.NET.Sdk.StaticWebAssets\targets\Microsoft.NET.Sdk.StaticWebAssets.Compression.targets(179,5): message :       ResolveStaticWebAssetsInputs;
       C:\Program Files\dotnet\sdk\9.0.302\Sdks\Microsoft.NET.Sdk.StaticWebAssets\targets\Microsoft.NET.Sdk.StaticWebAssets.Compression.targets(179,5): message :       
       C:\Program Files\dotnet\sdk\9.0.302\Sdks\Microsoft.NET.Sdk.StaticWebAssets\targets\Microsoft.NET.Sdk.StaticWebAssets.Compression.targets(179,5): message :     
       C:\Program Files\dotnet\sdk\9.0.302\Sdks\Microsoft.NET.Sdk.StaticWebAssets\targets\Microsoft.NET.Sdk.StaticWebAssets.Compression.targets(179,5): message :     " (previous value: "
       C:\Program Files\dotnet\sdk\9.0.302\Sdks\Microsoft.NET.Sdk.StaticWebAssets\targets\Microsoft.NET.Sdk.StaticWebAssets.Compression.targets(179,5): message :       ResolveStaticWebAssetsInputs;
       C:\Program Files\dotnet\sdk\9.0.302\Sdks\Microsoft.NET.Sdk.StaticWebAssets\targets\Microsoft.NET.Sdk.StaticWebAssets.Compression.targets(179,5): message :       
       C:\Program Files\dotnet\sdk\9.0.302\Sdks\Microsoft.NET.Sdk.StaticWebAssets\targets\Microsoft.NET.Sdk.StaticWebAssets.Compression.targets(179,5): message :     ") at C:\Program Files\dotnet\sdk\9.0.302\Sdks\Microsoft.NET.Sdk.StaticWebAssets\targets\Microsoft.NET.Sdk.StaticWebAssets.Compression.targets (179,5)
       C:\Program Files\dotnet\sdk\9.0.302\Sdks\Microsoft.NET.Sdk.StaticWebAssets\targets\Microsoft.NET.Sdk.StaticWebAssets.Compression.targets(198,5): message : Property reassignment: $(ResolvePublishRelatedStaticWebAssetsDependsOn)="
       C:\Program Files\dotnet\sdk\9.0.302\Sdks\Microsoft.NET.Sdk.StaticWebAssets\targets\Microsoft.NET.Sdk.StaticWebAssets.Compression.targets(198,5): message :       ResolvePublishCompressedStaticWebAssets;
       C:\Program Files\dotnet\sdk\9.0.302\Sdks\Microsoft.NET.Sdk.StaticWebAssets\targets\Microsoft.NET.Sdk.StaticWebAssets.Compression.targets(198,5): message :       
       C:\Program Files\dotnet\sdk\9.0.302\Sdks\Microsoft.NET.Sdk.StaticWebAssets\targets\Microsoft.NET.Sdk.StaticWebAssets.Compression.targets(198,5): message :     " (previous value: "") at C:\Program Files\dotnet\sdk\9.0.302\Sdks\Microsoft.NET.Sdk.StaticWebAssets\targets\Microsoft.NET.Sdk.StaticWebAssets.Compression.targets (198,5)
       C:\Program Files\dotnet\sdk\9.0.302\Sdks\Microsoft.NET.Sdk.Razor\targets\Sdk.Razor.CurrentVersion.targets(205,5): message : Property reassignment: $(DebugSymbolsProjectOutputGroupDependsOn)="
       C:\Program Files\dotnet\sdk\9.0.302\Sdks\Microsoft.NET.Sdk.Razor\targets\Sdk.Razor.CurrentVersion.targets(205,5): message :       ;
       C:\Program Files\dotnet\sdk\9.0.302\Sdks\Microsoft.NET.Sdk.Razor\targets\Sdk.Razor.CurrentVersion.targets(205,5): message :       _RazorAddDebugSymbolsProjectOutputGroupOutput
       C:\Program Files\dotnet\sdk\9.0.302\Sdks\Microsoft.NET.Sdk.Razor\targets\Sdk.Razor.CurrentVersion.targets(205,5): message :     " (previous value: "") at C:\Program Files\dotnet\sdk\9.0.302\Sdks\Microsoft.NET.Sdk.Razor\targets\Sdk.Razor.CurrentVersion.targets (205,5)
       C:\Program Files\dotnet\sdk\9.0.302\Sdks\Microsoft.NET.Sdk.Razor\targets\Sdk.Razor.CurrentVersion.targets(210,5): message : Property reassignment: $(PrepareForBuildDependsOn)="
       C:\Program Files\dotnet\sdk\9.0.302\Sdks\Microsoft.NET.Sdk.Razor\targets\Sdk.Razor.CurrentVersion.targets(210,5): message :       BundleMinify;;GetFrameworkPaths;GetReferenceAssemblyPaths;AssignLinkMetadata;
       C:\Program Files\dotnet\sdk\9.0.302\Sdks\Microsoft.NET.Sdk.Razor\targets\Sdk.Razor.CurrentVersion.targets(210,5): message :       ResolveRazorGenerateInputs
       C:\Program Files\dotnet\sdk\9.0.302\Sdks\Microsoft.NET.Sdk.Razor\targets\Sdk.Razor.CurrentVersion.targets(210,5): message :     " (previous value: "BundleMinify;;GetFrameworkPaths;GetReferenceAssemblyPaths;AssignLinkMetadata") at C:\Program Files\dotnet\sdk\9.0.302\Sdks\Microsoft.NET.Sdk.Razor\targets\Sdk.Razor.CurrentVersion.targets (210,5)
       C:\Program Files\dotnet\sdk\9.0.302\Sdks\Microsoft.NET.Sdk.Razor\targets\Sdk.Razor.CurrentVersion.targets(215,5): message : Property reassignment: $(GenerateNuspecDependsOn)="
       C:\Program Files\dotnet\sdk\9.0.302\Sdks\Microsoft.NET.Sdk.Razor\targets\Sdk.Razor.CurrentVersion.targets(215,5): message :       ResolveRazorGenerateInputs;
       C:\Program Files\dotnet\sdk\9.0.302\Sdks\Microsoft.NET.Sdk.Razor\targets\Sdk.Razor.CurrentVersion.targets(215,5): message :       
       C:\Program Files\dotnet\sdk\9.0.302\Sdks\Microsoft.NET.Sdk.Razor\targets\Sdk.Razor.CurrentVersion.targets(215,5): message :       IncludeStaticWebAssetsPackItems;
       C:\Program Files\dotnet\sdk\9.0.302\Sdks\Microsoft.NET.Sdk.Razor\targets\Sdk.Razor.CurrentVersion.targets(215,5): message :       Build;_LoadPackInputItems; _GetTargetFrameworksOutput; _WalkEachTargetPerFramework; _GetPackageFiles; ;
       C:\Program Files\dotnet\sdk\9.0.302\Sdks\Microsoft.NET.Sdk.Razor\targets\Sdk.Razor.CurrentVersion.targets(215,5): message :     
       C:\Program Files\dotnet\sdk\9.0.302\Sdks\Microsoft.NET.Sdk.Razor\targets\Sdk.Razor.CurrentVersion.targets(215,5): message :     " (previous value: "
       C:\Program Files\dotnet\sdk\9.0.302\Sdks\Microsoft.NET.Sdk.Razor\targets\Sdk.Razor.CurrentVersion.targets(215,5): message :       IncludeStaticWebAssetsPackItems;
       C:\Program Files\dotnet\sdk\9.0.302\Sdks\Microsoft.NET.Sdk.Razor\targets\Sdk.Razor.CurrentVersion.targets(215,5): message :       Build;_LoadPackInputItems; _GetTargetFrameworksOutput; _WalkEachTargetPerFramework; _GetPackageFiles; ;
       C:\Program Files\dotnet\sdk\9.0.302\Sdks\Microsoft.NET.Sdk.Razor\targets\Sdk.Razor.CurrentVersion.targets(215,5): message :     ") at C:\Program Files\dotnet\sdk\9.0.302\Sdks\Microsoft.NET.Sdk.Razor\targets\Sdk.Razor.CurrentVersion.targets (215,5)
       C:\Program Files\dotnet\sdk\9.0.302\Sdks\Microsoft.NET.Sdk.Razor\targets\Sdk.Razor.CurrentVersion.targets(220,5): message : Property reassignment: $(PrepareForRunDependsOn)="
       C:\Program Files\dotnet\sdk\9.0.302\Sdks\Microsoft.NET.Sdk.Razor\targets\Sdk.Razor.CurrentVersion.targets(220,5): message :       _RazorPrepareForRun;
       C:\Program Files\dotnet\sdk\9.0.302\Sdks\Microsoft.NET.Sdk.Razor\targets\Sdk.Razor.CurrentVersion.targets(220,5): message :       StaticWebAssetsPrepareForRun;
       C:\Program Files\dotnet\sdk\9.0.302\Sdks\Microsoft.NET.Sdk.Razor\targets\Sdk.Razor.CurrentVersion.targets(220,5): message :       CopyFilesToOutputDirectory
       C:\Program Files\dotnet\sdk\9.0.302\Sdks\Microsoft.NET.Sdk.Razor\targets\Sdk.Razor.CurrentVersion.targets(220,5): message :     
       C:\Program Files\dotnet\sdk\9.0.302\Sdks\Microsoft.NET.Sdk.Razor\targets\Sdk.Razor.CurrentVersion.targets(220,5): message :     " (previous value: "StaticWebAssetsPrepareForRun;
       C:\Program Files\dotnet\sdk\9.0.302\Sdks\Microsoft.NET.Sdk.Razor\targets\Sdk.Razor.CurrentVersion.targets(220,5): message :       CopyFilesToOutputDirectory
       C:\Program Files\dotnet\sdk\9.0.302\Sdks\Microsoft.NET.Sdk.Razor\targets\Sdk.Razor.CurrentVersion.targets(220,5): message :     ") at C:\Program Files\dotnet\sdk\9.0.302\Sdks\Microsoft.NET.Sdk.Razor\targets\Sdk.Razor.CurrentVersion.targets (220,5)
       C:\Program Files\dotnet\sdk\9.0.302\Sdks\Microsoft.NET.Sdk.Razor\targets\Sdk.Razor.CurrentVersion.targets(311,5): message : Property reassignment: $(UseRazorBuildServer)="true" (previous value: "") at C:\Program Files\dotnet\sdk\9.0.302\Sdks\Microsoft.NET.Sdk.Razor\targets\Sdk.Razor.CurrentVersion.targets (311,5)
       C:\Program Files\dotnet\sdk\9.0.302\Sdks\Microsoft.NET.Sdk.Razor\targets\Sdk.Razor.CurrentVersion.targets(317,5): message : Property reassignment: $(_RazorDebugSymbolsProduced)="true" (previous value: "false") at C:\Program Files\dotnet\sdk\9.0.302\Sdks\Microsoft.NET.Sdk.Razor\targets\Sdk.Razor.CurrentVersion.targets (317,5)
       C:\Program Files\dotnet\sdk\9.0.302\Sdks\Microsoft.NET.Sdk.Razor\targets\Microsoft.NET.Sdk.Razor.GenerateAssemblyInfo.targets(36,5): message : Property reassignment: $(GenerateRazorTargetAssemblyInfoDependsOn)="
       C:\Program Files\dotnet\sdk\9.0.302\Sdks\Microsoft.NET.Sdk.Razor\targets\Microsoft.NET.Sdk.Razor.GenerateAssemblyInfo.targets(36,5): message :       _ResolveMvcAssemblyAttributes;
       C:\Program Files\dotnet\sdk\9.0.302\Sdks\Microsoft.NET.Sdk.Razor\targets\Microsoft.NET.Sdk.Razor.GenerateAssemblyInfo.targets(36,5): message :       
       C:\Program Files\dotnet\sdk\9.0.302\Sdks\Microsoft.NET.Sdk.Razor\targets\Microsoft.NET.Sdk.Razor.GenerateAssemblyInfo.targets(36,5): message :       GetRazorTargetAssemblyAttributes;
       C:\Program Files\dotnet\sdk\9.0.302\Sdks\Microsoft.NET.Sdk.Razor\targets\Microsoft.NET.Sdk.Razor.GenerateAssemblyInfo.targets(36,5): message :       _CreateRazorTargetAssemblyInfoInputsCacheFile;
       C:\Program Files\dotnet\sdk\9.0.302\Sdks\Microsoft.NET.Sdk.Razor\targets\Microsoft.NET.Sdk.Razor.GenerateAssemblyInfo.targets(36,5): message :       CoreGenerateRazorTargetAssemblyInfo
       C:\Program Files\dotnet\sdk\9.0.302\Sdks\Microsoft.NET.Sdk.Razor\targets\Microsoft.NET.Sdk.Razor.GenerateAssemblyInfo.targets(36,5): message :     
       C:\Program Files\dotnet\sdk\9.0.302\Sdks\Microsoft.NET.Sdk.Razor\targets\Microsoft.NET.Sdk.Razor.GenerateAssemblyInfo.targets(36,5): message :     " (previous value: "
       C:\Program Files\dotnet\sdk\9.0.302\Sdks\Microsoft.NET.Sdk.Razor\targets\Microsoft.NET.Sdk.Razor.GenerateAssemblyInfo.targets(36,5): message :       GetRazorTargetAssemblyAttributes;
       C:\Program Files\dotnet\sdk\9.0.302\Sdks\Microsoft.NET.Sdk.Razor\targets\Microsoft.NET.Sdk.Razor.GenerateAssemblyInfo.targets(36,5): message :       _CreateRazorTargetAssemblyInfoInputsCacheFile;
       C:\Program Files\dotnet\sdk\9.0.302\Sdks\Microsoft.NET.Sdk.Razor\targets\Microsoft.NET.Sdk.Razor.GenerateAssemblyInfo.targets(36,5): message :       CoreGenerateRazorTargetAssemblyInfo
       C:\Program Files\dotnet\sdk\9.0.302\Sdks\Microsoft.NET.Sdk.Razor\targets\Microsoft.NET.Sdk.Razor.GenerateAssemblyInfo.targets(36,5): message :     ") at C:\Program Files\dotnet\sdk\9.0.302\Sdks\Microsoft.NET.Sdk.Razor\targets\Microsoft.NET.Sdk.Razor.GenerateAssemblyInfo.targets (36,5)
       C:\Program Files\dotnet\sdk\9.0.302\Sdks\Microsoft.NET.Sdk.Razor\targets\Microsoft.NET.Sdk.Razor.GenerateAssemblyInfo.targets(181,5): message : Property reassignment: $(CoreCompileDependsOn)="
       C:\Program Files\dotnet\sdk\9.0.302\Sdks\Microsoft.NET.Sdk.Razor\targets\Microsoft.NET.Sdk.Razor.GenerateAssemblyInfo.targets(181,5): message :       ;_ComputeNonExistentFileProperty;ResolveCodeAnalysisRuleSet;
       C:\Program Files\dotnet\sdk\9.0.302\Sdks\Microsoft.NET.Sdk.Razor\targets\Microsoft.NET.Sdk.Razor.GenerateAssemblyInfo.targets(181,5): message :       _GenerateRazorAssemblyInfo
       C:\Program Files\dotnet\sdk\9.0.302\Sdks\Microsoft.NET.Sdk.Razor\targets\Microsoft.NET.Sdk.Razor.GenerateAssemblyInfo.targets(181,5): message :     " (previous value: ";_ComputeNonExistentFileProperty;ResolveCodeAnalysisRuleSet") at C:\Program Files\dotnet\sdk\9.0.302\Sdks\Microsoft.NET.Sdk.Razor\targets\Microsoft.NET.Sdk.Razor.GenerateAssemblyInfo.targets (181,5)
       C:\Program Files\dotnet\sdk\9.0.302\Sdks\Microsoft.NET.Sdk.Razor\targets\Microsoft.NET.Sdk.Razor.GenerateAssemblyInfo.targets(189,5): message : Property reassignment: $(_GenerateRazorAssemblyInfoDependsOn)="
       C:\Program Files\dotnet\sdk\9.0.302\Sdks\Microsoft.NET.Sdk.Razor\targets\Microsoft.NET.Sdk.Razor.GenerateAssemblyInfo.targets(189,5): message :       _ResolveMvcAssemblyAttributes;
       C:\Program Files\dotnet\sdk\9.0.302\Sdks\Microsoft.NET.Sdk.Razor\targets\Microsoft.NET.Sdk.Razor.GenerateAssemblyInfo.targets(189,5): message :       RazorGetAssemblyAttributes;PrepareForBuild;_CoreGenerateRazorAssemblyInfo;
       C:\Program Files\dotnet\sdk\9.0.302\Sdks\Microsoft.NET.Sdk.Razor\targets\Microsoft.NET.Sdk.Razor.GenerateAssemblyInfo.targets(189,5): message :     " (previous value: "RazorGetAssemblyAttributes;PrepareForBuild;_CoreGenerateRazorAssemblyInfo") at C:\Program Files\dotnet\sdk\9.0.302\Sdks\Microsoft.NET.Sdk.Razor\targets\Microsoft.NET.Sdk.Razor.GenerateAssemblyInfo.targets (189,5)
       C:\Program Files\dotnet\sdk\9.0.302\Sdks\Microsoft.NET.Sdk.Razor\targets\Microsoft.NET.Sdk.Razor.MvcApplicationPartsDiscovery.targets(22,5): message : Property reassignment: $(CoreCompileDependsOn)="
       C:\Program Files\dotnet\sdk\9.0.302\Sdks\Microsoft.NET.Sdk.Razor\targets\Microsoft.NET.Sdk.Razor.MvcApplicationPartsDiscovery.targets(22,5): message :       _DiscoverMvcApplicationParts;
       C:\Program Files\dotnet\sdk\9.0.302\Sdks\Microsoft.NET.Sdk.Razor\targets\Microsoft.NET.Sdk.Razor.MvcApplicationPartsDiscovery.targets(22,5): message :       
       C:\Program Files\dotnet\sdk\9.0.302\Sdks\Microsoft.NET.Sdk.Razor\targets\Microsoft.NET.Sdk.Razor.MvcApplicationPartsDiscovery.targets(22,5): message :       ;_ComputeNonExistentFileProperty;ResolveCodeAnalysisRuleSet;
       C:\Program Files\dotnet\sdk\9.0.302\Sdks\Microsoft.NET.Sdk.Razor\targets\Microsoft.NET.Sdk.Razor.MvcApplicationPartsDiscovery.targets(22,5): message :       _GenerateRazorAssemblyInfo
       C:\Program Files\dotnet\sdk\9.0.302\Sdks\Microsoft.NET.Sdk.Razor\targets\Microsoft.NET.Sdk.Razor.MvcApplicationPartsDiscovery.targets(22,5): message :     ;
       C:\Program Files\dotnet\sdk\9.0.302\Sdks\Microsoft.NET.Sdk.Razor\targets\Microsoft.NET.Sdk.Razor.MvcApplicationPartsDiscovery.targets(22,5): message :     " (previous value: "
       C:\Program Files\dotnet\sdk\9.0.302\Sdks\Microsoft.NET.Sdk.Razor\targets\Microsoft.NET.Sdk.Razor.MvcApplicationPartsDiscovery.targets(22,5): message :       ;_ComputeNonExistentFileProperty;ResolveCodeAnalysisRuleSet;
       C:\Program Files\dotnet\sdk\9.0.302\Sdks\Microsoft.NET.Sdk.Razor\targets\Microsoft.NET.Sdk.Razor.MvcApplicationPartsDiscovery.targets(22,5): message :       _GenerateRazorAssemblyInfo
       C:\Program Files\dotnet\sdk\9.0.302\Sdks\Microsoft.NET.Sdk.Razor\targets\Microsoft.NET.Sdk.Razor.MvcApplicationPartsDiscovery.targets(22,5): message :     ") at C:\Program Files\dotnet\sdk\9.0.302\Sdks\Microsoft.NET.Sdk.Razor\targets\Microsoft.NET.Sdk.Razor.MvcApplicationPartsDiscovery.targets (22,5)
       C:\Program Files\dotnet\sdk\9.0.302\Sdks\Microsoft.NET.Sdk.Razor\targets\Sdk.Razor.CurrentVersion.targets(791,5): message : Property reassignment: $(RazorDesignTimeTargets)="C:\Program Files\dotnet\sdk\9.0.302\Sdks\Microsoft.NET.Sdk.Razor\targets\Microsoft.NET.Sdk.Razor.DesignTime.targets" (previous value: "C:\Program Files\dotnet\sdk\9.0.302\\Microsoft\VisualStudio\Razor\Microsoft.NET.Sdk.Razor.DesignTime.targets") at C:\Program Files\dotnet\sdk\9.0.302\Sdks\Microsoft.NET.Sdk.Razor\targets\Sdk.Razor.CurrentVersion.targets (791,5)
       C:\Program Files\dotnet\sdk\9.0.302\Sdks\Microsoft.NET.Sdk.Web.ProjectSystem\targets\Microsoft.NET.Sdk.Web.ProjectSystem.targets(21,5): message : Property reassignment: $(RunWorkingDirectory)="C:\Users\MBEYAZBULUT\Documents\GitHub\EnvanteriX\Presentation\EnvanteriX.WebUI" (previous value: "") at C:\Program Files\dotnet\sdk\9.0.302\Sdks\Microsoft.NET.Sdk.Web.ProjectSystem\targets\Microsoft.NET.Sdk.Web.ProjectSystem.targets (21,5)
       C:\Program Files\dotnet\sdk\9.0.302\Sdks\Microsoft.NET.Sdk.Publish\targets\Microsoft.NET.Sdk.Publish.targets(60,5): message : Property reassignment: $(PublishProfileImported)="true" (previous value: "false") at C:\Program Files\dotnet\sdk\9.0.302\Sdks\Microsoft.NET.Sdk.Publish\targets\Microsoft.NET.Sdk.Publish.targets (60,5)
       C:\Program Files\dotnet\sdk\9.0.302\Sdks\Microsoft.NET.Sdk.Publish\targets\Microsoft.NET.Sdk.Publish.targets(81,5): message : Property reassignment: $(PublishConfiguration)="Debug" (previous value: "") at C:\Program Files\dotnet\sdk\9.0.302\Sdks\Microsoft.NET.Sdk.Publish\targets\Microsoft.NET.Sdk.Publish.targets (81,5)
       C:\Program Files\dotnet\sdk\9.0.302\Sdks\Microsoft.NET.Sdk.Publish\targets\Microsoft.NET.Sdk.Publish.targets(87,5): message : Property reassignment: $(BaseIntermediateOutputPath)="C:\Users\MBEYAZBULUT\Documents\GitHub\EnvanteriX\Presentation\EnvanteriX.WebUI\obj\" (previous value: "obj\") at C:\Program Files\dotnet\sdk\9.0.302\Sdks\Microsoft.NET.Sdk.Publish\targets\Microsoft.NET.Sdk.Publish.targets (87,5)
       Overriding target "ResolveFrameworkReferences" in project "C:\Program Files\dotnet\sdk\9.0.302\Microsoft.Common.CurrentVersion.targets" with target "ResolveFrameworkReferences" from project "C:\Program Files\dotnet\sdk\9.0.302\Sdks\Microsoft.NET.Sdk\targets\Microsoft.NET.Sdk.FrameworkReferenceResolution.targets".
       Overriding target "Run" in project "C:\Program Files\dotnet\sdk\9.0.302\Microsoft.Common.CurrentVersion.targets" with target "Run" from project "C:\Program Files\dotnet\sdk\9.0.302\Sdks\Microsoft.NET.Sdk\targets\Microsoft.NET.Sdk.targets".
       Overriding target "GenerateSupportedTargetFrameworkAlias" in project "C:\Program Files\dotnet\sdk\9.0.302\Microsoft.Common.CurrentVersion.targets" with target "GenerateSupportedTargetFrameworkAlias" from project "C:\Program Files\dotnet\sdk\9.0.302\Sdks\Microsoft.NET.Sdk\targets\Microsoft.NET.Sdk.targets".
       Overriding target "GetReferenceAssemblyPaths" in project "C:\Program Files\dotnet\sdk\9.0.302\Microsoft.Common.CurrentVersion.targets" with target "GetReferenceAssemblyPaths" from project "C:\Program Files\dotnet\sdk\9.0.302\Sdks\Microsoft.NET.Sdk\targets\Microsoft.NET.DisableStandardFrameworkResolution.targets".
       Overriding target "GetFrameworkPaths" in project "C:\Program Files\dotnet\sdk\9.0.302\Microsoft.Common.CurrentVersion.targets" with target "GetFrameworkPaths" from project "C:\Program Files\dotnet\sdk\9.0.302\Sdks\Microsoft.NET.Sdk\targets\Microsoft.NET.DisableStandardFrameworkResolution.targets".
       Overriding target "DesignerRuntimeImplementationProjectOutputGroup" in project "C:\Program Files\dotnet\sdk\9.0.302\Microsoft.Common.CurrentVersion.targets" with target "DesignerRuntimeImplementationProjectOutputGroup" from project "C:\Program Files\dotnet\sdk\9.0.302\Sdks\Microsoft.NET.Sdk\targets\Microsoft.NET.DesignerSupport.targets".
       Overriding target "Publish" in project "C:\Program Files\dotnet\sdk\9.0.302\Microsoft.Common.CurrentVersion.targets" with target "Publish" from project "C:\Program Files\dotnet\sdk\9.0.302\Sdks\Microsoft.NET.Sdk\targets\Microsoft.NET.Publish.targets".
       Overriding target "ResolveReadyToRunCompilers" in project "C:\Program Files\dotnet\sdk\9.0.302\Sdks\Microsoft.NET.Sdk\targets\Microsoft.NET.CrossGen.targets" with target "ResolveReadyToRunCompilers" from project "C:\Program Files\dotnet\sdk\9.0.302\Sdks\Microsoft.NET.Sdk\targets\Microsoft.NET.Publish.targets".
       Overriding target "GetCopyToPublishDirectoryItems" in project "C:\Program Files\dotnet\sdk\9.0.302\Microsoft.Common.CurrentVersion.targets" with target "GetCopyToPublishDirectoryItems" from project "C:\Program Files\dotnet\sdk\9.0.302\Sdks\Microsoft.NET.Sdk\targets\Microsoft.NET.Publish.targets".
       Overriding target "BeforePublish" in project "C:\Program Files\dotnet\sdk\9.0.302\Microsoft.Common.CurrentVersion.targets" with target "BeforePublish" from project "C:\Program Files\dotnet\sdk\9.0.302\Sdks\Microsoft.NET.Sdk.Publish\targets\Microsoft.NET.Sdk.Publish.targets".
       Overriding target "AfterPublish" in project "C:\Program Files\dotnet\sdk\9.0.302\Microsoft.Common.CurrentVersion.targets" with target "AfterPublish" from project "C:\Program Files\dotnet\sdk\9.0.302\Sdks\Microsoft.NET.Sdk.Publish\targets\Microsoft.NET.Sdk.Publish.targets".
       The target "ResolveNuGetPackageAssets" listed in an AfterTargets attribute at "C:\Users\MBEYAZBULUT\.nuget\packages\system.text.json\9.0.3\buildTransitive\net8.0\System.Text.Json.targets (11,11)" does not exist in the project, and will be ignored.
       The target "ResolveNuGetPackageAssets" listed in an AfterTargets attribute at "C:\Users\MBEYAZBULUT\.nuget\packages\system.text.json\9.0.3\buildTransitive\net8.0\System.Text.Json.targets (23,11)" does not exist in the project, and will be ignored.
       The target "ResolveNuGetPackageAssets" listed in an AfterTargets attribute at "C:\Users\MBEYAZBULUT\.nuget\packages\microsoft.extensions.logging.abstractions\8.0.2\buildTransitive\net6.0\Microsoft.Extensions.Logging.Abstractions.targets (11,11)" does not exist in the project, and will be ignored.
       The target "ResolveNuGetPackageAssets" listed in an AfterTargets attribute at "C:\Users\MBEYAZBULUT\.nuget\packages\microsoft.extensions.logging.abstractions\8.0.2\buildTransitive\net6.0\Microsoft.Extensions.Logging.Abstractions.targets (23,11)" does not exist in the project, and will be ignored.
       The target "CompileTypeScriptWithTSConfig" listed in an AfterTargets attribute at "C:\Users\MBEYAZBULUT\.nuget\packages\buildbundlerminifier\3.2.449\build\BuildBundlerMinifier.targets (11,31)" does not exist in the project, and will be ignored.
       The target "CollectUpToDateCheckInputDesignTime" listed in a BeforeTargets attribute at "C:\Program Files\dotnet\sdk\9.0.302\Sdks\Microsoft.NET.Sdk.StaticWebAssets\targets\Microsoft.NET.Sdk.StaticWebAssets.ScopedCss.targets (171,5)" does not exist in the project, and will be ignored.
       The target "CollectUpToDateCheckBuiltDesignTime" listed in a BeforeTargets attribute at "C:\Program Files\dotnet\sdk\9.0.302\Sdks\Microsoft.NET.Sdk.StaticWebAssets\targets\Microsoft.NET.Sdk.StaticWebAssets.ScopedCss.targets (171,5)" does not exist in the project, and will be ignored.
       The target "RazorGenerateComponentDeclaration" listed in an AfterTargets attribute at "C:\Program Files\dotnet\sdk\9.0.302\Sdks\Microsoft.NET.Sdk.Razor\targets\Microsoft.NET.Sdk.Razor.DesignTime.targets (55,53)" does not exist in the project, and will be ignored.
   1:7>Project "C:\Users\MBEYAZBULUT\Documents\GitHub\EnvanteriX\Presentation\EnvanteriX.WebUI\EnvanteriX.WebUI.csproj" on node 1 (default targets).
   1:7>Target "NETStandardCompatError_Mono_TextTemplating_net6_0" in file "C:\Users\MBEYAZBULUT\.nuget\packages\mono.texttemplating\3.0.0\buildTransitive\Mono.TextTemplating.targets" from project "C:\Users\MBEYAZBULUT\Documents\GitHub\EnvanteriX\Presentation\EnvanteriX.WebUI\EnvanteriX.WebUI.csproj" (entry point):
   1:7>Task "Warning" skipped, due to false condition; ('$(_Mono_TextTemplating_Warn_Compat_Tfm)' != '') was evaluated as ('' != '').
   1:7>Done building target "NETStandardCompatError_Mono_TextTemplating_net6_0" in project "EnvanteriX.WebUI.csproj".
       Target "_CheckForUnsupportedTargetFramework" skipped, due to false condition; ('$(_UnsupportedTargetFrameworkError)' == 'true') was evaluated as ('' == 'true').
   1:7>Target "_CollectTargetFrameworkForTelemetry" in file "C:\Program Files\dotnet\sdk\9.0.302\Sdks\Microsoft.NET.Sdk\targets\Microsoft.NET.TargetFrameworkInference.targets" from project "C:\Users\MBEYAZBULUT\Documents\GitHub\EnvanteriX\Presentation\EnvanteriX.WebUI\EnvanteriX.WebUI.csproj" (target "_CheckForInvalidConfigurationAndPlatform" depends on it):
       Using "AllowEmptyTelemetry" task from assembly "C:\Program Files\dotnet\sdk\9.0.302\Sdks\Microsoft.NET.Sdk\targets\..\tools\net9.0\Microsoft.NET.Build.Tasks.dll".
       Task "AllowEmptyTelemetry"
       Done executing task "AllowEmptyTelemetry".
   1:7>Done building target "_CollectTargetFrameworkForTelemetry" in project "EnvanteriX.WebUI.csproj".
       Target "_CheckForUnsupportedTargetPlatformIdentifier" skipped, due to false condition; ('$(TargetPlatformIdentifier)' != '' and '$(TargetFrameworkIdentifier)' == '.NETCoreApp' and $([MSBuild]::VersionGreaterThanOrEquals($(TargetFrameworkVersion), 5.0)) And ('$(DesignTimeBuild)' != 'true' Or '@(MissingWorkloadPack)' == '')) was evaluated as ('' != '' and '.NETCoreApp' == '.NETCoreApp' and True And ('' != 'true' Or '' == '')).
       Target "_CheckForMissingWorkload" skipped, due to false condition; ('@(MissingWorkloadPack)' != '' And '$(DesignTimeBuild)' != 'true') was evaluated as ('' != '' And '' != 'true').
   1:7>Target "_CheckForUnsupportedNETCoreVersion" in file "C:\Program Files\dotnet\sdk\9.0.302\Sdks\Microsoft.NET.Sdk\targets\Microsoft.NET.TargetFrameworkInference.targets" from project "C:\Users\MBEYAZBULUT\Documents\GitHub\EnvanteriX\Presentation\EnvanteriX.WebUI\EnvanteriX.WebUI.csproj" (target "_CheckForInvalidConfigurationAndPlatform" depends on it):
       Task "NETSdkError" skipped, due to false condition; ('$(_TargetFrameworkVersionWithoutV)' > '$(NETCoreAppMaximumVersion)' and '$(DisplayVSMessage)' != 'true') was evaluated as ('9.0' > '9.0' and '' != 'true').
       Task "NETSdkError" skipped, due to false condition; ('$(DisplayVSMessage)' == 'true') was evaluated as ('' == 'true').
   1:7>Done building target "_CheckForUnsupportedNETCoreVersion" in project "EnvanteriX.WebUI.csproj".
       Target "_CheckForEolTargetFrameworks" skipped, due to false condition; ('@(_EolNetCoreTargetFrameworkVersions->AnyHaveMetadataValue('Identity', '$(_TargetFrameworkVersionWithoutV)'))' and '$(TargetFrameworkIdentifier)' == '.NETCoreApp' and '$(CheckEolTargetFramework)' == 'true') was evaluated as ('false' and '.NETCoreApp' == '.NETCoreApp' and 'true' == 'true').
       Target "_CheckForEolWorkloads" skipped, due to false condition; ('@(EolWorkload)' != '' and '$(CheckEolWorkloads)' == 'true') was evaluated as ('' != '' and 'true' == 'true').
       Target "_CheckForNotRecommendedNETStandardVersion" skipped, due to false condition; ('$(TargetFrameworkIdentifier)' == '.NETStandard' and $([MSBuild]::VersionLessThan($(TargetFrameworkVersion), '2.0'))) was evaluated as ('.NETCoreApp' == '.NETStandard' and False).
   1:7>Target "_CheckForUnsupportedCppNETCoreVersion" in file "C:\Program Files\dotnet\sdk\9.0.302\Sdks\Microsoft.NET.Sdk\targets\Microsoft.NET.TargetFrameworkInference.targets" from project "C:\Users\MBEYAZBULUT\Documents\GitHub\EnvanteriX\Presentation\EnvanteriX.WebUI\EnvanteriX.WebUI.csproj" (target "_CheckForInvalidConfigurationAndPlatform" depends on it):
       Task "NETSdkError" skipped, due to false condition; ('$(TargetFrameworkIdentifier)' == '.NETCoreApp' and '$(_TargetFrameworkVersionWithoutV)' < '3.1' and ('$(Language)' == 'C++' and '$(_EnablePackageReferencesInVCProjects)' != 'true')) was evaluated as ('.NETCoreApp' == '.NETCoreApp' and '9.0' < '3.1' and ('C#' == 'C++' and '' != 'true')).
   1:7>Done building target "_CheckForUnsupportedCppNETCoreVersion" in project "EnvanteriX.WebUI.csproj".
       Target "_CheckForUnsupportedNETStandardVersion" skipped, due to false condition; ('$(TargetFrameworkIdentifier)' == '.NETStandard' And '$(NETStandardMaximumVersion)' != '') was evaluated as ('.NETCoreApp' == '.NETStandard' And '' != '').
       Target "_CheckForUnsupportedTargetFrameworkAndFeatureCombination" skipped, due to false condition; ('$(TargetFrameworkIdentifier)' == '.NETFramework') was evaluated as ('.NETCoreApp' == '.NETFramework').
       Target "_CheckForSupportedOSPlatformVersionHigherThanTargetPlatformVersion" skipped, due to false condition; ('$(TargetPlatformVersion)' != '' and '$(TargetFrameworkIdentifier)' == '.NETCoreApp' and $([MSBuild]::VersionGreaterThanOrEquals($(TargetFrameworkVersion), 5.0))) was evaluated as ('' != '' and '.NETCoreApp' == '.NETCoreApp' and True).
       Target "_CheckForInvalidTargetPlatformVersion" skipped, due to false condition; ('$(TargetPlatformVersion)' != '' and '$(TargetFrameworkIdentifier)' == '.NETCoreApp' and $([MSBuild]::VersionGreaterThanOrEquals($(TargetFrameworkVersion), 5.0)) and ('$(Language)' != 'C++' or '$(_EnablePackageReferencesInVCProjects)' == 'true')) was evaluated as ('' != '' and '.NETCoreApp' == '.NETCoreApp' and True and ('C#' != 'C++' or '' == 'true')).
   1:7>Target "_CheckForUnsupportedArtifactsPath" in file "C:\Program Files\dotnet\sdk\9.0.302\Sdks\Microsoft.NET.Sdk\targets\Microsoft.NET.DefaultOutputPaths.targets" from project "C:\Users\MBEYAZBULUT\Documents\GitHub\EnvanteriX\Presentation\EnvanteriX.WebUI\EnvanteriX.WebUI.csproj" (target "_CheckForInvalidConfigurationAndPlatform" depends on it):
       Task "NetSdkError" skipped, due to false condition; ('$(UseArtifactsOutput)' == 'true' and '$(_ArtifactsPathSetEarly)' != 'true') was evaluated as ('' == 'true' and '' != 'true').
       Task "NetSdkError" skipped, due to false condition; ('$(_ArtifactsPathLocationType)' == 'ProjectFolder') was evaluated as ('' == 'ProjectFolder').
   1:7>Done building target "_CheckForUnsupportedArtifactsPath" in project "EnvanteriX.WebUI.csproj".
       Target "_CheckForMissingWorkload" skipped, due to false condition; ('@(MissingWorkloadPack)' != '' And '$(DesignTimeBuild)' != 'true') was evaluated as ('' != '' And '' != 'true').
   1:7>Target "_CheckForUnsupportedAppHostUsage" in file "C:\Program Files\dotnet\sdk\9.0.302\Sdks\Microsoft.NET.Sdk\targets\Microsoft.NET.RuntimeIdentifierInference.targets" from project "C:\Users\MBEYAZBULUT\Documents\GitHub\EnvanteriX\Presentation\EnvanteriX.WebUI\EnvanteriX.WebUI.csproj" (target "_CheckForInvalidConfigurationAndPlatform" depends on it):
       Task "NETSdkError" skipped, due to false condition; ('$(SelfContained)' == 'true' and '$(RuntimeIdentifier)' == '' and '$(AllowSelfContainedWithoutRuntimeIdentifier)' != 'true') was evaluated as ('false' == 'true' and '' == '' and '' != 'true').
       Task "NETSdkError" skipped, due to false condition; ('$(PublishReadyToRun)' == 'true' and '$(RuntimeIdentifier)' == '' and '$(_IsPublishing)' == 'true') was evaluated as ('' == 'true' and '' == '' and '' == 'true').
       Task "NETSdkError" skipped, due to false condition; ('$(PublishSingleFile)' == 'true' and '$(RuntimeIdentifier)' == '' and '$(_IsPublishing)' == 'true') was evaluated as ('' == 'true' and '' == '' and '' == 'true').
       Task "NETSdkError" skipped, due to false condition; ('$(PublishAot)' == 'true' and '$(RuntimeIdentifier)' == '' and '$(_IsPublishing)' == 'true' and '$(AllowPublishAotWithoutRuntimeIdentifier)' != 'true') was evaluated as ('' == 'true' and '' == '' and '' == 'true' and '' != 'true').
       Task "NETSdkError" skipped, due to false condition; ('$(PublishSelfContained)' != 'true' and '$(PublishSelfContained)' != 'false' and '$(PublishSelfContained)' != '') was evaluated as ('' != 'true' and '' != 'false' and '' != '').
       Task "NETSdkError" skipped, due to false condition; ('$(SelfContained)' == 'true' and '$(UseAppHost)' != 'true' and '$(_RuntimeIdentifierUsesAppHost)' == 'true') was evaluated as ('false' == 'true' and 'true' != 'true' and 'true' == 'true').
       Task "NETSdkError" skipped, due to false condition; ('$(SelfContained)' != 'true' and '$(UseAppHost)' == 'true' and '$(_TargetFrameworkVersionWithoutV)' < '2.1') was evaluated as ('false' != 'true' and 'true' == 'true' and '9.0' < '2.1').
       Task "NETSdkError" skipped, due to false condition; ('$(PublishSingleFile)' == 'true' and '$(_TargetFrameworkVersionWithoutV)' < '3.0') was evaluated as ('' == 'true' and '9.0' < '3.0').
       Task "NETSdkWarning" skipped, due to false condition; ('$(PublishReadyToRun)' == 'true' and '$(_TargetFrameworkVersionWithoutV)' < '3.0') was evaluated as ('' == 'true' and '9.0' < '3.0').
       Task "NETSdkWarning" skipped, due to false condition; ('$(RuntimeIdentifier)' != '' and '$(_TargetFrameworkVersionWithoutV)' != '' and $([MSBuild]::VersionLessThan($(_TargetFrameworkVersionWithoutV), '8.0')) and '$(_SelfContainedWasSpecified)' != 'true') was evaluated as ('' != '' and '9.0' != '' and False and '' != 'true').
       Task "NetSdkError" skipped, due to false condition; (('$(UseWindowsForms)' == 'true') and ('$(PublishTrimmed)' == 'true') and ('$(_SuppressWinFormsTrimError)' != 'true')) was evaluated as (('' == 'true') and ('' == 'true') and ('' != 'true')).
       Task "NetSdkError" skipped, due to false condition; (('$(UseWpf)' == 'true') and ('$(PublishTrimmed)' == 'true') and ('$(_SuppressWpfTrimError)' != 'true')) was evaluated as (('' == 'true') and ('' == 'true') and ('' != 'true')).
   1:7>Done building target "_CheckForUnsupportedAppHostUsage" in project "EnvanteriX.WebUI.csproj".
   1:7>Target "_CheckForUnsupportedHostingUsage" in file "C:\Program Files\dotnet\sdk\9.0.302\Sdks\Microsoft.NET.Sdk\targets\Microsoft.NET.RuntimeIdentifierInference.targets" from project "C:\Users\MBEYAZBULUT\Documents\GitHub\EnvanteriX\Presentation\EnvanteriX.WebUI\EnvanteriX.WebUI.csproj" (target "_CheckForInvalidConfigurationAndPlatform" depends on it):
       Task "NETSdkWarning" skipped, due to false condition; ('$(SelfContained)' == 'true' and '$(EnableComHosting)' == 'true') was evaluated as ('false' == 'true' and '' == 'true').
   1:7>Done building target "_CheckForUnsupportedHostingUsage" in project "EnvanteriX.WebUI.csproj".
   1:7>Target "_CheckAndUnsetUnsupportedPrefer32Bit" in file "C:\Program Files\dotnet\sdk\9.0.302\Sdks\Microsoft.NET.Sdk\targets\Microsoft.NET.RuntimeIdentifierInference.targets" from project "C:\Users\MBEYAZBULUT\Documents\GitHub\EnvanteriX\Presentation\EnvanteriX.WebUI\EnvanteriX.WebUI.csproj" (target "_CheckForInvalidConfigurationAndPlatform" depends on it):
       Task "NETSdkWarning" skipped, due to false condition; ('$(Prefer32Bit)' == 'true') was evaluated as ('false' == 'true').
   1:7>Done building target "_CheckAndUnsetUnsupportedPrefer32Bit" in project "EnvanteriX.WebUI.csproj".
       Target "_CheckAndUnsetUnsupportedPreferNativeArm64" skipped, due to false condition; ('$(TargetFrameworkIdentifier)' == '.NETCoreApp' and '$(PreferNativeArm64)' == 'true') was evaluated as ('.NETCoreApp' == '.NETCoreApp' and 'false' == 'true').
       Target "_CheckForMismatchingPlatform" skipped, due to false condition; ('$(RuntimeIdentifier)' != '' and '$(PlatformTarget)' != '') was evaluated as ('' != '' and '' != '').
   1:7>Target "_CheckForLanguageAndFeatureCombinationSupport" in file "C:\Program Files\dotnet\sdk\9.0.302\Sdks\Microsoft.NET.Sdk\targets\Microsoft.NET.RuntimeIdentifierInference.targets" from project "C:\Users\MBEYAZBULUT\Documents\GitHub\EnvanteriX\Presentation\EnvanteriX.WebUI\EnvanteriX.WebUI.csproj" (target "_CheckForInvalidConfigurationAndPlatform" depends on it):
       Task "NETSdkError" skipped, due to false condition; (('$(Language)' == 'C++' and '$(_EnablePackageReferencesInVCProjects)' != 'true') and $(OutputType) != 'library' and '$(TargetFrameworkIdentifier)' == '.NETCoreApp') was evaluated as (('C#' == 'C++' and '' != 'true') and Exe != 'library' and '.NETCoreApp' == '.NETCoreApp').
       Task "NETSdkError" skipped, due to false condition; (('$(Language)' == 'C++' and '$(_EnablePackageReferencesInVCProjects)' != 'true') and $(EnableComHosting) == 'true') was evaluated as (('C#' == 'C++' and '' != 'true') and  == 'true').
       Task "NETSdkError" skipped, due to false condition; (('$(Language)' == 'C++' and '$(_EnablePackageReferencesInVCProjects)' != 'true') and $(SelfContained) == 'true') was evaluated as (('C#' == 'C++' and '' != 'true') and false == 'true').
   1:7>Done building target "_CheckForLanguageAndFeatureCombinationSupport" in project "EnvanteriX.WebUI.csproj".
       Target "_CheckForNETCoreSdkIsPreview" skipped, due to false condition; ( '$(_NETCoreSdkIsPreview)' == 'true' AND '$(SuppressNETCoreSdkPreviewMessage)' != 'true' ) was evaluated as ( 'false' == 'true' AND '' != 'true' ).
   1:7>Target "_GetProjectJsonPath" in file "C:\Program Files\dotnet\sdk\9.0.302\NuGet.targets" from project "C:\Users\MBEYAZBULUT\Documents\GitHub\EnvanteriX\Presentation\EnvanteriX.WebUI\EnvanteriX.WebUI.csproj" (target "_GetRestoreProjectStyle" depends on it):
       Task "GetRestoreProjectJsonPathTask" skipped, due to false condition; ( '$(RestoreProjectStyle)' == 'ProjectJson' OR '$(RestoreProjectStyle)' == '' ) was evaluated as ( 'PackageReference' == 'ProjectJson' OR 'PackageReference' == '' ).
   1:7>Done building target "_GetProjectJsonPath" in project "EnvanteriX.WebUI.csproj".
       Target "_CheckForUnsupportedTargetPlatformIdentifier" skipped, due to false condition; ('$(TargetPlatformIdentifier)' != '' and '$(TargetFrameworkIdentifier)' == '.NETCoreApp' and $([MSBuild]::VersionGreaterThanOrEquals($(TargetFrameworkVersion), 5.0)) And ('$(DesignTimeBuild)' != 'true' Or '@(MissingWorkloadPack)' == '')) was evaluated as ('' != '' and '.NETCoreApp' == '.NETCoreApp' and True And ('' != 'true' Or '' == '')).
       Target "_CheckForMissingWorkload" skipped, due to false condition; ('@(MissingWorkloadPack)' != '' And '$(DesignTimeBuild)' != 'true') was evaluated as ('' != '' And '' != 'true').
       Target "_CheckForNotRecommendedNETStandardVersion" skipped, due to false condition; ('$(TargetFrameworkIdentifier)' == '.NETStandard' and $([MSBuild]::VersionLessThan($(TargetFrameworkVersion), '2.0'))) was evaluated as ('.NETCoreApp' == '.NETStandard' and False).
       Target "_CheckForUnsupportedNETStandardVersion" skipped, due to false condition; ('$(TargetFrameworkIdentifier)' == '.NETStandard' And '$(NETStandardMaximumVersion)' != '') was evaluated as ('.NETCoreApp' == '.NETStandard' And '' != '').
       Target "_CheckForUnsupportedTargetFrameworkAndFeatureCombination" skipped, due to false condition; ('$(TargetFrameworkIdentifier)' == '.NETFramework') was evaluated as ('.NETCoreApp' == '.NETFramework').
   1:7>Target "UpdateAspNetToFrameworkReference" in file "C:\Program Files\dotnet\sdk\9.0.302\Sdks\Microsoft.NET.Sdk\targets\Microsoft.NET.Sdk.DefaultItems.Shared.targets" from project "C:\Users\MBEYAZBULUT\Documents\GitHub\EnvanteriX\Presentation\EnvanteriX.WebUI\EnvanteriX.WebUI.csproj" (target "ApplyImplicitVersions" depends on it):
       Using "CheckIfPackageReferenceShouldBeFrameworkReference" task from assembly "C:\Program Files\dotnet\sdk\9.0.302\Sdks\Microsoft.NET.Sdk\targets\..\tools\net9.0\Microsoft.NET.Build.Tasks.dll".
       Task "CheckIfPackageReferenceShouldBeFrameworkReference"
       Done executing task "CheckIfPackageReferenceShouldBeFrameworkReference".
       Task "NETSdkError" skipped, due to false condition; ('$(_ShouldRemoveAspNetCoreAll)' == 'true') was evaluated as ('False' == 'true').
       Task "CheckIfPackageReferenceShouldBeFrameworkReference"
       Done executing task "CheckIfPackageReferenceShouldBeFrameworkReference".
       Task "NETSdkWarning" skipped, due to false condition; ('$(_ShouldRemoveAspNetCoreApp)' == 'true') was evaluated as ('False' == 'true').
   1:7>Done building target "UpdateAspNetToFrameworkReference" in project "EnvanteriX.WebUI.csproj".
       Target "IncludeTargetingPackReference" skipped, due to false condition; ('$(TargetFrameworkMoniker)' != '' and '$(TargetFrameworkIdentifier)' == '.NETFramework' and '$(AutomaticallyUseReferenceAssemblyPackages)' == 'true') was evaluated as ('.NETCoreApp,Version=v9.0' != '' and '.NETCoreApp' == '.NETFramework' and 'true' == 'true').
   1:7>Target "CheckForImplicitPackageReferenceOverrides" in file "C:\Program Files\dotnet\sdk\9.0.302\Sdks\Microsoft.NET.Sdk\targets\Microsoft.NET.Sdk.DefaultItems.Shared.targets" from project "C:\Users\MBEYAZBULUT\Documents\GitHub\EnvanteriX\Presentation\EnvanteriX.WebUI\EnvanteriX.WebUI.csproj" (target "ApplyImplicitVersions" depends on it):
       Using "CheckForImplicitPackageReferenceOverrides" task from assembly "C:\Program Files\dotnet\sdk\9.0.302\Sdks\Microsoft.NET.Sdk\targets\..\tools\net9.0\Microsoft.NET.Build.Tasks.dll".
       Task "CheckForImplicitPackageReferenceOverrides"
       Done executing task "CheckForImplicitPackageReferenceOverrides".
   1:7>Done building target "CheckForImplicitPackageReferenceOverrides" in project "EnvanteriX.WebUI.csproj".
   1:7>Target "ApplyImplicitVersions" in file "C:\Program Files\dotnet\sdk\9.0.302\Sdks\Microsoft.NET.Sdk\targets\Microsoft.NET.Sdk.DefaultItems.Shared.targets" from project "C:\Users\MBEYAZBULUT\Documents\GitHub\EnvanteriX\Presentation\EnvanteriX.WebUI\EnvanteriX.WebUI.csproj" (target "CollectPackageReferences" depends on it):
       Using "ApplyImplicitVersions" task from assembly "C:\Program Files\dotnet\sdk\9.0.302\Sdks\Microsoft.NET.Sdk\targets\..\tools\net9.0\Microsoft.NET.Build.Tasks.dll".
       Task "ApplyImplicitVersions"
       Done executing task "ApplyImplicitVersions".
   1:7>Done building target "ApplyImplicitVersions" in project "EnvanteriX.WebUI.csproj".
       Target "CheckForImplicitPackageReferenceOverrides" skipped. Previously built successfully.
       Target "AddWindowsSdkKnownFrameworkReferences" skipped, due to false condition; ('$(TargetFrameworkIdentifier)' == '.NETCoreApp' And '$(TargetPlatformIdentifier)' == 'Windows'
                            And ('$(Language)' != 'C++' Or '$(IncludeWindowsSDKRefFrameworkReferences)' == 'true')) was evaluated as ('.NETCoreApp' == '.NETCoreApp' And '' == 'Windows'
                            And ('C#' != 'C++' Or '' == 'true')).
       Target "_NormalizeTargetPlatformVersion" skipped, due to false condition; ('$(TargetPlatformVersion)' != '' and '$(TargetFrameworkIdentifier)' == '.NETCoreApp' and $([MSBuild]::VersionGreaterThanOrEquals($(TargetFrameworkVersion), 5.0)) and ('$(Language)' != 'C++' or '$(_EnablePackageReferencesInVCProjects)' == 'true')) was evaluated as ('' != '' and '.NETCoreApp' == '.NETCoreApp' and True and ('C#' != 'C++' or '' == 'true')).
   1:7>Target "_ComputeToolPackInputsToProcessFrameworkReferences" in file "C:\Program Files\dotnet\sdk\9.0.302\Sdks\Microsoft.NET.Sdk\targets\Microsoft.NET.Publish.targets" from project "C:\Users\MBEYAZBULUT\Documents\GitHub\EnvanteriX\Presentation\EnvanteriX.WebUI\EnvanteriX.WebUI.csproj" (target "ProcessFrameworkReferences" depends on it):
   1:7>Done building target "_ComputeToolPackInputsToProcessFrameworkReferences" in project "EnvanteriX.WebUI.csproj".
   1:7>Target "ProcessFrameworkReferences" in file "C:\Program Files\dotnet\sdk\9.0.302\Sdks\Microsoft.NET.Sdk\targets\Microsoft.NET.Sdk.FrameworkReferenceResolution.targets" from project "C:\Users\MBEYAZBULUT\Documents\GitHub\EnvanteriX\Presentation\EnvanteriX.WebUI\EnvanteriX.WebUI.csproj" (target "CollectPackageReferences" depends on it):
       Using "CheckForDuplicateFrameworkReferences" task from assembly "C:\Program Files\dotnet\sdk\9.0.302\Sdks\Microsoft.NET.Sdk\targets\..\tools\net9.0\Microsoft.NET.Build.Tasks.dll".
       Task "CheckForDuplicateFrameworkReferences"
       Done executing task "CheckForDuplicateFrameworkReferences".
       Using "ProcessFrameworkReferences" task from assembly "C:\Program Files\dotnet\sdk\9.0.302\Sdks\Microsoft.NET.Sdk\targets\..\tools\net9.0\Microsoft.NET.Build.Tasks.dll".
       Task "ProcessFrameworkReferences"
       Done executing task "ProcessFrameworkReferences".
       Using "ResolveAppHosts" task from assembly "C:\Program Files\dotnet\sdk\9.0.302\Sdks\Microsoft.NET.Sdk\targets\..\tools\net9.0\Microsoft.NET.Build.Tasks.dll".
       Task "ResolveAppHosts"
       Done executing task "ResolveAppHosts".
   1:7>Done building target "ProcessFrameworkReferences" in project "EnvanteriX.WebUI.csproj".
       Target "IncludeTargetingPackReference" skipped, due to false condition; ('$(TargetFrameworkMoniker)' != '' and '$(TargetFrameworkIdentifier)' == '.NETFramework' and '$(AutomaticallyUseReferenceAssemblyPackages)' == 'true') was evaluated as ('.NETCoreApp,Version=v9.0' != '' and '.NETCoreApp' == '.NETFramework' and 'true' == 'true').
       Target "_CheckMicrosoftNetCompilersToolsetFrameworkPackageReference" skipped, due to false condition; ('$(MSBuildRuntimeType)' == 'Full') was evaluated as ('Core' == 'Full').
   1:7>Target "_CheckForObsoleteDotNetCliToolReferences" in file "C:\Program Files\dotnet\sdk\9.0.302\Sdks\Microsoft.NET.Sdk\targets\Microsoft.NET.ObsoleteReferences.targets" from project "C:\Users\MBEYAZBULUT\Documents\GitHub\EnvanteriX\Presentation\EnvanteriX.WebUI\EnvanteriX.WebUI.csproj" (target "CollectPackageReferences" depends on it):
       Task "NETSdkWarning" skipped, due to false condition; ( '%(_ReferenceToObsoleteDotNetCliTool.Identity)' != '' ) was evaluated as ( '' != '' ).
   1:7>Done building target "_CheckForObsoleteDotNetCliToolReferences" in project "EnvanteriX.WebUI.csproj".
   1:7>Target "CollectPackageReferences" in file "C:\Program Files\dotnet\sdk\9.0.302\NuGet.targets" from project "C:\Users\MBEYAZBULUT\Documents\GitHub\EnvanteriX\Presentation\EnvanteriX.WebUI\EnvanteriX.WebUI.csproj" (target "_GetRestoreProjectStyle" depends on it):
       Using "CheckForDuplicateNuGetItemsTask" task from assembly "C:\Program Files\dotnet\sdk\9.0.302\NuGet.Build.Tasks.dll".
       Task "CheckForDuplicateNuGetItemsTask"
       Done executing task "CheckForDuplicateNuGetItemsTask".
   1:7>Done building target "CollectPackageReferences" in project "EnvanteriX.WebUI.csproj".
   1:7>Target "_GetRestoreProjectStyle" in file "C:\Program Files\dotnet\sdk\9.0.302\NuGet.targets" from project "C:\Users\MBEYAZBULUT\Documents\GitHub\EnvanteriX\Presentation\EnvanteriX.WebUI\EnvanteriX.WebUI.csproj" (target "EnableIntermediateOutputPathMismatchWarning" depends on it):
       Using "GetRestoreProjectStyleTask" task from assembly "C:\Program Files\dotnet\sdk\9.0.302\NuGet.Build.Tasks.dll".
       Task "GetRestoreProjectStyleTask"
       Done executing task "GetRestoreProjectStyleTask".
   1:7>Done building target "_GetRestoreProjectStyle" in project "EnvanteriX.WebUI.csproj".
   1:7>Target "EnableIntermediateOutputPathMismatchWarning" in file "C:\Program Files\dotnet\sdk\9.0.302\NuGet.targets" from project "C:\Users\MBEYAZBULUT\Documents\GitHub\EnvanteriX\Presentation\EnvanteriX.WebUI\EnvanteriX.WebUI.csproj" (target "_CheckForInvalidConfigurationAndPlatform" depends on it):
   1:7>Done building target "EnableIntermediateOutputPathMismatchWarning" in project "EnvanteriX.WebUI.csproj".
       Target "ApplyImplicitVersions" skipped. Previously built successfully.
       Target "CheckForImplicitPackageReferenceOverrides" skipped. Previously built successfully.
   1:7>Target "CheckForDuplicateItems" in file "C:\Program Files\dotnet\sdk\9.0.302\Sdks\Microsoft.NET.Sdk\targets\Microsoft.NET.Sdk.DefaultItems.Shared.targets" from project "C:\Users\MBEYAZBULUT\Documents\GitHub\EnvanteriX\Presentation\EnvanteriX.WebUI\EnvanteriX.WebUI.csproj" (target "_CheckForInvalidConfigurationAndPlatform" depends on it):
       Using "CheckForDuplicateItems" task from assembly "C:\Program Files\dotnet\sdk\9.0.302\Sdks\Microsoft.NET.Sdk\targets\..\tools\net9.0\Microsoft.NET.Build.Tasks.dll".
       Task "CheckForDuplicateItems"
       Done executing task "CheckForDuplicateItems".
       Task "CheckForDuplicateItems"
       Done executing task "CheckForDuplicateItems".
       Task "CheckForDuplicateItems"
       Done executing task "CheckForDuplicateItems".
   1:7>Done building target "CheckForDuplicateItems" in project "EnvanteriX.WebUI.csproj".
       Target "WarnForExplicitVersions" skipped, due to false condition; ('@(SdkBuildWarning)' != '') was evaluated as ('' != '').
       Target "_CheckForFailedSDKResolution" skipped, due to false condition; ('$(SdkResolverHonoredGlobalJson)' == 'false') was evaluated as ('' == 'false').
       Target "_WarnWhenUsingNET9AndVSPriorTo1712" skipped, due to false condition; ($([MSBuild]::VersionLessThan($(MSBuildVersion), '17.12.0')) and '$(TargetFrameworkIdentifier)' == '.NETCoreApp' and $([MSBuild]::VersionGreaterThanOrEquals($(_TargetFrameworkVersionWithoutV), '9.0'))) was evaluated as (False and '.NETCoreApp' == '.NETCoreApp' and True).
       Target "_CheckForInvalidWindowsDesktopTargetingConfiguration" skipped, due to false condition; ('$(TargetFrameworkIdentifier)' == '.NETCoreApp' and $([MSBuild]::VersionGreaterThanOrEquals($(_TargetFrameworkVersionWithoutV), '5.0')) and ('$(UseWindowsForms)' == 'true' or '$(UseWPF)' == 'true')) was evaluated as ('.NETCoreApp' == '.NETCoreApp' and True and ('' == 'true' or '' == 'true')).
       Target "_CheckForUnnecessaryWindowsDesktopSDK" skipped, due to false condition; ('$(TargetFrameworkIdentifier)' == '.NETCoreApp' and $([MSBuild]::VersionGreaterThanOrEquals($(_TargetFrameworkVersionWithoutV), '5.0')) and '$(_MicrosoftWindowsDesktopSdkImported)' == 'true' and '$(TargetFrameworks)' == '') was evaluated as ('.NETCoreApp' == '.NETCoreApp' and True and '' == 'true' and '' == '').
       Target "ProcessFrameworkReferences" skipped. Previously built successfully.
       Target "IncludeTargetingPackReference" skipped, due to false condition; ('$(TargetFrameworkMoniker)' != '' and '$(TargetFrameworkIdentifier)' == '.NETFramework' and '$(AutomaticallyUseReferenceAssemblyPackages)' == 'true') was evaluated as ('.NETCoreApp,Version=v9.0' != '' and '.NETCoreApp' == '.NETFramework' and 'true' == 'true').
   1:7>Target "_CheckForInvalidConfigurationAndPlatform" in file "C:\Program Files\dotnet\sdk\9.0.302\Microsoft.Common.CurrentVersion.targets" from project "C:\Users\MBEYAZBULUT\Documents\GitHub\EnvanteriX\Presentation\EnvanteriX.WebUI\EnvanteriX.WebUI.csproj" (target "BeforeBuild" depends on it):
       Task "MSBuildInternalMessage" skipped, due to false condition; ('$(_InvalidConfigurationMessageSeverity)' != '') was evaluated as ('' != '').
       Task "Message"
         Configuration=Debug
       Done executing task "Message".
       Task "Message"
         Platform=AnyCPU
       Done executing task "Message".
       Task "MSBuildInternalMessage" skipped, due to false condition; ('$(OutDir)' != '' and !HasTrailingSlash('$(OutDir)')) was evaluated as ('bin\Debug\net9.0\' != '' and !HasTrailingSlash('bin\Debug\net9.0\')).
       Task "MSBuildInternalMessage" skipped, due to false condition; ('$(IntermediateOutputPath)' != '' and !HasTrailingSlash('$(IntermediateOutputPath)')) was evaluated as ('obj\Debug\net9.0\' != '' and !HasTrailingSlash('obj\Debug\net9.0\')).
       Task "MSBuildInternalMessage" skipped, due to false condition; ('$(BaseIntermediateOutputPath)' != '' and !HasTrailingSlash('$(BaseIntermediateOutputPath)')) was evaluated as ('C:\Users\MBEYAZBULUT\Documents\GitHub\EnvanteriX\Presentation\EnvanteriX.WebUI\obj\' != '' and !HasTrailingSlash('C:\Users\MBEYAZBULUT\Documents\GitHub\EnvanteriX\Presentation\EnvanteriX.WebUI\obj\')).
       Task "MSBuildInternalMessage" skipped, due to false condition; ( '$(Prefer32Bit)' == 'true' and '$(PreferNativeArm64)' == 'true' ) was evaluated as ( 'false' == 'true' and 'false' == 'true' ).
       Task "MSBuildInternalMessage" skipped, due to false condition; ( '$(NoWin32Manifest)' == 'true' and '$(PreferNativeArm64)' == 'true' ) was evaluated as ( '' == 'true' and 'false' == 'true' ).
       Task "MSBuildInternalMessage" skipped, due to false condition; ( '$(PreferNativeArm64)' == 'true' and '$(Platform)' != 'AnyCPU' ) was evaluated as ( 'false' == 'true' and 'AnyCPU' != 'AnyCPU' ).
       Task "MSBuildInternalMessage" skipped, due to false condition; ( '$(_InitialMSBuildProjectExtensionsPath)' != '' And '$(MSBuildProjectExtensionsPath)' != '$(_InitialMSBuildProjectExtensionsPath)' ) was evaluated as ( 'C:\Users\MBEYAZBULUT\Documents\GitHub\EnvanteriX\Presentation\EnvanteriX.WebUI\obj\' != '' And 'C:\Users\MBEYAZBULUT\Documents\GitHub\EnvanteriX\Presentation\EnvanteriX.WebUI\obj\' != 'C:\Users\MBEYAZBULUT\Documents\GitHub\EnvanteriX\Presentation\EnvanteriX.WebUI\obj\' ).
       Task "MSBuildInternalMessage" skipped, due to false condition; ( '$(EnableBaseIntermediateOutputPathMismatchWarning)' == 'true' And '$(_InitialBaseIntermediateOutputPath)' != '$(BaseIntermediateOutputPath)' And '$(BaseIntermediateOutputPath)' != '$(MSBuildProjectExtensionsPath)' ) was evaluated as ( 'true' == 'true' And 'obj\' != 'C:\Users\MBEYAZBULUT\Documents\GitHub\EnvanteriX\Presentation\EnvanteriX.WebUI\obj\' And 'C:\Users\MBEYAZBULUT\Documents\GitHub\EnvanteriX\Presentation\EnvanteriX.WebUI\obj\' != 'C:\Users\MBEYAZBULUT\Documents\GitHub\EnvanteriX\Presentation\EnvanteriX.WebUI\obj\' ).
   1:7>Done building target "_CheckForInvalidConfigurationAndPlatform" in project "EnvanteriX.WebUI.csproj".
   1:7>Target "ValidateCommandLineProperties" in file "C:\Program Files\dotnet\sdk\9.0.302\Sdks\Microsoft.NET.Sdk\targets\Microsoft.NET.Sdk.targets" from project "C:\Users\MBEYAZBULUT\Documents\GitHub\EnvanteriX\Presentation\EnvanteriX.WebUI\EnvanteriX.WebUI.csproj" (target "BeforeBuild" depends on it):
   1:7>Done building target "ValidateCommandLineProperties" in project "EnvanteriX.WebUI.csproj".
   1:7>Target "BeforeBuild" in file "C:\Program Files\dotnet\sdk\9.0.302\Microsoft.Common.CurrentVersion.targets" from project "C:\Users\MBEYAZBULUT\Documents\GitHub\EnvanteriX\Presentation\EnvanteriX.WebUI\EnvanteriX.WebUI.csproj" (target "Build" depends on it):
   1:7>Done building target "BeforeBuild" in project "EnvanteriX.WebUI.csproj".
       Target "_CheckForBuildWithNoBuild" skipped, due to false condition; ('$(NoBuild)' == 'true' and '$(GeneratePackageOnBuild)' != 'true') was evaluated as ('' == 'true' and 'false' != 'true').
   1:7>Target "BuildOnlySettings" in file "C:\Program Files\dotnet\sdk\9.0.302\Microsoft.Common.CurrentVersion.targets" from project "C:\Users\MBEYAZBULUT\Documents\GitHub\EnvanteriX\Presentation\EnvanteriX.WebUI\EnvanteriX.WebUI.csproj" (target "CoreBuild" depends on it):
       C:\Program Files\dotnet\sdk\9.0.302\Microsoft.Common.CurrentVersion.targets(1168,7): message : Property reassignment: $(BuildingProject)="true" (previous value: "false") at C:\Program Files\dotnet\sdk\9.0.302\Microsoft.Common.CurrentVersion.targets (1168,7) [C:\Users\MBEYAZBULUT\Documents\GitHub\EnvanteriX\Presentation\EnvanteriX.WebUI\EnvanteriX.WebUI.csproj]
   1:7>Done building target "BuildOnlySettings" in project "EnvanteriX.WebUI.csproj".
   1:7>Target "BundleMinify" in file "C:\Users\MBEYAZBULUT\.nuget\packages\buildbundlerminifier\3.2.449\build\BuildBundlerMinifier.targets" from project "C:\Users\MBEYAZBULUT\Documents\GitHub\EnvanteriX\Presentation\EnvanteriX.WebUI\EnvanteriX.WebUI.csproj" (target "PrepareForBuild" depends on it):
       Assembly loaded during TaskRun: BundlerMinifier, Version=3.2.449.0, Culture=neutral, PublicKeyToken=null (location: C:\Users\MBEYAZBULUT\.nuget\packages\buildbundlerminifier\3.2.449\tools\netstandard1.3\BundlerMinifier.dll, MVID: 51e683cf-ead7-46a9-9172-ede71542a6c7, AssemblyLoadContext: MSBuild plugin C:\Users\MBEYAZBULUT\.nuget\packages\buildbundlerminifier\3.2.449\tools\netstandard1.3\BundlerMinifier.dll)
       Using "BundlerMinifier.BundlerBuildTask" task from assembly "C:\Users\MBEYAZBULUT\.nuget\packages\buildbundlerminifier\3.2.449\build\..\tools\netstandard1.3\BundlerMinifier.dll".
       Task "BundlerMinifier.BundlerBuildTask"
         Assembly loaded during TaskRun (BundlerMinifier.BundlerBuildTask): System.IO.FileSystem, Version=9.0.0.0, Culture=neutral, PublicKeyToken=b03f5f7f11d50a3a (location: C:\Program Files\dotnet\shared\Microsoft.NETCore.App\9.0.7\System.IO.FileSystem.dll, MVID: 9384d1a2-694a-42d6-82a5-f7f3f940dafe, AssemblyLoadContext: Default)
         Assembly loaded during TaskRun (BundlerMinifier.BundlerBuildTask): System.Runtime.Extensions, Version=9.0.0.0, Culture=neutral, PublicKeyToken=b03f5f7f11d50a3a (location: C:\Program Files\dotnet\shared\Microsoft.NETCore.App\9.0.7\System.Runtime.Extensions.dll, MVID: 2f2a82a8-51b0-4bfb-a3a9-c2eb6bdb9b04, AssemblyLoadContext: Default)
         
         Bundler: Begin processing bundleconfig.json
         Assembly loaded during TaskRun (BundlerMinifier.BundlerBuildTask): Newtonsoft.Json, Version=9.0.0.0, Culture=neutral, PublicKeyToken=30ad4fe6b2a6aeed (location: C:\Users\MBEYAZBULUT\.nuget\packages\buildbundlerminifier\3.2.449\tools\netstandard1.3\Newtonsoft.Json.dll, MVID: 5179dd1b-79f0-47d0-ac65-7ed8a725efc1, AssemblyLoadContext: MSBuild plugin C:\Users\MBEYAZBULUT\.nuget\packages\buildbundlerminifier\3.2.449\tools\netstandard1.3\BundlerMinifier.dll)
         Assembly loaded during TaskRun (BundlerMinifier.BundlerBuildTask): System.Dynamic.Runtime, Version=9.0.0.0, Culture=neutral, PublicKeyToken=b03f5f7f11d50a3a (location: C:\Program Files\dotnet\shared\Microsoft.NETCore.App\9.0.7\System.Dynamic.Runtime.dll, MVID: aa519b7d-22d7-48ef-b7e4-bfafcce3884e, AssemblyLoadContext: Default)
         Assembly loaded during TaskRun (BundlerMinifier.BundlerBuildTask): System.IO, Version=9.0.0.0, Culture=neutral, PublicKeyToken=b03f5f7f11d50a3a (location: C:\Program Files\dotnet\shared\Microsoft.NETCore.App\9.0.7\System.IO.dll, MVID: ee0e712d-513b-4f7d-9971-760098babc7f, AssemblyLoadContext: Default)
         Assembly loaded during TaskRun (BundlerMinifier.BundlerBuildTask): System.Globalization, Version=9.0.0.0, Culture=neutral, PublicKeyToken=b03f5f7f11d50a3a (location: C:\Program Files\dotnet\shared\Microsoft.NETCore.App\9.0.7\System.Globalization.dll, MVID: 92d7f42b-50fe-434c-a753-8b9481ea261f, AssemblyLoadContext: Default)
         Assembly loaded during TaskRun (BundlerMinifier.BundlerBuildTask): System.Reflection, Version=9.0.0.0, Culture=neutral, PublicKeyToken=b03f5f7f11d50a3a (location: C:\Program Files\dotnet\shared\Microsoft.NETCore.App\9.0.7\System.Reflection.dll, MVID: d71ad421-2e04-445a-8607-4c5e9185ea97, AssemblyLoadContext: Default)
         Assembly loaded during TaskRun (BundlerMinifier.BundlerBuildTask): System.Reflection.Extensions, Version=9.0.0.0, Culture=neutral, PublicKeyToken=b03f5f7f11d50a3a (location: C:\Program Files\dotnet\shared\Microsoft.NETCore.App\9.0.7\System.Reflection.Extensions.dll, MVID: 0eb28511-6bea-4fb1-9a85-d53fdad5244a, AssemblyLoadContext: Default)
         Assembly loaded during TaskRun (BundlerMinifier.BundlerBuildTask): Anonymously Hosted DynamicMethods Assembly, Version=0.0.0.0, Culture=neutral, PublicKeyToken=null (location: , MVID: c67ae6d2-7424-4e59-a8b4-453bdb5ddda1, AssemblyLoadContext: Default)
         Assembly loaded during TaskRun (BundlerMinifier.BundlerBuildTask): System.Text.Encoding, Version=9.0.0.0, Culture=neutral, PublicKeyToken=b03f5f7f11d50a3a (location: C:\Program Files\dotnet\shared\Microsoft.NETCore.App\9.0.7\System.Text.Encoding.dll, MVID: 4059735e-3096-482e-b7f4-aaf56d935841, AssemblyLoadContext: Default)
         Bundler: No changes, skipping minification of C:\Users\MBEYAZBULUT\Documents\GitHub\EnvanteriX\Presentation\EnvanteriX.WebUI\wwwroot\css\zero.min.css
         Bundler: No changes, skipping minification of C:\Users\MBEYAZBULUT\Documents\GitHub\EnvanteriX\Presentation\EnvanteriX.WebUI\wwwroot\css\plugins.min.css
         Bundler: No changes, skipping minification of C:\Users\MBEYAZBULUT\Documents\GitHub\EnvanteriX\Presentation\EnvanteriX.WebUI\wwwroot\js\zero.min.js
         Assembly loaded during TaskRun (BundlerMinifier.BundlerBuildTask): NUglify, Version=1.5.14.0, Culture=neutral, PublicKeyToken=15bc7810aec21b5e (location: C:\Users\MBEYAZBULUT\.nuget\packages\buildbundlerminifier\3.2.449\tools\netstandard1.3\NUglify.dll, MVID: c21a2207-8f91-459a-813a-257c00d81221, AssemblyLoadContext: MSBuild plugin C:\Users\MBEYAZBULUT\.nuget\packages\buildbundlerminifier\3.2.449\tools\netstandard1.3\BundlerMinifier.dll)
         Assembly loaded during TaskRun (BundlerMinifier.BundlerBuildTask): System.Resources.ResourceManager, Version=9.0.0.0, Culture=neutral, PublicKeyToken=b03f5f7f11d50a3a (location: C:\Program Files\dotnet\shared\Microsoft.NETCore.App\9.0.7\System.Resources.ResourceManager.dll, MVID: e49f674e-e686-4534-89c5-bc98c0fd89f7, AssemblyLoadContext: Default)
   1:7>C:\Users\MBEYAZBULUT\Documents\GitHub\EnvanteriX\Presentation\EnvanteriX.WebUI\wwwroot\js\chart.min.js : Bundler & Minifier error 0: Object reference not set to an instance of an object. [C:\Users\MBEYAZBULUT\Documents\GitHub\EnvanteriX\Presentation\EnvanteriX.WebUI\EnvanteriX.WebUI.csproj]
         Bundler: No changes, skipping minification of C:\Users\MBEYAZBULUT\Documents\GitHub\EnvanteriX\Presentation\EnvanteriX.WebUI\wwwroot\js\sidebarmenu.min.js
         Bundler: Done processing bundleconfig.json
       Done executing task "BundlerMinifier.BundlerBuildTask" -- FAILED.
   1:7>Done building target "BundleMinify" in project "EnvanteriX.WebUI.csproj" -- FAILED.
   1:7>Target "_CheckForCompileOutputs" in file "C:\Program Files\dotnet\sdk\9.0.302\Microsoft.Common.CurrentVersion.targets" from project "C:\Users\MBEYAZBULUT\Documents\GitHub\EnvanteriX\Presentation\EnvanteriX.WebUI\EnvanteriX.WebUI.csproj" (target "_CleanGetCurrentAndPriorFileWrites" depends on it):
       C:\Program Files\dotnet\sdk\9.0.302\Microsoft.Common.CurrentVersion.targets(5590,7): message : Property reassignment: $(_DebugSymbolsProduced)="false" (previous value: "true") at C:\Program Files\dotnet\sdk\9.0.302\Microsoft.Common.CurrentVersion.targets (5590,7) [C:\Users\MBEYAZBULUT\Documents\GitHub\EnvanteriX\Presentation\EnvanteriX.WebUI\EnvanteriX.WebUI.csproj]
   1:7>Done building target "_CheckForCompileOutputs" in project "EnvanteriX.WebUI.csproj".
       Target "_SGenCheckForOutputs" skipped, due to false condition; ('$(_SGenGenerateSerializationAssembliesConfig)' == 'On' or ('@(WebReferenceUrl)'!='' and '$(_SGenGenerateSerializationAssembliesConfig)' == 'Auto')) was evaluated as ('Off' == 'On' or (''!='' and 'Off' == 'Auto')).
   1:7>Target "_CleanGetCurrentAndPriorFileWrites" in file "C:\Program Files\dotnet\sdk\9.0.302\Microsoft.Common.CurrentVersion.targets" from project "C:\Users\MBEYAZBULUT\Documents\GitHub\EnvanteriX\Presentation\EnvanteriX.WebUI\EnvanteriX.WebUI.csproj" (target "_CleanRecordFileWrites" depends on it):
       Using "ReadLinesFromFile" task from assembly "Microsoft.Build.Tasks.Core, Version=15.1.0.0, Culture=neutral, PublicKeyToken=b03f5f7f11d50a3a".
       Task "ReadLinesFromFile"
       Done executing task "ReadLinesFromFile".
       Task "ConvertToAbsolutePath"
       Done executing task "ConvertToAbsolutePath".
       Using "FindUnderPath" task from assembly "Microsoft.Build.Tasks.Core, Version=15.1.0.0, Culture=neutral, PublicKeyToken=b03f5f7f11d50a3a".
       Task "FindUnderPath"
         Comparison path is "C:\Users\MBEYAZBULUT\Documents\GitHub\EnvanteriX\Presentation\EnvanteriX.WebUI".
       Done executing task "FindUnderPath".
       Task "FindUnderPath"
         Comparison path is "bin\Debug\net9.0\".
       Done executing task "FindUnderPath".
       Task "FindUnderPath"
         Comparison path is "obj\Debug\net9.0\".
       Done executing task "FindUnderPath".
       Task "RemoveDuplicates"
       Done executing task "RemoveDuplicates".
   1:7>Done building target "_CleanGetCurrentAndPriorFileWrites" in project "EnvanteriX.WebUI.csproj".
   1:7>Target "_CleanRecordFileWrites" in file "C:\Program Files\dotnet\sdk\9.0.302\Microsoft.Common.CurrentVersion.targets" from project "C:\Users\MBEYAZBULUT\Documents\GitHub\EnvanteriX\Presentation\EnvanteriX.WebUI\EnvanteriX.WebUI.csproj" (target "CoreBuild" depends on it):
       Task "RemoveDuplicates"
       Done executing task "RemoveDuplicates".
       Using "MakeDir" task from assembly "Microsoft.Build.Tasks.Core, Version=15.1.0.0, Culture=neutral, PublicKeyToken=b03f5f7f11d50a3a".
       Task "MakeDir"
       Done executing task "MakeDir".
       Using "WriteLinesToFile" task from assembly "Microsoft.Build.Tasks.Core, Version=15.1.0.0, Culture=neutral, PublicKeyToken=b03f5f7f11d50a3a".
       Task "WriteLinesToFile"
         Skipping write to file "obj\Debug\net9.0\EnvanteriX.WebUI.csproj.FileListAbsolute.txt" because content would not change.
       Done executing task "WriteLinesToFile".
   1:7>Done building target "_CleanRecordFileWrites" in project "EnvanteriX.WebUI.csproj".
   1:7>Done Building Project "C:\Users\MBEYAZBULUT\Documents\GitHub\EnvanteriX\Presentation\EnvanteriX.WebUI\EnvanteriX.WebUI.csproj" (default targets) -- FAILED.

Build FAILED.

       "C:\Users\MBEYAZBULUT\Documents\GitHub\EnvanteriX\Presentation\EnvanteriX.WebUI\EnvanteriX.WebUI.csproj" (default target) (1:7) ->
       (BundleMinify target) -> 
         C:\Users\MBEYAZBULUT\Documents\GitHub\EnvanteriX\Presentation\EnvanteriX.WebUI\wwwroot\js\chart.min.js : Bundler & Minifier error 0: Object reference not set to an instance of an object. [C:\Users\MBEYAZBULUT\Documents\GitHub\EnvanteriX\Presentation\EnvanteriX.WebUI\EnvanteriX.WebUI.csproj]

    0 Warning(s)
    1 Error(s)

Time Elapsed 00:00:10.99
